feature_0,feature_1,feature_2,feature_3,feature_4,feature_5,feature_6,feature_7,feature_8,feature_9,category_A,category_B,target
1.4563787214095145,-2.7058592659141762,-1.365318306449168,-1.8529434667275635,0.8119661891730828,1.413923755790709,-1.1415151555877778,-3.458616508840754,-5.699436302670862,0.67021165563331,Type2,Low,2
-2.096469629426548,-0.5022933519198276,-1.3410034931640693,-1.5136998689646013,3.4008660622919167,-0.13221734657148,-2.9202389839063008,-0.19598707827448736,0.6702485763946499,1.0330749845985154,Type2,High,2
-0.25603996241638516,3.202747639338541,-0.2268900497464581,-0.6118862440311256,3.039970855613356,2.3907303502169372,-0.5971804293178254,2.1228087793536727,2.327231695150285,-0.3425770720815524,Type3,Low,2
1.1390098097557115,-0.38577449409078457,1.8339474531005067,-0.6561147294733389,0.5211853777372499,-0.9165470270700833,0.1853754761810562,0.7124832516058988,-0.5769423458987301,-0.24917583794395778,Type3,Low,2
-0.5898906828345873,0.01694474319340389,0.984718566106333,-2.5279829544275625,-0.3798333008843473,-1.218600181295594,-2.4311576119999576,0.2781982066978068,-0.7021415031484693,-0.37256884237644927,Type3,Medium,2
-0.31677957817008306,2.2894720535219646,0.2963663309179805,0.5792284495152445,0.6174550390430059,1.3426351147622024,0.6551930187934197,-2.6493688793680064,-1.2362706587827559,0.707626329822504,Type2,High,0
-0.13979699641509757,1.7062995447343225,0.6109213709222265,-1.3747260064404516,-0.8754840501601064,2.505135665621514,-0.3069388829918609,0.1569529424782512,-1.8785111627150721,-1.074305386226487,Type2,Low,0
0.727863463090645,-0.16449344643412123,2.2696149202263984,-1.3189750453174383,-1.0499818800313983,-0.2586530468843149,-0.018825325949505547,-1.3276506769662801,-3.29796159056676,-1.2277353416045216,Type3,High,0
0.6865308988174571,-2.0841632752736325,0.91599003486642,-1.109791753873936,3.340234396190632,0.1762418195741705,-0.5325628256651245,-2.9645004806581357,-4.383891892203759,0.8891717235343964,Type2,High,2
1.369326146043802,-1.0510858481320482,0.034427317678613845,1.6966365319454315,1.3774644809155858,1.514605801693973,2.4206731430366175,-1.07769596052631,-1.8119157230131304,0.10731591466196098,Type1,Medium,0
0.8155956433023293,-3.0923368483996585,-1.902405633130017,-1.62210685826996,2.1832347690472442,-0.6555780096786471,-2.1101232498677587,-0.5528104460517804,-1.3623534155605943,0.1502233549368725,Type2,Medium,1
0.0044522521915727475,-3.83813818181248,0.658750548698936,-1.7770563678999673,-0.34303081562652427,-1.7382528623585967,-1.4795584270860935,-1.6401192231430604,-3.817349518899313,0.7177934951238125,Type1,Low,2
0.8813359807931568,-1.0642694047081764,-0.9994178087635054,2.2165292066801467,-1.6204832807518967,-1.3984435380177636,1.7223658458015834,1.749533151970824,2.973922954266923,-0.9692776873321504,Type3,Medium,1
-0.7675979594393914,0.5932841133256197,-0.7788159285304181,-1.391863496423832,1.5079237889877826,1.730378795703321,-1.465927847226096,0.818347936436592,-0.12843979186645546,1.008902055390527,Type2,Low,2
-0.3519494858645633,-1.4117232810093352,0.41342407986247176,-0.5244281032272646,0.9915022759019843,-0.32050854823956443,-0.4925532901770628,-1.5303240774331033,-2.1190877068144633,1.5380654361054693,Type1,High,1
-3.0680585650465098,-3.7017000023944786,0.4763597250232543,1.3921246831452518,1.6027551510562117,-2.0162677480363858,0.04650566122760982,-1.7138931273341622,-0.9414941503633643,-0.5422377180278297,Type3,Low,1
0.8621570501205938,1.5340078782600248,-0.7633794194116239,-1.6467867081365377,2.9333245531222074,1.6423874300761452,-1.4761798730452866,-0.05533650241864674,-0.26768398757512313,0.39964910541896764,Type1,Low,0
-0.4943573125451437,-0.2870269958451207,-1.7438273575515457,0.7244980828118175,-0.5522169455895738,-0.922828385015477,-0.40432805557780604,0.6346849647990336,2.4166775289435396,0.06462103118053213,Type3,High,1
0.7695117465691785,-1.74965484256427,1.8464645234494648,-1.1077993833780695,0.7074303263649289,0.9366546825337012,0.3889430336500866,-0.30192618041765584,-3.7969978735231575,-0.13030659134911202,Type2,High,2
-2.5927182247609997,0.7055878097630175,-2.230802387457444,0.6663074651103251,3.9849109022777225,-1.9954727046057106,-2.2772882653326003,-2.7365331592504853,2.816658100578909,0.9720908187564609,Type1,High,2
0.998250999317063,3.6447074541866273,-0.3596363728104277,0.23142751937716466,3.267788269923698,3.779320057877418,0.8677927781786837,0.07179654550093262,0.3359756949114199,1.9346812294138171,Type2,Medium,0
1.9896287165220556,-0.2947329027275185,1.9369709788603244,0.19506151446548992,1.4713283551585068,2.7452805740412654,2.329895618792584,-1.1200829522909026,-4.3053375473600415,-0.3606874694774592,Type3,High,0
0.4813390884635551,-1.6822392139986246,0.8151846957420699,2.656687320021277,1.2524373170231748,-4.595807439125722,1.4209974403395935,0.08288015154880446,3.461726474407843,-2.364902425390615,Type2,Low,1
-0.8874009392207709,1.3137680140482177,0.3221364380462701,3.9082370246833897,-2.658263850381627,-4.287597321247711,2.1481219584882076,0.7795242264441314,6.1903105645375724,1.2305604288692062,Type1,High,1
0.7990506374484159,-4.211157470754103,-3.1586446456107695,-1.515961111485201,-2.5773496061023757,-0.7489958303716648,-1.9291176506986447,-2.1801187703704707,-3.3135942787557706,-1.235837741352225,Type3,Low,2
0.49034530346062344,0.2833204596687219,1.9017105315670229,-1.4448672397600368,2.7767554614801697,1.4107622992417717,-0.28279123012418583,-2.589125346210997,-4.323116066169715,-0.4362417701168167,Type3,Low,0
0.991536658164709,0.9879317675185796,-0.6615315767805188,1.559063630825356,1.6262695881746652,0.6606142908247046,1.382842180530321,-0.43731963737292867,1.1383277121874935,-0.12797463552851548,Type1,High,0
0.17575853586593937,-1.9334304985115298,-0.12150420182788113,-0.5853827414360102,1.325170389099291,-1.4543169582963822,-0.9440182329713521,-0.5693784982388506,-0.606349550097473,1.4981952869151478,Type3,High,2
-0.057970343795058055,-2.390482714671719,-0.7413668928415166,-0.0807928389844399,2.206222245970986,0.7730561606049408,-0.1362991879917225,-1.5677010420233652,-2.5242227304102376,1.181359223253573,Type2,High,2
-1.0373602005822002,2.5552244757254523,-1.383034983956712,0.6922466690273035,1.043153613193399,1.2646351199562778,-0.23692241918917478,-2.1809216382909087,0.6440196202092939,-0.5799735991408242,Type3,High,0
-0.00031317540520303666,-0.11896359963981751,-1.1688699808454153,0.09075237095223021,3.0928339186206797,2.341913322773296,0.05521382211943522,0.3502037051596596,-0.2701931053309961,-0.5977603327764287,Type2,High,2
2.801647659671774,-2.802732656829929,-2.581996083675505,1.583276704087224,0.8139969070775813,1.1031248359175472,1.8295993347906494,-0.03255382449805122,-0.6783764480131877,0.45077625365076845,Type2,Low,0
2.4579340142457617,-0.9153984233759092,-0.9712857305629818,1.4252246110554778,0.8315753732148194,0.9801660879524663,1.99538890619712,1.2196234790702007,0.6071121136527503,1.0685208833869444,Type1,Medium,0
2.5229713818180377,-1.187439401003149,4.601893708296062,4.013732197427761,-2.780976253475389,-0.2984029454670224,6.58944792888084,-0.6067012292273251,-2.7461544233118396,-1.0069732718019149,Type1,High,1
-1.345363573286189,-0.24724596665564125,1.5802582698070282,0.8816041463774393,0.7530440875254449,0.08821756491854837,0.9934259168001723,0.5433434288681505,0.04113396336131763,1.098329200694048,Type2,Medium,2
-1.2985246076647705,-1.5068501180652332,0.362693138631324,-0.09227452072683806,-1.6027165255967946,-0.3270549828707515,-0.11420733558465732,-0.23357719720360315,-1.2547829456426167,-0.6611756348282652,Type1,Medium,1
1.059155960412092,-0.9086000602395421,-3.0927986202801514,-2.578984646036539,-1.0044726404962234,0.9599619392393244,-2.751583961238571,-2.90416913398146,-3.325460756124663,0.617240454356382,Type1,High,2
1.1711756467457162,-0.5513815209563919,2.0760695400021945,-1.9980670186190443,0.2653285755097863,-1.3090383835599528,-1.0254109994823726,-2.0776226682439223,-3.3822380281734548,-0.0909281728236752,Type1,Medium,0
-0.8443006532442888,0.6767283924811243,0.2812798154543661,1.1829319129392388,1.9755426740078281,-0.40964015238330376,0.49760748442986125,-0.5303330010312048,1.3023347289908014,-0.9707606634025506,Type3,High,2
1.811293521502248,0.6099789737746468,4.5933758329239796,1.7565809004133075,3.7111281805759297,2.2080000193705023,4.2205986609391735,-3.741448383336287,-5.666792146764542,0.774124900678212,Type3,Medium,0
7.0312064532906335,3.957104333258175,0.39385247380613597,0.6408935471546058,1.8553810709098957,5.186227286778534,3.9795062824775025,-1.187932726133699,-3.069795032848016,-0.15348803196896735,Type1,High,2
1.872693125346482,-2.4058541303712673,0.3472692125053891,3.249262616798048,-2.8387865864218886,-0.11468130874777382,4.190907774445146,0.6570942105992997,-0.41652144172413885,0.6536268879869651,Type3,Low,1
-0.5675114262922119,-2.5248266118130056,2.6234099117441714,3.579816337633302,-1.2214927019591946,-1.7225353849342515,3.953935027220686,-0.22280573782324675,-0.4250694426192298,1.238362832510111,Type1,Medium,1
1.635270703610821,2.164017957690226,0.08153660608205016,-0.4520191322050524,3.628075732433929,2.52375720608976,0.3275259946013032,-0.3291806891326544,-0.6498892227369799,0.021881320571318308,Type3,Low,2
-0.06283555671623264,0.5631390470737925,1.4878714156633177,-2.324636996225906,-0.43382652332264904,0.8669952651343268,-1.2657289843255626,-1.5468457988484083,-3.6232624196541607,-0.9158973937997199,Type3,Medium,0
-2.019446971373716,-0.4765443077545982,0.15699017183568054,0.7349801380828753,3.4848859229044873,-1.7796403512291938,-0.8145273575211941,-0.8855454276497614,1.6538623679156244,2.210890992800781,Type3,High,2
1.1592826494553141,1.288532325041232,0.4445502929022802,0.3012962641429572,0.10681922028173807,2.0242787007475798,1.3273771428600385,0.4905690810555068,-0.6290161487287361,0.513549025019274,Type1,Low,0
1.5274976572118386,-1.4569066691529824,-0.5768179986170311,2.107247385002929,-2.2685784489341696,-1.764783299511492,1.9826324194185243,1.3331702091041273,2.131204730669485,-0.8545761803683251,Type2,Medium,1
-2.23222545128943,-1.3928022946739176,-0.13685890105651421,-1.1953922766920955,-4.263166618601009,2.5990983606166744,-0.36578987617068753,0.06599218496121995,-3.7681071158456194,1.1428096387775597,Type1,Medium,1
2.5563244903833726,-1.7047815983442478,1.0140363916961548,2.6882342241227586,-1.9311316447680533,-0.7984298169061763,3.7448180617689166,-2.227605746395093,-2.2625154414662894,0.8805076638785394,Type2,High,2
3.4516719466805803,1.758529760143957,-0.37405622763456026,0.1792423863657684,0.04210104173351792,2.9850989253940305,1.8721043923805993,0.9528958380562109,-0.683363182473556,0.2717956851323369,Type3,Medium,2
2.0041085701281816,-0.10897537115895162,1.5411712767907715,0.1408395161532492,-2.8700614910567714,0.3934969860886042,1.8277705273204405,1.024949704401696,-1.3525584191805564,-0.5238998283439267,Type2,Low,0
-1.0634401270124596,-3.6901933115925796,2.3507218514984487,-1.4213711653963599,-2.7400092714587267,-0.8959638141778747,-0.2788139552453221,-0.5246558284854251,-4.624621941086765,-0.07638963626683336,Type1,Low,2
0.7696976072075133,-2.713536131169326,0.13255911232556827,1.2580747247866728,0.8452150493746396,2.191189180937398,2.3297895941172078,-1.4180833300110023,-3.9577070641064167,0.7215290294571908,Type3,Low,0
1.9294140194646912,-0.19524507802841218,-3.0375611538557474,-1.0134841418258853,-0.25139269655132335,1.6429544447571471,-0.9666894015304148,-1.4347431290877173,-1.5167660603918716,1.4483508569292767,Type2,Low,2
-0.2588251687550851,-0.20428263026830762,-0.36958605487078544,0.7287559826963039,0.46318578840134184,2.544590968412772,1.219615529301237,-1.852056586619624,-2.7510127208036845,-1.407042213542425,Type3,Low,0
-0.7655937561207387,-3.154366237171671,1.6049617393798807,2.844467508930422,-0.16190766914652321,-2.76065220678094,2.4313609127982527,0.02227609178495138,0.616801462266336,0.22964141638986943,Type1,Low,1
-5.282047452255062,-4.329706517216678,-0.8736205090465152,-2.134408544454204,-2.8949742429716556,3.442184553325699,-2.031245277930252,-1.56387056016308,-6.816245515719715,-0.8441166171661257,Type2,Low,1
2.128434965703893,-0.3054625104499171,-2.5830067775861854,2.6351521985849904,-5.16085062790242,-0.18310139910259338,2.561088421196902,2.713494160517178,3.582969861083005,0.37921565683347,Type1,High,1
1.95399028190503,-2.073800316156854,-0.1928688350000365,0.4427932873676472,1.2036798556189203,0.5932680979898024,1.2000251190456266,-1.2651271540552798,-2.5601062030486395,-0.17635533641868276,Type3,Low,2
0.11105262527895365,1.9984684962141015,-0.06336226648319321,1.0671875430590039,1.6211486536502644,0.9843611619537017,0.8910228580919575,-2.3518414526410885,-0.35198002981750004,1.8830822530697335,Type1,High,0
-0.010948232196736463,0.8578560580809538,-1.026563312663275,0.31710243184827325,-0.2111143363025183,-2.7342611903311917,-1.0871605953723351,0.36308329092164937,3.680559997295941,0.6251488635103922,Type3,High,1
-0.6135916868082134,-2.846184342491731,1.4706466675432492,2.191987868769684,-0.7352490095206589,-2.638334970091814,1.913594622687481,1.3329439331997488,1.3358744038639674,0.3874318715842601,Type1,Low,1
1.8466969614088493,1.564890694087371,-1.4118986101300852,0.37097229232421647,1.2787023831996491,0.36370254988863726,0.15655501071112987,0.35987563340734563,1.9869776025023373,-1.5157103384012427,Type1,Low,2
-0.34405232084425086,1.1703178783335297,-0.5110248622149003,-0.0996668572932613,0.928706931921975,-2.96233124330135,-1.608666155685821,-1.8692256756601835,2.113329527103061,1.0829627710191114,Type2,High,1
-1.1793567087796377,-1.0799990483711375,-0.09888707014026088,0.8016476470313096,0.17877476869687725,-2.721609264278905,-0.4766164060846241,-0.3729773835960952,1.794384917169926,1.1084566564428235,Type1,Medium,1
-1.8049538339623301,1.66735081453698,-1.0079354254335233,2.0725670978472825,5.182297611532355,-1.5361454915372565,-0.342568344628874,-1.5347438372079527,4.05902178662422,0.5242041709015466,Type1,Medium,2
1.1917788773317084,-3.1118155145526503,2.097503897884284,-2.3978697220300798,-0.3969553810530986,-2.0999039751945587,-1.2765791363971926,-0.5345015295378299,-3.6419042994808684,0.3517457268750307,Type2,Low,2
2.6068218930731994,-0.7426970748145303,0.8815229436437921,-1.9636888538703863,0.15650414151774938,1.5631567568717308,-0.06054434192849802,-2.205433360779301,-5.325369580576392,-0.5205049079705885,Type2,Medium,2
1.199217282583652,2.2171747284539007,1.6353862294608663,0.7629037809225498,1.0555466025265485,1.437990698447765,1.8352340113198342,-0.5496453427008262,-0.6813020258444333,0.6309590770229132,Type1,High,0
-1.109460751123172,-0.0014101251960292327,1.5246314153939755,0.7293978148483928,2.424415147689132,-1.5536496023619752,0.1572838544837596,-0.036423563187945485,1.2410747323170397,-0.14751956461805613,Type1,Medium,2
0.2114569956865784,-0.7878077244096269,-3.066237373186988,-2.690925461591206,-0.4692025621635181,0.759861630369697,-3.2304043262113695,-1.4662505787959899,-1.828686924032122,0.8922497157536254,Type3,High,2
-0.6311091687207933,1.0570627887595572,2.7589138744165727,-1.419202754840327,0.9250318942426577,-1.1577138476803817,-0.9736148926537764,-1.5943536410964103,-1.7521248777954015,0.6630992467401732,Type3,Low,0
0.18155713749331892,-1.2979776386285813,2.649920435708057,1.7892692895828712,-0.04092888240453907,0.7392648284851517,3.1294267870201624,0.7960796464253512,-1.5673957647736643,0.2574300760580134,Type1,Low,2
0.22505209596623865,-1.6109613920205543,-2.01533547669238,1.0733704913574271,-0.6804921529992876,-0.18216708799519743,0.42345414446608215,1.003976690624819,1.449505554459864,1.5653726745846495,Type1,Low,1
2.6999589013278262,-0.23007270355804477,-0.535295669788633,-1.621741016444593,2.66544679323193,-3.5489671861627423,-2.2639896219669606,1.2649599831492437,3.0292822529803196,-0.5476298785147864,Type3,Medium,1
-2.194943045308289,-1.3168853520850548,2.0971669012641683,-0.5082532324011535,0.39731167180511295,-0.39172421226049403,-0.3239143743920153,0.6443030306516191,-1.1599133691123784,-0.3925217049287987,Type2,Low,2
0.24927870644606032,0.7193685391219168,-1.7259740513449429,1.4896994504879468,0.8663205125849107,1.23350980822909,0.9437011381536089,-2.7764303291638406,-0.6393817908146884,0.9773153010514682,Type3,Medium,0
-1.2490419963154862,-2.1697423918221173,0.7154667841573603,-0.4815013965858046,-0.6759791893802694,0.15935253528119042,-0.1867126738784537,-0.9271062767619899,-2.840046022545342,0.26519863594830184,Type2,High,2
3.718585015978214,-2.8745130267212238,1.2876566249686823,0.11892464956023463,0.5749022462829818,-0.622309354107873,1.806335762611124,-0.9418354023279368,-3.4149481962003767,-0.23728118109032606,Type3,High,0
2.538534451623824,-0.4266435045526422,-0.875996284467305,-0.22363739645331404,2.945017887668448,-2.9829575779076434,-0.9986239026056195,2.8449027599653656,4.663479921444799,-0.18207447009192648,Type3,Medium,1
0.2425520498370911,0.515178429012905,-0.5919492597028877,-2.3745570561919473,-0.8647084992169491,-0.5165062489659249,-2.4300209090414513,1.4406304291094059,0.775089116650222,-1.622933002681238,Type3,High,0
-0.5364764459576172,0.21903739264173505,-0.24999088106556933,2.8574293265934183,0.36099391541367976,0.251800551687406,2.330125010737432,-1.2437735409535124,0.7802522053698098,-0.814472114445082,Type1,High,2
3.6142538758475227,0.30330274295984405,1.0546124124287872,-1.8966477432473883,0.7881166137547564,2.0182988653692524,0.3539793108418615,-1.7748713989865585,-4.791169303468914,-1.8260454107319009,Type1,High,2
0.776083573225006,2.766277056565338,0.5574938078653989,0.7607288851760516,1.9889965361156534,3.134813491891698,1.6663796978190129,-0.19235743720324072,-0.43901533914296004,0.6130591757663258,Type3,High,0
0.6286468657353639,1.8403192109527535,-3.6180733783202252,-0.1454457650398182,-0.22989993340638493,1.3368945431806172,-1.1467104148764802,-3.1224250141088405,-0.185797523870966,-0.6221278372567142,Type3,High,0
2.8306065805478506,0.49968530423949054,5.375910142315254,2.559148347316296,3.133822460532739,-0.8306030524773134,4.68810192544146,0.22366422620061566,-0.7759007635538285,0.21834643339789744,Type2,High,0
-0.8321917440876475,-4.615534803051087,2.7797524280731665,2.93833228479082,0.8872619213231334,-2.0179675429325887,3.2441394714445186,-0.8095194902129058,-2.0088634582130744,0.24234727836472436,Type3,Medium,1
-3.592835451541532,-6.588839952988551,0.8936676397747941,2.380706167712222,1.904108243143348,-2.440409100739898,1.0876326470954703,-0.6765508032764469,-1.3401501821563704,-1.3829349503167812,Type2,Medium,1
1.166021497068817,0.340946721215168,-2.012902023672134,-0.48622290016442604,-0.47554548356285165,1.7246250966242094,-0.32188056465314013,-1.7644436544109063,-1.7388459304116903,1.2923332141681654,Type1,Medium,0
0.056595265795374106,0.9777497211122441,-0.9778235684905202,1.1933218525906528,-0.24132551083907328,2.712421117067313,1.505819387463792,-1.0822163673672895,-1.094353232962951,0.07236351099079716,Type3,Low,0
0.6130234009850608,-2.4995519720561434,1.1870343302671027,0.44504817758414483,-0.011548031325923969,-1.8280723059448076,0.722223405470352,-2.052821489429851,-2.4168682187792356,0.16736245351170304,Type3,Medium,2
-3.2129192133939384,-1.6844284612191256,0.935566311133409,-0.6421059807357143,2.262870326717442,-0.5024278095084886,-1.4329295525010757,-0.052478251583177316,-0.6781820957964673,-0.7158465413278651,Type1,Low,2
-1.4961310017255711,-1.7745127138746897,0.947866757701061,1.367018347408017,1.7549601393941687,-2.5382603155837478,0.30691747856704654,-2.0004506797058914,-0.040718908680985245,0.6811856501241133,Type1,Medium,1
-0.24459031503036988,-2.394514667139134,-2.124720622975406,-1.29279563747459,2.062202811586637,0.12363997379408487,-2.049053120534824,-2.394009398946001,-2.4209581426327382,-1.4115661551839571,Type3,Low,2
-0.0693633108237588,0.33222056022247215,-2.5999156670593493,1.6209183645450616,1.1518534407891896,1.2876611781155,0.6494775324535174,-1.5077180663600664,0.7345200068526659,0.6264904015105582,Type2,Low,0
-0.9075582428732057,0.08394420607457143,2.5836369498756575,3.5642986516102746,0.5150810894508862,-2.6172580738402917,3.039296025106204,-3.2058400979645603,0.11840955673828436,-0.01134518977528034,Type2,High,1
2.455065801137213,-1.9763825997246913,-0.5919767332102654,1.4524332089472711,0.4970513257194703,1.5727944006624193,2.50576885138986,0.14783129244599236,-1.6356984837959656,0.6072565096596554,Type1,Low,0
1.1777859541025442,1.2338512125148626,-1.4691226504679398,0.052030736232686614,2.84592533558222,1.860541128649305,-0.004535434416550035,0.9689121075535425,1.367110307370187,0.8602629714011955,Type1,High,2
0.8588914218000843,0.4264979362008594,-2.194777000326742,-0.054034701486668446,0.7928812579668969,-3.0757766341276858,-1.7982514250456612,0.45211185322688685,4.280238065739992,0.05277551629782262,Type3,Medium,1
1.035469841640909,-1.5241913769604336,0.08938659758515355,1.8104503667771057,-1.286451972096937,-1.4514480583496083,1.8315080233403775,1.2902586117784687,1.525177266395688,0.17865548101291287,Type3,Medium,1
1.2448123548161898,-1.2198327020245001,-0.5161643827433531,0.21138373348054973,2.8136473566473725,2.373294681378125,0.9541526978508981,-1.6459465378501577,-3.141390967404139,0.14589253591685813,Type3,Low,2
2.6319074810008365,-1.8945350362454276,-0.45294847556933227,-1.4739495963296005,1.7815859949744652,-0.6913465484395738,-0.9148056031122894,0.934538131200168,-0.6267437226899932,-1.639709118870289,Type2,Low,1
0.33662228225704116,0.826381351858408,-1.0506135997440127,0.46441638235047744,0.5522273123638799,-2.938650065407334,-0.9957546941299414,1.2964276063845537,4.691011183196124,-0.019195550400830694,Type2,Medium,1
2.6254068357552716,1.0683444096317674,-1.2471078780916638,-2.9801057115076772,-3.073233577506759,0.06286019520674213,-2.136777294064898,0.8178501523127761,-0.5119297335613882,1.4751613474066878,Type2,Low,2
1.945109667466544,-1.360374423446217,0.33289068397363786,3.569161712692132,-0.21590337349193278,-4.380175372379028,2.7140693518831096,1.6274137163341313,4.906985475320449,1.244529910676643,Type2,Low,1
-0.6530530555628582,2.4087437497337456,3.2940640725471595,-0.21474450735712147,4.378946598335222,1.2028598011275398,0.5698267783182995,-2.487753976705162,-2.412194767973311,0.29054425947974594,Type1,High,0
1.230907587514809,0.8279474189170337,-2.2091372913365532,-0.5303994813195354,0.01592119312681539,0.8026738022315757,-0.8288315330307549,-2.0233853769476875,-0.7329904651932987,-2.5803716559651195,Type2,High,0
0.7082520633896099,0.4320388229530485,2.1228068605272714,2.3518142246430482,-1.230891766416608,-1.9736625093111215,2.643111047350515,-0.19395086353428626,1.191645069241032,0.4236731987495631,Type3,Low,1
3.6368530938442136,-1.0224095758097542,1.08867352512345,2.6471034583963293,2.0309706551577182,-0.6030745221561635,3.64950554971504,0.2019078009032591,0.3494870118469337,-0.12953140772243416,Type3,High,0
1.0860856852513228,0.09834408328021982,0.11232885094136513,0.7572422342685594,2.7485083513603796,1.729282177936312,1.3358044615604965,1.9515780240854381,0.8523567452542036,0.41515398434871015,Type1,High,2
1.7899066043545826,4.689257625725443,1.3453356666076186,0.7218784475405593,2.3455186996897854,2.5327741529301693,1.8117983246429774,-1.6890523072619037,-0.4593861562117212,-0.9092601032328502,Type3,Medium,0
0.68720350656529,-1.1803630799136435,-0.32252996135316403,-0.6271603150468918,2.41903204544658,-2.0903680849586186,-1.2989516092072801,1.057502162558224,1.8199171197375954,-0.10667568194432107,Type3,Low,1
-0.6594172131455944,-2.7756509098477173,4.689576967018287,0.15386180595117804,0.20524084461141712,0.7158002700457731,2.337585355107057,1.7806025162992025,-3.6640398034781496,-0.5749499553868769,Type1,Low,2
0.924529495601665,-0.44171886288334405,0.5923772336646274,3.477937425221826,-1.2856782631367232,-3.36173770667238,2.7680499610163234,1.0387065433682732,4.068614908265864,0.4113958771583612,Type1,Low,1
-0.5106267113659907,-0.897774111982677,0.3687848551141044,0.5079276687076291,-0.9321212346288033,-1.8014118092535853,0.0589040024683837,0.1478671579165438,0.8470161130908642,0.8231941026928866,Type3,Medium,1
3.5353938701563434,2.669913395919531,-1.4053571765475508,-0.6383808332300756,3.7808142536829394,2.096170707609826,-0.06537083259468075,-0.9899745476391245,0.015215741317739326,1.7963239264846849,Type1,High,0
1.111877504100525,-0.36576471946309885,0.4951062311914072,0.036452966061845005,-2.64635809024157,-0.06941944961680424,0.8851598602202334,0.6045275612305452,-0.7004817086634852,2.3516020533744526,Type2,Low,1
-0.9510360072633106,3.700464680116796,-2.932132640176544,3.2510360961322338,1.8832970832865228,1.669745660671995,1.4129890973717893,-0.8090248260524915,4.517880413726704,-0.42459357948019355,Type3,Low,0
2.5208209537568225,1.0175596646507385,-0.588924325883935,-0.48320251842425854,0.11644652089339436,0.7685193689976896,0.24529767565841448,1.115730075588404,0.6167527389157126,-1.4365427340442345,Type2,High,0
1.9167804875090717,0.3828623443603071,-2.3773543122482046,0.864713718952025,-0.31800870548935456,1.5904490124117145,0.9264082107388357,-1.0583659582714537,-0.2680640484360549,0.24781127951452644,Type1,Low,0
-2.3829829924558394,-1.1644996422599314,-0.18965987243727067,-0.43548645703100397,-0.7623165243302001,-0.5760995958284985,-1.2005605395504613,-1.4430826096910945,-1.2435724500045215,0.650459960737697,Type2,Medium,1
0.023750575038152366,-1.1094045145360005,-0.5747995835160956,1.5577630682717214,-2.0895732726526655,0.19769495038936924,1.596446882730406,0.07571629748844688,-0.07060229564697193,-0.6711436067631215,Type3,High,1
-2.698366517674432,-2.673876104495137,-2.2321007884173247,-0.7476728065534513,3.0829862213417796,-1.6402674848464334,-3.000589250417228,-0.26917902499332147,1.3169554013956257,-0.8343130740405719,Type3,Low,2
1.9286899886136069,-0.9452669989514944,3.472643865962918,2.1429696965938234,1.0310910493289358,-0.0993028182946224,3.893448156721473,0.9050704516963806,-1.047499657244744,0.8292839134258868,Type3,Low,2
2.89505443658856,-1.5902061125967972,0.9487798912662861,0.19410284584756965,0.21095220973232687,0.29573262097801156,1.7043098965562542,1.3408429169719693,-1.2165342956012246,1.1492593500306345,Type2,Low,1
-0.1182943262509768,2.6931677812342754,-3.887167026613059,2.9097123675384884,2.1790937523685114,-1.1750527263532413,0.10253880920819189,-3.5143550040710503,4.294974307337402,-2.0998732322190468,Type3,Medium,1
-0.4418129923417786,-0.9170434355438939,1.4981441302276997,-2.993629023717317,-0.010016221493690525,-0.08323057101334852,-2.185083043219167,-1.5945315202479085,-4.111569495513897,-0.9979552870231718,Type1,Low,0
1.3028983316872684,1.83758808548155,0.382493734235952,1.2200599664184881,1.2500648328604265,0.8198287031718426,1.5940323417394766,-0.6063366224783013,0.5136770366370719,-0.008568288010766097,Type1,Medium,0
-0.1655294165347021,-3.216472664720351,2.9133321860014805,3.614415825345761,3.4731878950990014,-4.212980861557586,2.9603175015068017,-1.9782044445924152,0.32659368991363974,-1.1412904047560541,Type2,Low,1
1.044952747663939,-1.374018286518428,1.1894832409435536,-0.7059390091063384,0.9534770897620026,1.4610337391904467,0.6761659726770938,-0.6399618187723239,-3.6026853081993955,-0.32191314113009034,Type3,Low,0
1.6648608536490026,1.8156466245210994,0.05629255581444936,0.07947752960042975,1.9032276683983862,2.139245954669391,0.9165836165704745,0.9779647006337682,0.36581070240622754,-0.17216311427804595,Type1,Medium,2
-0.15401197767581287,-2.4584863842337943,-0.36720291846106234,-1.5648555916527491,0.674754221161293,0.13883471000904024,-1.3856852869033849,-0.751181815262893,-2.7165432952542132,-0.1826620398637007,Type2,Medium,2
0.603309151309082,-0.7430529477241493,2.8855934824379337,2.342879449342492,-2.145670010555879,-0.6266288621339129,3.5671951020636365,-0.9881646580231193,-1.8341599212835722,0.6570600687590077,Type2,High,1
-3.6050430589879086,-0.8551182594829593,-0.44213417744131855,-0.5921133387135018,1.4203398202013577,-1.8110531537221957,-2.4958340499662803,-1.3913366511452994,0.636871492395241,-0.24262878780015645,Type3,High,2
-1.517867586167502,-1.859653723306055,1.6396798216193817,1.0009736218336025,-1.4972212300773715,0.02317214508577603,1.4566887941811681,-0.7745507646368668,-2.330212662867715,-1.096785837449347,Type3,Low,1
1.7009201838365964,0.6260845935512815,3.075881547413628,0.23735578133791857,-0.016889434709218554,1.111130362933498,2.2542533138867276,-2.9369613511963633,-4.723312512789973,-0.03269031700120314,Type2,High,0
-1.2217220104624966,-4.963892500253891,3.7266321188616995,3.0612988595312687,-2.8913441895087537,1.109118342559325,5.099958057698498,1.0565071805748407,-4.358221944919434,-1.5656244563894521,Type3,High,1
-1.9207585354335803,-4.06568933547323,2.3840517635962897,-0.659420889972685,0.12801352794680843,-0.7406333083251457,-0.06420970134517427,-0.6056021979509336,-4.0034330766658925,0.8028040582132207,Type2,High,2
-0.10764757046164475,-0.038563089020722474,1.5516330362908213,1.4766988639953367,-1.6430092104945098,-1.063953720091498,1.7593196618121671,-0.415435430511934,-0.00839078732659576,-2.7510133565856347,Type2,Low,1
1.4527389219793267,-2.0511104444073647,-2.356114114386666,1.9091181904452812,0.5218837915102301,-1.3295987890242051,0.9775290933266939,2.9352304208679043,4.134495774687824,1.6620767410146684,Type2,Medium,1
-0.7470558041215734,2.8009939762134404,1.321487614868433,-0.36141330034923036,2.1104019457878964,0.34576075528251693,-0.4377853674647375,0.33148019214405555,1.3644281056179703,-0.19251622384255335,Type2,Medium,0
-4.641198598863903,-0.6222163289867084,0.7453266228461837,0.4921258439814201,2.681795321729165,-2.142234483829092,-1.6269713641088162,-1.1972169238496657,1.4328553716422547,-0.3600314969949575,Type1,Medium,2
0.7383981050114721,-0.18023488637857077,-2.7779440800927797,1.8755858642640015,0.5968666376022448,2.029988047506455,1.4264009368987554,-0.048054050344742416,0.9270804791791596,-0.5376745811934424,Type1,Low,0
-1.0147490141882254,2.4403727658349466,0.5623165610368485,-1.17886396634774,2.794672161650599,2.063403483801146,-1.0412550695510894,0.284175881353683,0.0010340373742574707,2.060822801135346,Type1,High,0
0.5253134725256963,1.8391811424441813,-0.364344514297277,-0.8173634813627233,0.5116229421560978,0.9862316409623211,-0.6631827989641055,-1.588079782765298,-0.9339944334765015,-0.22051308465767064,Type3,High,0
-2.8787433039388177,-0.7957422767983633,-5.443857400878255,1.9282013658148374,0.2973982528434631,3.9340593513974103,-0.02972168690462441,-4.475361433294191,-2.0395189625498436,1.8670371088112274,Type3,High,0
0.773930728907201,-0.4270626077595522,0.6180240462498818,2.367386639070946,0.8631061637805668,-3.9399196578955027,1.2863824943870896,-1.0392218554081172,2.7891532505540093,0.6575984817044913,Type2,High,1
4.365738840587594,-0.5512229019660484,-0.3848098873238439,-0.9359031743120161,-0.09682568982135908,-0.5282982042936593,0.24714868129446207,0.22550708773344375,-0.8238835388848806,0.13087411994862555,Type2,High,0
2.6183795373812924,0.9090341105929266,1.1012436311634715,0.21428613966530408,0.6289705694798393,0.3498094250150836,1.399981611591933,0.4781223781616848,-0.21886796635502503,0.9015512565747645,Type2,Low,0
2.376342009446698,0.279463427037939,0.4108488294130048,0.9643003727754669,-0.32570093509720655,-2.3825056395185493,1.0121847216180861,1.5363428617182842,2.923866686483513,1.0908226678555195,Type3,High,1
0.28338884581148394,-0.18659322196045502,0.23384598254267763,0.39452367223815776,-1.3391884253320268,-1.5782515362229776,0.19120748994914966,0.3144842118151825,1.080533601522042,-0.3127158000173764,Type2,Low,1
1.6666869548065053,-1.444029055824927,5.114633326489237,0.33229297492394816,-1.0852883894674314,1.800927221395436,3.7594087049459888,3.8022427258472478,-2.904351535584867,1.6387919313339259,Type2,Low,2
-0.10506989091038488,-1.32233316228769,-1.848950888174497,1.2253422842187451,-3.540261329137994,0.33604847402177795,0.9720681220738558,0.4034804363312171,0.29652789863546963,-0.5582085328318197,Type2,Medium,1
1.7145325280951549,1.3368761995851126,-1.5160047001821138,-1.86694161095567,0.11403701127341237,-0.7929947359679612,-2.1739128047847807,0.9586471183513157,1.9059907484741592,-2.8918325989502067,Type1,Medium,0
0.8856413163865553,3.195557806395552,3.276742322111568,0.6122165075363699,-0.8578912877528861,1.0277776800789358,2.2220707467822005,-2.0011718877545435,-2.1988141249566313,0.10295441698891143,Type2,Low,0
-3.7588619339958225,-3.1933122745959106,1.1261404715081522,-1.0608529063928183,1.0196382010034681,-2.5030464268597092,-2.2752795316956482,-1.7143697379871496,-1.8657459765409135,-0.6011481365959827,Type3,High,2
-1.196196818869596,-3.569423136294841,1.9824342595216742,-1.7832690822801718,-1.412139863003218,0.9361753197328959,-0.3475065180312021,0.4101074923801238,-4.926987378203548,-0.32811533316854247,Type1,Low,2
-0.07161400559786779,-1.3338035281132758,-3.679110695092616,1.5014456555123084,0.017023963817601406,3.106287791225382,1.0141550772951695,0.28212698021200144,-0.008325549444229443,0.41802617841187023,Type3,High,0
3.7402344532797005,-0.34975064014107193,-3.592310942282884,0.6016851576164386,0.08788743359883155,0.7193212369093593,0.5361334901043,2.0830429376857444,2.651367082737641,-1.3852570895073022,Type1,Low,0
1.0900492584341324,-0.4549998486275948,-3.6891210057498744,0.6249134549510378,-1.448785461175505,-0.8855264358160179,-0.639644593890235,3.133927125858958,4.860915261508643,-1.2644249196175634,Type3,High,1
1.1996332803823788,0.3047179539707179,-1.600571384939388,1.5979119541629037,0.4907937529606621,-3.4959337732897984,-0.036715050909201664,2.2982928869140946,6.279371591859613,-0.15461414154690603,Type1,Low,1
2.075090123498902,-1.9945908962088528,6.0463600884757565,1.3148369644003308,-1.0701346913273375,1.2172001538082884,5.012379618127314,3.418585642189738,-3.2514352176831864,0.7993933586204381,Type3,High,2
2.263119106800091,0.22747716493127235,-1.2482804411863009,-0.21610828013449568,2.121831386455041,3.397967115130318,0.8503568619362246,-1.0024367440634718,-2.560463148882703,0.17437538567501717,Type1,Medium,2
-0.5226555753619274,-1.1817858208622807,1.4935474138674052,1.6684830681896416,-3.08255596859789,-0.135805138025609,2.376862343362959,1.5694543570670505,-0.027637259136138556,0.1956740632309783,Type3,Medium,1
1.030568297014769,1.8773208095210636,-1.6040954552308975,-0.8967863261964041,1.3785679964718796,2.1387531609091823,-0.7796987690976483,1.011561618554191,0.9664312194393164,0.15354863832074128,Type3,Medium,2
0.8342495958219331,-0.683383959946348,1.9926679730640213,2.4080810505038586,0.11609628160913865,-2.111154261327865,2.5936771465290454,-1.9418967465228762,-0.4277697256829422,0.6820962275998932,Type2,Low,1
0.9500301730585774,-1.3890045834770932,0.17973519556766848,0.2109177219673215,1.2911638144601574,0.33583981447665756,0.6771354880186932,0.6047315799345734,-0.6480973493908241,-0.24566527595940355,Type1,Medium,2
-0.12904680435591742,0.4553181728479525,-0.7421929520538678,3.6173725148077605,-2.0989554113165596,-2.293000667972244,2.386307453904312,2.5537824411928463,5.915069473827946,1.2786238880511476,Type1,Low,1
3.2137647784876795,-3.0668511413626827,-1.9133186691390895,-0.5566307130133721,-2.282303216268855,2.5084487001978193,1.125741107671425,1.5510091606539382,-2.869666329063759,-0.07153721206451298,Type1,High,1
-2.621580842787086,3.010718101807768,-2.8644603729065046,3.756219161375541,3.231256345005772,-0.7877165103799043,0.48829088248828184,-2.8337534532575708,5.168016964667097,-0.5144861033574224,Type2,High,2
1.793934623279573,1.400644089730964,-2.381938599009832,-0.035582544418381934,-0.8813616384715421,1.39938245449001,-0.03760231853856228,-1.18129936364425,-0.08144612435457882,-0.5186805821357181,Type1,Low,0
-0.6223685833028616,0.7402441502688892,-2.0873707358540132,0.4434667486842482,-1.1029643718890465,-3.191737552005657,-1.6266299765830865,0.5562108947730456,4.7555021844234675,-0.44779755142266964,Type2,Low,1
-2.886028120474787,1.3943347297526945,0.2384118266307671,-0.15702085099726437,-0.4289737318421092,2.921979416268208,-0.12377613860350421,-5.209527955519989,-5.046364850407997,0.17330469928579412,Type2,Low,0
-2.6167970640903633,-3.1981683049981977,2.8220598078607932,-0.8669727022770679,0.8617748642547778,-1.506751895386682,-0.7067106436152976,0.2943918139249504,-2.2795941674798184,-0.3376507295931485,Type3,Medium,2
1.9274149436307237,1.975027327174575,-0.2486638701854864,1.0855630435063706,0.7681752367990262,0.5258580403057622,1.3543136892284955,-0.5548588315765819,0.9854247734097095,-0.3828169844248543,Type2,High,0
-2.2425541497022374,-1.9010307662441899,2.2245957585431233,2.8102367289875945,-0.24543298226494192,-1.597665135237976,2.4329518644005237,-2.1531857940422485,-1.2403210065562515,0.13166943463538744,Type1,Low,1
-0.23012831760679853,-1.616350648595051,-0.6224589086761338,-0.3731189029176665,0.9108065719371774,-0.4821064506107977,-0.7450075074997526,0.03177182517221655,-0.2745329898467772,-0.15064072028152445,Type3,High,1
-2.702872995943838,-1.032695286376439,-1.300738543441971,-0.9234189543247471,0.2726342928550838,-1.292867201470251,-2.548435552423174,-1.4118365029815318,0.09298861923248303,-2.0190192250408825,Type3,Low,1
2.190246574357361,0.5082652793599876,1.1170892643465353,-0.2941228311805608,-0.8391038590536495,0.5646020245086398,1.0767271703610701,-0.8251273393514176,-2.096828251453424,1.7044545503941577,Type3,Low,0
-1.431071788428213,-2.362226113103188,0.4587532889131217,-0.7550416122500683,0.36568087212153366,-1.7148875190705297,-1.3053962047885799,-1.7295076583422637,-1.901043857686453,-0.756485666473034,Type3,High,2
1.978750362251457,-1.4201058104912518,-1.6132491842090246,2.3622161778967934,-1.1507579644703454,-1.693725659903899,1.8442272995844393,2.725676081504999,4.044678216414401,1.9542972380253116,Type3,Low,1
-0.8003152460085992,-0.13836069667140083,0.09437597616690985,2.153687834816326,1.7954563738652727,1.6671478472322012,2.094411308547872,-1.1397355183323714,-0.7148478329331673,0.11036885671691517,Type2,Low,0
-1.2988180762435446,-3.0085504518989405,3.481641686976805,-1.9227353308951831,-2.6787059301071774,-0.44397514683716066,-0.2714688746519405,0.8833231938828032,-4.348123786988417,0.07879301820784587,Type2,Low,2
-3.816255277170269,-2.219929079646616,-1.6999262165963,0.0911963385524448,2.423850220365717,-2.54743995907449,-2.66947845213891,-3.451680282266784,0.07905821213561802,-0.2971089471985412,Type1,Low,2
-0.2798461459610092,-1.1793522848211828,3.3409840165277234,3.028522655150748,0.7010649399044067,-1.571782552383894,3.5068023416226293,-3.326484749814148,-2.4175052300407116,-0.8735685338905581,Type1,Medium,1
-1.033662040155973,-2.1564032470006795,3.2521563909611717,-1.482725176934752,-0.9754613592872337,1.0515316809231425,0.33785165665973976,2.0221859866947693,-3.43460699933985,-1.3434269671216956,Type3,Low,2
0.8640311768148821,1.7259362816805908,-4.263698931565573,-0.19646462687496347,0.018175803208540287,1.2426324047024502,-1.4168944931054188,-1.9911124388467822,1.0396888905930415,-1.5538341856950224,Type3,Medium,0
-0.7196822120652646,-0.18718330131641314,-0.4002144379000112,-0.9204388302956097,-3.4782289390259824,0.8582861172622627,-0.5394889338061977,-0.34575828020881105,-1.7780873432254254,0.5020192709968649,Type2,High,1
2.2324434123685792,-0.565158252352929,-0.5142412011735541,1.2485584817420319,-1.094640895196021,-2.2977830358388953,1.0537392430850145,1.5133364379805836,2.878703021458688,-0.19618814585246605,Type1,Low,1
1.9648343287235877,-2.546786704821482,-0.29623395845662126,-0.7886053336311991,3.8046140781329747,0.537049954742701,-0.18445849583283194,1.4753338735591548,-0.8409867784734602,-0.385382401062678,Type1,Medium,1
1.6658429626418778,0.4032068415810903,0.1011022535937065,-1.9346867360136342,-0.6979697086472039,-0.031802895936381415,-1.1780804210109104,-0.8664216565802794,-1.8367730490979433,-1.2283223950808901,Type3,High,0
1.4217704184174482,0.534975470558992,1.5517652444837178,-1.5155965320516995,1.6422893095834135,0.9967973872038116,-0.23602728120777208,-2.4216260674690755,-3.9109489205553816,0.6361554850394354,Type3,High,0
-0.519950835732888,-3.221509591880597,3.1342100320499493,3.692835380940826,-1.8769563087920709,-0.28894117969350086,4.884425987799894,-0.9313390249112198,-2.8996369840050598,-0.012581382817597533,Type2,Low,1
-4.103865655208817,-2.132244901201658,1.8434081369275308,-0.15842869008115468,2.973652590847508,-1.7099151196048088,-1.3318922614211237,-0.19646217616148964,-0.18012079826675345,-0.3504454842362166,Type2,Low,2
-1.3820136418464248,-0.4567752534704672,-0.25411032886273466,-1.418791856667506,-4.693935450911539,1.1904722815209379,-0.8420301486421924,3.038544343685272,-0.09785442599706293,0.1552998414824395,Type2,Medium,1
-1.242312343648483,-1.5663745067542156,2.0777932522260096,2.200185871665271,2.4211708914528103,-0.40083707046175565,2.2101158030732755,-0.27006347211281134,-0.41480209363437825,0.7789106802120574,Type1,Medium,2
-3.071244738650351,-0.6216650776451417,-1.3673087999061893,-0.49931817595360606,1.001120909763395,-2.5912305638734776,-2.849294285430438,-0.9875587343208428,2.1329876846079627,-1.3285796577239866,Type3,Medium,1
-0.7927374344162882,-4.813899913261492,1.232822900676374,-2.731340480704035,-0.47046479651862017,-2.459727080461619,-2.476310513284297,-1.4138622262794873,-4.4576287352697195,-0.27267803158009984,Type1,Medium,2
3.347104804747413,-2.98932793626689,-1.2287748131281175,-0.7918503358408442,0.8902718584949825,-0.5132705004223064,-0.11703223208740203,0.9193419654612991,-0.9661770941545375,0.5132324268151828,Type1,High,1
0.531522731522543,0.9215360454565183,2.9687071939882745,-0.4525301994190909,0.4749587759790107,-0.08843207054412194,0.7560935244931918,-1.8670595088642372,-2.7900299061812572,0.11929670502201714,Type2,High,0
0.11560021874621562,-0.9012177846227358,-0.7467235188835559,-1.145634622115716,-1.8429575187751381,2.042003206291312,-0.3430342081924235,-0.7117499543942609,-3.1794149210872007,-0.771545086951487,Type1,Medium,1
0.10302493692008552,-1.3459182289513136,1.2614882949894737,2.0378521874475837,0.24899537821632656,-2.7292294712359206,1.6000605274312267,-0.8568492733251998,0.8413072814507522,-0.739332789356724,Type1,Medium,1
1.91059367820095,-2.0683789893229068,-1.4841131437010775,0.22522311824882435,0.7820796894543984,-2.0852388510898,-0.33683796260475857,1.7147893605112046,2.3526746510481797,1.0950588664813858,Type1,Medium,1
-0.4503311846862019,-0.2804575642112024,-1.6805571863378828,-0.10666362783702388,-1.2543891201794222,2.8672538766265694,0.1685176775182043,-3.1674250002828868,-3.9496220571156524,1.0601477052026598,Type3,Medium,0
1.3678214356091738,-1.2449594252055225,3.3657624437608713,2.695082537622895,-2.7261350041932007,-0.1388710056105712,4.6013549473836255,0.38321012804917,-1.856905927856853,-1.795936551336686,Type1,Medium,1
-0.44194816436681483,1.0491863249205045,-0.37707923454316516,3.463173657334103,2.778313323355083,0.19589098537008365,2.4833680126194624,-1.7170598490707905,1.8274925195814415,-2.2981115871297453,Type3,Medium,0
1.979402432054616,2.5199329105460437,-1.3511464231708896,-0.8084869388962572,0.5769543644694202,0.13374593105579913,-0.956353264166443,-1.1922694878880105,0.8272572518481427,-0.6226531984613715,Type1,Low,0
-0.6217441419664356,0.5065040795982578,-0.1818966627425309,1.6039750026692072,3.1277141310734327,-1.7010712642830264,0.225007613369506,-1.43752888729035,2.160069916362315,0.4960884962925648,Type2,High,2
-4.354413652613555,-3.7292440167822387,-1.2402619015253755,0.48872207922022415,1.5005809417757887,-3.2004903872209884,-2.231510164028601,-1.6630144820167874,0.7823980218786077,0.8655584487572417,Type1,High,1
3.134676202818408,-1.6797104938211622,-0.37937806537366625,2.9086745940365475,-2.4069630668919406,-0.336855560756371,3.8076661494169968,3.7416270779142526,2.6930433320535627,1.1853697808237873,Type2,High,1
-0.37180056471812106,-0.9277819035632076,-0.6325788136904904,-1.0380985444632818,-0.2745019368996071,0.3442049274494323,-1.0720044445987778,-0.48543132292826385,-1.3684915114203524,-0.5017289049288782,Type3,Medium,1
1.502834944031918,-1.911334673664951,-0.9968844517651291,0.9883231748915375,3.7673194803384553,1.9838314234433216,1.3800288524368747,-2.410673144192569,-3.059395307009787,0.9065657606837013,Type1,Medium,2
2.31180074106466,-4.205335962356831,2.206303375030891,-1.4612152221314771,0.8072046222270612,1.218438459019053,1.0124224776451238,-2.8683181814515777,-8.229788506740254,1.2117242984706877,Type3,High,0
0.4680379130588117,-1.1893598734451798,2.499584372622503,2.4895778634805676,-1.953545602578406,-0.5866507733793008,3.545616928527055,-0.5285186336003714,-1.4410480009327382,-0.878786888332108,Type3,Low,1
-4.395230376227959,4.804951094685443,-0.053536740022420704,3.0497696994395063,6.69838354767164,0.8805924229591175,0.4411265949010257,1.758210825557276,7.42915783538761,-2.3936841517341287,Type1,High,2
1.1650529182774592,3.180584774036832,2.2582976607558827,2.113731940488271,4.6816028184228085,2.6087839384733753,3.1773252666555547,-1.280849621914514,-0.5115020594144083,-0.6442818174485494,Type2,Medium,0
-3.109209735873299,3.243097315380374,-6.1379370159639635,-1.1799305756512712,-2.0531283215427685,3.733185217712421,-3.420144978466403,-3.3314913919162317,0.09328661533709716,0.031966559270127905,Type3,High,0
-0.20265276821302358,-1.2031954398436728,1.6988160233223448,2.7939173876612875,0.918706216173185,-1.8400212274980923,2.5624268869937508,-1.591526237729084,-0.004236154577414735,-0.32701368599348823,Type2,High,2
2.5710891026745823,3.550966298305603,0.303273762843538,-1.096047146548897,1.1344729880198698,2.612229101471341,0.28511981860785446,0.65196302671141,-0.14955202431120798,-0.9178524318959371,Type2,Medium,2
2.3594837807005895,-3.050096882715707,1.2402333879784095,-0.6889531263433628,-2.8366440229571555,0.5649089611238212,1.4151506979366741,-0.8084485295084779,-5.106468226370579,-0.07952726770819862,Type2,High,2
-2.6188594559680234,1.4637305870048434,-3.3003650401831917,0.7123735506826123,-3.6760062973242813,0.030524450463475628,-1.2395172309086766,-0.5323265487488351,2.707093840408522,1.9734095902484603,Type1,Low,1
-1.53920840446921,-1.2599847806299875,0.8401995711674051,0.5586300496735279,0.6716866410991207,-1.0594722939832208,0.07046795056859209,-1.35801112360886,-0.8820797298878873,0.41857668266008285,Type2,Medium,2
-2.5438577765175134,-3.7983603772654058,-1.1830812886824535,1.3154657619674224,0.8593102008335283,-3.845292422579104,-1.0113304452559049,1.3177282199980245,3.431161066145386,0.02632783394264882,Type2,Medium,1
0.35438619389555104,-1.0040347679079098,-1.2609516037179236,0.11889356106300097,-0.23704583713240768,-0.6121993886201402,-0.35536863136019187,0.30198662823118505,0.7585775986687425,0.010082966881209852,Type1,Medium,1
-2.430310354295528,-2.3648222542084323,0.8075864744996167,0.8241456474289042,2.154715974072249,-1.6801114892712579,-0.22940564507407965,-1.818605113095809,-0.8986824374826399,0.7757856567932201,Type3,Low,2
-1.7519353734801952,0.050199827099994154,2.493333597604728,1.2701540528048858,2.4754711241634277,-0.7951043619314644,1.079690732077153,0.7333932608499472,1.0850338092803011,1.3495832390469993,Type1,Low,2
0.3177236373652329,0.9147154022098604,0.2866117517440969,-2.8113435256720347,0.03099746627638289,-0.1850901512196843,-2.498365538392116,-0.9517112165429779,-1.6327123881043046,0.39844386335668186,Type2,High,0
-2.2732581887094545,1.4214882752504838,-3.292542238457163,1.6232165560371277,0.2931934824591458,-2.449606739429786,-1.5236414617318357,2.207237129185025,7.775952135453253,0.6878999679959102,Type2,Low,1
-2.609410376030331,-1.05074415544965,-0.20283723075591453,-1.6653977704794443,-4.56897207237626,2.91288212978159,-0.8344292516463409,0.09353827650645319,-3.9495579834278707,-1.3527285378042933,Type2,Medium,1
-1.2206722032175756,2.990485761385715,1.8413652408595227,-0.5408166756482562,1.305666807728846,1.2638578652236574,-0.17770051242390117,-0.7011830370029617,-0.4666725534078297,0.6649554577357163,Type2,High,0
-1.2963893877862211,0.5733695899489042,-0.3273884404732612,0.7340268737732831,2.6133893961788885,-2.848418585435408,-1.1589967462064767,-1.9250165140177986,2.3823356844693753,-0.33664660436528576,Type3,Low,2
0.5135158084571891,-1.9088775923290204,-1.5062404316212796,-0.4081064121156244,3.2901882813541374,1.578645456827126,-0.4768163526342217,-2.6260127096027785,-3.2231154584694535,-0.28010452417997134,Type1,Low,2
1.7135366969155292,-3.2884741813970826,-2.1996749963802698,-0.37452227678517436,-0.5176978685058122,-0.18397255676879753,-0.34396026162506027,0.6875501132500581,-0.7538422398836643,-1.3134891316906248,Type2,Medium,1
-3.007287386505894,-5.543874339604872,-1.2254549676787259,-4.555509695974838,-1.4395918698163954,-4.295655710962202,-6.231375482904747,-3.2869944137463767,-4.165942206780321,-0.0779933965850558,Type3,Medium,2
0.6840601392672354,-1.129130354754722,3.2701407693430355,4.703207640954888,0.18610652497466984,-2.941722914600911,4.910937492262762,-1.250703092700101,0.8623590817356941,0.44262418923334534,Type3,High,1
-0.8707192528113721,1.98221401965049,-0.48172000076424637,-3.237414494898971,0.16426607406612692,0.18388170967328255,-3.559246558652474,0.12344018999675344,0.09196871078931054,0.796982182713619,Type2,Low,0
2.519951347472154,-0.8818564612933351,0.45166495796268524,-1.9747311985451559,-0.04821722484926161,1.441919823485431,-0.2669659107301788,-1.4255906604115995,-4.499499599618322,-0.8993741271546539,Type2,High,0
0.5183619137721251,-0.393763209607804,0.2771136092634261,2.4218314082211885,-1.1804775072017042,-2.4016801480392047,1.8532962715559964,0.5408777635696278,2.73708745170332,-0.8007575527262181,Type2,Medium,1
-4.079422538745642,1.6943442165568903,-5.070646971612604,1.6141393713678651,0.8956231996080416,3.3811934629072646,-1.0394692529782537,-3.8141928808094785,0.461072760094933,0.8065820954107351,Type3,Medium,0
-1.9275714593322728,-2.9964608008014686,1.6990829008491268,1.5361140294674767,0.9183540086466206,-1.3136617905114696,1.2513332617553121,-1.6518861101191313,-1.9689483841637747,0.6831909103653128,Type1,High,1
0.7558824188975236,-2.552593112271061,-1.7039887660496351,0.6923353436096238,4.510449957695021,1.5532578241062491,0.4296302683143215,-4.187098976549477,-3.9466863222028197,-0.6620797883339692,Type3,Low,2
0.03239802643918166,-0.6493702421270557,-3.9503907291463216,0.24585363944178518,-0.9356121842092919,2.5844721836819002,-0.35570565780591723,-2.122817345550579,-1.6460400574088734,-0.15961582524821177,Type3,Medium,0
-2.436291216258993,-2.488311429647035,1.042459153663127,0.8130101467941658,-0.3556119715386118,-0.650502864088311,0.48136937967363813,-1.1425519237032795,-1.8658777644669287,1.3142950105177515,Type3,Low,1
1.6856596716369088,-2.2073021414358434,-0.3134922080377134,1.359142729354828,-0.9361214141360182,0.3359183534321346,2.0775102848327083,0.9209395323622638,-0.6039569048862236,0.05341748090954408,Type3,High,1
-0.7731017781100209,5.369951219219776,1.8464454213323829,-0.5013056423700666,1.0541348662458436,1.4247423349779689,-0.18269577309245444,-2.054283232656832,-0.1528596461165443,1.6490662872004866,Type2,High,0
-1.68751717218225,-1.6768879728934358,1.6372541046481488,-1.8572913622169014,-0.4690149121984586,-0.013265792858141445,-1.3157361187492718,0.742286829508265,-2.26765046910464,1.0211015729061081,Type3,High,2
-1.1733547617637665,-3.5910298009356056,2.0119193016927595,2.2233837914140144,-2.3840547686479026,-0.1919525627792369,3.033724183020585,-0.07076703248888072,-2.6054591170647923,2.4007449694593186,Type1,High,1
0.981175992370115,-0.2592632000782181,-3.5514280992656024,1.9140736948051214,-2.5114221510876944,-3.1171139977396267,-0.09810946856946873,1.3832368903529535,5.764418143254466,-2.1555909397431083,Type2,Medium,1
3.118174122071185,3.5815068593521557,-0.01604227463298291,2.5960795272546804,4.805676372157759,3.149392877600841,3.430760145619236,-0.5080341013014427,1.237297972898026,0.5712476595884974,Type1,Medium,0
1.2262200048665137,0.18630045181701993,-0.5136192023955997,-0.10635696811296302,-0.2275401422299883,-2.2365088591266433,-0.6477869890013658,0.13438230266621587,1.9324699476040186,-1.9624402248468504,Type1,Low,1
0.6697822348947096,1.131387406955554,1.7360992399795443,-0.5645981017030771,-0.6057096951151772,-0.4354603607080991,0.19459212936987966,-0.5003612337343935,-0.8795116220864428,-0.3257257767370883,Type2,Medium,0
4.781392435837471,-2.648706515896027,-0.3161880119237297,-0.4818259876289419,0.2044662372240198,1.407000871244382,1.6304536925177804,-0.41938056340435237,-4.002297795174191,-0.8074422250742472,Type3,High,0
2.5309405423034717,-0.341049336756167,1.4709752637100175,2.907959804836208,0.16694315588563025,-0.7537543748810833,3.7673472024390744,-1.3925761380294102,-0.541132173288418,0.721092796486096,Type3,High,2
-1.1969965594394827,2.0313653537052336,-1.244695836830045,-2.135233517720298,-1.6471708352465202,0.028217215587912126,-2.844445924838597,-2.127288419021757,-0.7087204154935466,-0.25614059403542655,Type2,High,1
-3.6720727909591115,-0.561146929993641,-2.6428180154908265,-2.8136088373221377,-1.9455141243717304,0.4840246861145392,-4.317015646108825,-0.24965387958495167,-0.45176372695961475,0.7334528831410846,Type1,Low,1
3.424673402508464,-2.6128046820632225,-2.282400278897615,1.757089014326441,1.436106580266678,-0.3972439043406779,1.7231503721955335,0.1269664519538034,0.622646378100038,-0.7386321936418038,Type1,Low,0
-1.1706053031927248,0.09581916630309517,0.15921913614099226,-1.105546396656278,0.11096729847161269,-0.17986544305598584,-1.359010138723631,2.8039585884426375,1.8908657681196552,-0.3864552307559256,Type3,Low,2
-0.9505868105113884,1.5147684358975742,2.130614215876488,1.5638821198804744,-1.360064895244582,-0.2841189094853618,1.8474548626447,-3.4479451340498053,-1.9820444997050832,-1.724504786074786,Type1,Low,1
-0.712156900522052,-3.03576570147472,0.5415685010944582,3.0103116694576224,0.5813936468935403,-4.218605032209013,1.6061588151893884,0.7607964848735478,3.2294468905974107,0.7226834412059608,Type2,Low,1
-0.08281653964891966,-1.6103187355471138,2.2494493761727887,2.6766295155937065,-0.6105027603592783,-1.8695979084309908,2.917255554472621,-1.2604358330773597,-0.699356891424271,2.26425812793778,Type3,Low,1
-0.834877684270829,-0.7134499088368405,0.2699664294823789,0.7563142403773386,3.4063747500727635,0.9283840202885828,0.550427849493678,1.1797981709318868,0.7099111809847216,0.8616346629721463,Type1,Low,2
2.011522365242246,-1.8112842865218235,-2.4248621850954466,0.09395744422718333,-2.074345559417078,0.4993816703387133,0.31457849641710733,0.11199685836879636,-0.7006507521460033,1.2332147039387547,Type1,High,1
2.3845499642701626,0.28095966582484033,-0.972262987473064,2.055015932952798,1.9242552335020602,0.7809803315436163,2.229641953990883,0.9484981021980539,1.878950987839377,0.5657169795528693,Type3,Medium,0
0.9782970717005828,-0.19732972825803985,3.098797098080978,3.6725408160467192,-0.7193174942552454,-1.881247676111266,4.340737244676625,-2.12305762817632,-0.6321125003481526,-1.0754227768446651,Type1,High,1
2.5994151021472782,-2.4384629901599606,0.3902509199954365,3.0847477745645833,-1.5463687594619628,-0.8875124070636037,3.906152545500747,2.2795774944060185,1.3793001373591918,-0.6320607578870588,Type1,High,1
1.0098717412332563,-2.561573323797707,-1.7023467453838743,-1.9181658022102628,-0.052632157840375005,-0.7498652616757644,-2.097128992183054,-2.7971259420820416,-3.3587487209450804,-0.6455119260893958,Type1,Medium,2
4.18446564303372,-1.717753110856383,-1.0724132023504722,1.2388826212341155,0.8415775697768102,-3.870340359598055,0.8375820807139093,3.693599177071665,5.3160571505236955,1.7318994673630033,Type1,High,1
-0.3190976658547864,0.1985071333884636,-0.604483756855754,2.4667155929161573,2.5598039803310764,-0.4236320907909691,1.439823617448085,-1.66308404654472,1.3498956931233341,1.5222975633444826,Type1,Medium,2
-2.4354234559239987,-2.7521275895398274,0.3821760177967253,-1.3988178748207827,-3.956933521933167,2.6961336643831615,-0.2597150741595252,0.42181358746910447,-4.797926005009423,-1.0301561334635947,Type3,Medium,1
0.07873459550250872,-0.5455555024682441,3.006412047015071,2.6498762376585265,-2.1215803729825367,-0.0920100576399836,3.874646851124084,-2.040393057722471,-2.7284404892617142,-0.9219495270650608,Type2,Low,1
-0.3121165341473078,-1.9090039107317984,-1.5284868960098577,0.059180515131216804,0.9643809824760079,-1.0238262155235596,-0.8974774037598687,-0.27880059209391006,0.509509921857064,-0.132643144259125,Type3,Low,1
-1.6933824150681476,2.293216883414563,-0.6276017877805409,2.8122092368666025,3.9006280270486346,-0.6649421366399981,0.8727186526915026,-1.5160345601087761,3.7085850736028423,-0.004003141835183874,Type2,High,2
3.799535943001388,-0.39168040230478995,-0.5157387183223354,0.07153553570270965,-1.5287380022205426,-0.06951411123057416,1.2231461986900605,0.6027402828335631,-0.35408283266602,1.3283905454118128,Type1,High,0
1.5614553711349408,-0.19454228245422356,-1.8204249704883404,1.4487198927663303,-0.9622999070277903,-3.451746594095058,0.07213949067897409,1.5679317419972996,5.089749478684806,-0.3172885656638249,Type2,Low,1
-0.5398635908053337,1.4545062789171652,0.14252313165168018,0.6153930724927921,-0.8771646408866063,-2.085374228109599,-0.30219972389248984,-1.3648056445178722,1.6790472889492096,-0.026691215160518755,Type3,High,1
0.32558894283823947,-0.49621076581268386,-0.22336335802207463,1.455539240800243,0.7495827576677896,-4.415333675938039,-0.14452019227983176,-0.11408746530936775,3.915670439575978,1.3129026539197837,Type1,Low,1
1.6911275678820301,-1.9804323063438942,-0.6424626165892746,0.4266262700115212,-0.39481168397152056,-1.840057086860106,0.27826869220923706,-3.233820906955623,-2.111981320818095,-0.7678292652071974,Type3,Medium,2
1.200580936276395,0.24899101744692143,0.2741670884716625,0.30905771432976437,0.8213778099631011,2.72942241616391,1.5551798180287606,2.413662828094565,-0.1651061851670615,-0.5031569042742675,Type3,Medium,2
2.1609481255032454,0.24472049579745847,-0.8476322500685406,1.682483847548244,2.022672973406727,-0.5102351618032686,1.4376624752595815,0.013503271656877702,1.9253367659751859,-0.7018341629884417,Type2,High,0
-0.9029033967498934,0.752506658169362,1.2858444124256978,-0.3741431817954677,-3.3417993836969817,1.7590005527198231,0.7522118409440298,-0.853783656523992,-2.925601415776066,-0.31055809067858187,Type1,Medium,1
2.5121661124574133,-1.1475300688718315,-1.1964287546832975,-1.913154003042282,0.3407306656739699,0.7745644052155511,-1.0916667276018037,0.8285725018235335,-1.3469641478257006,0.0626760501619782,Type1,Medium,1
1.6760747490825467,0.9732623534593255,0.450640045081534,-0.31873013809514705,1.4021730272820754,0.9202190528316546,0.45375938031574825,-0.3311360408824966,-0.7880858818403127,0.2907410969511788,Type1,High,0
0.5916663928931347,-0.24159774970163417,0.7890850645142324,-1.0380078770727053,2.106435154008562,1.1507545460280053,-0.26718510384921124,0.04749554261354305,-1.729555915809611,-1.5645830261135425,Type2,Low,0
1.0064564948857808,1.8224780765025024,-0.13745594194392274,-1.3035603045791864,0.43251842041177635,0.9749012648967635,-0.8526019659529444,-1.069844619814782,-1.03042339810373,-0.9881633476704093,Type3,High,0
-0.6783996573948188,4.58485981984166,-1.980876243142735,1.5136554783272533,0.7005459599745177,1.8324002184308228,0.3855383478687642,-2.224303079916904,2.173270471125897,0.7551192439725588,Type1,Medium,0
0.8428515194160053,2.882642545433553,0.4065776083080095,0.5671104126236164,-1.0459803487833268,-1.4162587824072719,0.27059381275802324,-1.8680308090431335,1.2666112757861405,-0.015130069360970057,Type2,Medium,1
-1.2115949957516285,-1.1548909006991677,1.2562596513061612,-2.894587121699299,1.6208261992178716,-0.3234598532888484,-2.655170477200951,-0.6533854219528334,-2.7369215022617523,-1.4235706421811276,Type1,Low,0
3.4011063983442487,-0.9593959440645425,-1.647004600395897,-1.6690279376272352,1.8423601503123432,4.4709019603187725,0.21799634070742085,-3.120550225630079,-6.515161659016857,-0.5550121194496871,Type3,Low,2
-1.9093018069734273,-0.44567982146569896,0.8498133725818701,0.08051214873549972,1.5791719287280577,-1.0852639186717656,-0.6593505572256957,-0.4177878271131814,0.3701836077755302,-0.17145682497313391,Type1,Low,2
1.1390806932325248,-1.3739602426142294,0.22596435737609566,-1.6894994343968464,-0.6162473757626774,0.2459517154736065,-0.7955209701409833,-0.32897851594223404,-2.6573020522389625,0.7534614516583287,Type2,High,2
-0.8818614892111348,1.836224997439011,-0.5125072008456149,-2.853614181808542,-7.356524021112911,4.309543720319737,-1.0378020451482974,0.9412239910775699,-3.706546898658991,-0.3887448252057818,Type2,Medium,1
0.8115702162468377,3.8719757173620044,0.7748718041308698,-0.26516548940222795,1.434205738695194,-0.6186094909458282,-0.4581937855964127,-1.7929718831128638,1.1810985902124722,1.2831403052980808,Type2,Low,0
1.839047610060271,-1.3678435193959873,-1.0825355789490356,2.345614947873108,-0.7315842231332025,-3.7483389364287105,1.2645214144172414,1.0825745700131355,4.173577942765626,-0.7737251795095957,Type2,Medium,1
1.2533567848356368,-0.45715189980885007,-2.4471028061977442,0.6990810153039362,1.712467957957522,1.5946297264771339,0.4135504563980711,-0.8135692327086992,-0.1894413544363006,1.3172828077775847,Type1,Medium,2
-2.0863679173206413,-0.2210502890285222,-2.452766556977751,0.5972765286032711,-5.782673197607782,2.472883183304875,0.36101604387897884,-1.397820711899286,-1.9841534731143011,-0.3119019831088788,Type3,Medium,1
4.193272556419923,0.7805502896353491,0.9798097342743362,0.019210443570835567,0.8921687582790722,3.321484649556768,2.6140812745622677,-0.017555534507329718,-3.20400413547329,0.07176343071505195,Type3,Low,2
-1.7122346004418774,-1.7591033386482098,0.491597131563987,0.8804461080670213,-0.27659552917309993,-1.4129886182698796,0.21089033065314639,-1.06826762155971,-0.4892969445372297,-0.6171351751023896,Type2,High,1
-0.2764843795986771,2.114288088979732,-0.7783471769762502,-3.551808827410646,1.383098877235987,0.288105064712212,-3.8939393588458895,-0.14272735047618879,0.038663323383367275,1.1693940736962583,Type1,Medium,0
-1.1941788791034633,0.011817466984226144,1.0644324330152666,2.0449457158396855,0.49788881320897627,-1.281542073214983,1.4251888447912815,-1.2814027958251253,0.7106036562988673,-0.44725959088283745,Type3,Low,2
-1.867957307566447,-0.1701780002003508,1.6573760510999402,1.2156156090530508,-2.253037796377727,0.9003813238705829,1.7239583766546813,-2.9885794320736303,-3.5399909974309347,0.45436370749865934,Type2,High,1
3.8952107315608435,1.3663949327028377,1.8267790428139683,4.0825462715979,1.7926674507081701,-0.3468736314544629,5.1785512240163305,-0.35118162419228083,1.5006190398673729,2.896518605519746,Type2,Low,2
-3.7346825723891968,-1.974556080659029,0.7043842027963692,-1.7513969907643165,1.1199924584712069,-0.07624720032460608,-2.3943271363711736,0.26455206929134967,-1.4965251460013278,0.004499548768524415,Type2,Medium,2
2.991928543238064,-0.9316671395381478,-0.7431076843995497,0.14930343622782472,1.9585107975825804,4.310132316345787,2.044530495630332,-1.4512538109874156,-4.643673203185944,0.8496194674507047,Type2,Low,2
0.5051159332479633,-2.6529866636571406,-2.1170012176886006,0.9049558904868733,0.8922971133170594,-0.27691879025500654,0.21503357552257393,-0.25061616421033095,0.10175478169774765,-0.6629787800892201,Type2,Low,2
1.2265053546127151,-1.1703001676610194,0.24985321076733336,0.4768405901399677,-1.081934684369556,-1.2088031396026109,0.7424962443357278,-2.114107648480239,-1.776414438340514,-0.6091347692138098,Type1,Low,2
-2.287412022863929,-1.2334918054205521,0.7682910774778475,1.7794051613463848,1.0886216952671002,-2.2220068683693306,0.4786219863501215,-2.456388950605003,0.06697713049524832,1.5940821319518448,Type1,Low,2
1.7997057781575003,-1.5392438248397804,-0.14005718846389537,-1.0304875997797427,2.355339499078658,2.191324225153985,0.16583356288966428,-3.19865038051751,-5.433531333270329,0.7070458941340707,Type1,Medium,0
0.07447720624108367,0.6722700014918632,-0.8960084320474684,-0.9616531861290386,0.4073654701197641,1.3094817049944578,-0.8735968722057755,2.8792980326105986,1.7429639762814402,-0.2598474170031256,Type2,Medium,2
2.287074832435733,-0.4439559751296356,-0.11611934081365383,-1.2852724837534502,0.9615425463908958,1.8614730705636227,0.040701635981465825,-0.9879816375253359,-3.274038861532963,0.5608927226818058,Type3,Medium,0
-0.07356085969636261,-2.276703204119932,-2.7638550180137096,2.017879087672188,2.825546984753446,1.8444223952388092,1.2315726298517238,0.5415586935026944,0.7511723671582969,0.14250382257616556,Type1,Medium,2
1.1045124651795561,-1.2837141484050902,-0.9866456155618466,0.01108466418271803,-0.4414841601024144,-0.6293002240490224,-0.07295008988662531,-0.8606143106698252,-0.6862780282908738,0.3224159827111273,Type1,Low,1
2.5934766341314024,3.367862408083673,0.06628476105617354,0.6679488129166962,2.887450782013264,3.7628868911877618,1.9823743449095421,-1.364341665972304,-1.3126691377983737,0.23948946811277957,Type3,Medium,0
-1.3963126493055804,0.14249115880065155,-3.936936406662639,0.22942892600817444,0.0006303783864299861,2.637868844007949,-0.9908341249472868,-4.178084794498419,-2.3101349902605355,0.21489575383822024,Type2,Medium,0
-1.5252474268885443,-1.571285740518094,1.2055839593232063,0.7921427664028842,-3.7859763212499917,0.9192320152835585,1.6058928134628743,-0.3790761568436217,-2.786591261934469,-0.3695308462563598,Type2,High,1
-1.5068757059464701,-1.5743443926908376,0.7928813734184317,-4.069126064278727,1.803129122700906,-0.6312976702771798,-4.074231548506296,-0.9631980054907087,-3.2415648527285583,1.1311512782861777,Type3,Medium,0
-0.2962642350836362,-0.10140833609851052,2.604586134264209,3.081219817530414,1.3019737426296967,-2.3041387415389476,2.8324179623961863,-3.6495802441557648,-0.8009337624895175,0.4180986054372352,Type3,High,1
2.188908855879675,-2.89107154520867,0.11710258706159138,1.4121401651581225,0.26651533976068387,0.8405217408432362,2.5686287415126174,2.0682242544006426,-0.6758554188532413,1.6900238454179433,Type3,Medium,1
0.09857560168880364,0.5299521533916496,-3.459370313918769,3.508306216439963,2.846531101889023,0.6017373682172773,1.629983635480182,-2.094829510523716,2.7134305545918425,-0.9562774575651327,Type1,Medium,0
-1.921001286850954,-2.1612153799581324,-1.9454839042922627,1.591913006363314,-1.9985656320680367,0.6707928149798423,0.7245571778853331,-0.7153830792323412,-0.5067354050324757,-1.2775358221329547,Type3,High,1
1.4623303756622696,0.8439088361001323,3.4768061437019107,0.29976628302609876,0.3328193686163623,1.390404389211207,2.4294704617184375,-2.7545887004465195,-4.76134415610918,-1.6211194770561796,Type3,Low,0
-0.989547117863804,0.3065065106761802,-0.46274299909320815,-0.8472239336484111,-1.65845636204548,-0.9181438488317138,-1.413872650788959,-0.47304050307509005,0.2667173383680718,0.43398982500670413,Type1,High,1
1.2485936643607505,1.1419212547972621,-2.657972233472757,-2.0467550233843728,0.12320853347562344,2.0263377783993053,-1.9935104229815321,1.7022456759454196,0.8786128040015307,-0.6278933377832894,Type2,Low,0
1.5831996656594058,1.8175447603397012,2.3481306053678637,-0.6915947902489593,-0.5588540152854717,0.301028161881413,0.7559795659597688,-2.570294901178705,-3.1482864749876773,0.4372310975470408,Type2,High,0
2.275275561222375,1.1295107662003847,-3.3655851206375758,-1.998975251466303,-0.3391280220213262,-0.6863273163685872,-2.745298565405411,2.5352216977318704,3.761508823891592,-0.08316871080203542,Type3,High,0
-1.0837120670822231,-0.5257632001560243,-0.9092731976979267,-1.837116406216655,2.816932530754226,-0.2492987236762363,-2.705568688479478,-1.2009865584539947,-0.7326359920779969,-1.4480634286431249,Type2,Low,2
-1.0289345587810788,-1.4192223262705346,-1.2849673220796893,-0.19434162480410233,0.7025863658076001,-0.45645720814422197,-1.0900069353477915,-0.45961309225856417,0.06358119811736522,-0.39833644413023683,Type3,Low,1
-2.278946712562199,-0.44081697550532795,-0.6741896213117606,-1.3359403409918467,3.700102528289594,-1.83979479343304,-3.1518905008755143,-1.138458103492916,1.0717045669706955,-0.35244486577601764,Type3,Low,2
-1.8519136342170746,-4.0418337843610175,-1.3701816349420417,-2.1182968731990464,0.3858610638813379,-0.40887055042322173,-2.790457504094961,-0.10000412048709795,-2.2701704649402337,0.4575164901267476,Type1,Low,2
-0.23075310031969765,-2.1368239005639627,3.817517073025464,0.4496221559689757,-2.0707292383100833,2.0373410834261843,2.9992575414807794,1.671036964021523,-4.146760535477665,0.592101961043143,Type2,High,2
3.13489545134473,-2.024461327590669,0.0005730147001599128,2.7407679397174,2.0095366971745294,0.760230779851927,3.694042795595008,0.039532736083883746,-0.6771638022516168,2.3337565337055644,Type1,High,0
0.6302923024558444,-1.1735354906946542,-0.4943101587027,2.0142671460340322,-2.055028061971787,-0.6083339216844532,1.9746809745775378,0.8021625201305157,1.1341727804557264,-0.3694316894606993,Type2,Medium,1
-1.5401672470164214,0.17673677496155027,-1.4572493099824824,2.315940618118705,3.796256092996821,-4.208852175324843,-0.8088558905390767,-4.675671290687934,2.8353148756284026,0.07673423871651144,Type3,High,2
2.260828933157364,1.8905731618208454,2.552936009062894,0.7194482789892753,-0.8054634499816165,1.1000563058945512,2.6057726541383315,-2.503006651800847,-3.2320205560266224,-1.1384850899376828,Type1,Low,0
-1.4005993804528947,2.445571076713469,-1.3858865704323007,0.37136532184193705,-0.7418734370266051,2.9558429440795404,0.1134342921735046,-2.7956718831879597,-1.6112411492855754,0.03372539176212735,Type2,Medium,0
-0.5206393935824476,-0.517703351034174,-5.517970942596853,-0.31287272392230703,-0.6656940184340183,2.5300858705514333,-1.7406562103068883,-4.423332054772668,-2.436694703729522,0.06469443909637085,Type2,Medium,0
1.6820741146339415,-0.9621243108749276,-0.8280397226332666,0.7502472662089776,0.8495622849595229,1.6093331633556107,1.4072213799849003,0.7742949703136799,-0.5312503107564264,-0.7886146977626303,Type1,Medium,2
-0.24645127984836646,0.4860328627974173,0.11421708974569689,-1.527994904483971,1.5407985169946876,2.219891120647153,-0.9026113376583081,0.6419845669461579,-1.4082707738249358,0.08318971672151429,Type2,High,0
-0.24999226958981557,-3.6508743558900125,0.17520029206526488,-2.5912295017375504,0.333164026252065,-1.0193603228038342,-2.351124591337146,-2.0427275197994645,-4.496342690858908,-0.16742420168359312,Type1,Low,2
-5.7017752875986725,-0.7686763136598939,-0.4518685878271371,1.6002938704138523,1.9832116881143864,-2.960829687897853,-1.623392087292371,-3.1195849094165435,1.862046510092341,0.35268953982261186,Type1,Low,2
0.5924484569691313,-2.6434206642582843,0.38543181345754274,-1.1093018803419494,2.569511022987176,1.8251000648930056,-0.08705664464289127,-2.218708067010364,-5.24814211559003,0.1689996603111536,Type3,High,2
-3.2297698803731927,-2.5415866309032653,2.5155168274855573,-1.1853765877224007,2.111316914730708,-1.606811456325036,-1.545934581706738,0.31611808048998835,-1.3889673334733807,-0.8975666850003668,Type3,Low,2
0.04555248452344496,-1.852273698367608,-0.043222269649300316,-1.5999033083201324,0.5643164070851836,-0.08759393910199109,-1.3525178513511527,-0.9022313442349609,-2.5298391882429776,-0.9524352307904003,Type2,High,2
2.754635024345796,0.18649771174605323,2.1340141737505807,0.8951335667662915,2.2899550583276262,-1.6330434945241037,1.6993803730548138,-2.38600037167863,-1.35185518871735,-1.9890393071510153,Type1,High,0
1.915911658015254,2.4039540794118057,-2.85270970788435,-1.5328076854702672,-0.700358641879206,0.02815260614234949,-2.1229202082943814,-1.8725183287715823,0.6416317910100828,0.21454334495696417,Type1,Medium,0
-1.626726219663165,-3.822892461336409,3.4722381236947397,-0.4664572192981382,0.9336337459503818,-0.41589653164232976,0.6415600044650079,0.7777486378092919,-3.5150333827966485,-0.35710719224891874,Type1,Low,2
-2.501972508190751,-2.274608982887404,-0.16152764589517776,0.9023617054770363,0.29278725347677503,-2.0745766674392234,-0.49974151169713105,-1.0375430679454005,0.3548471557827279,0.7115159902687391,Type3,Low,1
1.7260937801457512,0.4709638572070516,-0.5003119854985445,-0.9352613140607619,0.05989211312454967,1.8864134098234793,0.054561379633557366,1.0587128141037119,-0.7941388993792673,0.3394355548108988,Type1,Medium,2
1.6301496442109644,-1.6443361276546575,0.7239723122592496,-0.7464382140439001,0.35724571686548334,1.6021646078915417,0.7725052158983355,-0.7374887159488188,-3.9124469972026468,-1.4420595418582098,Type2,High,2
0.4854702386812446,0.6467950602441407,-2.1042372782028895,2.94067455276916,2.479963618440497,0.3947355175671087,1.7462608645688187,-1.3302751657052936,2.27331495752499,0.7193514492908354,Type1,Low,0
0.08797521772012773,0.06547389640057633,-0.11605076531969305,1.7131095148780713,1.5730758998690133,0.7509638586940816,1.5768568632568536,-2.8291013410608308,-1.4537889901813241,1.5530410762926485,Type2,Low,0
2.613417807138207,-2.2441916088840164,-0.7427649107367331,-0.2981073545939886,1.8695124424084437,1.176376678920758,0.6305684600928289,-3.6732623120999404,-4.975530750102965,1.1651237398201346,Type2,High,2
0.666248573852832,-0.260040425779994,-0.35651618917270345,1.1789213134465466,0.909033468099971,0.9320412149349474,1.3544723286983467,-1.105527568168184,-0.8524017726564436,0.36903233145025566,Type2,High,0
-2.546694489576551,5.279055968463778,-3.1524148600553583,1.0405625705001693,0.6376442165945245,3.514155959516728,-0.5988744461953841,-0.9196792170505335,3.1301528112088683,-2.4819863357203054,Type2,High,0
-2.051078601714989,-1.3685955472214713,1.2778375603850494,0.1135172219788374,-0.18866265267514892,-1.3272962986696946,-0.2955857142423769,-1.1571477056692219,-1.1591773387465132,-1.820147821995829,Type2,High,2
1.7553018069054969,0.4736722231156556,0.7603588557849527,1.5835443725097462,1.6964494129227492,-0.41451598366560016,1.9063828290984413,-0.6740229464125125,0.46122617926960446,-0.8172837500330771,Type3,Medium,2
0.46624278899326677,-0.6926273353144694,-3.89726219783549,-0.07339875108558036,0.49910468763339766,0.14649935522013613,-1.4186894314151683,0.41793371327328255,2.102440769714718,2.7486449344838872,Type1,Low,2
-1.2553484777561517,-0.6574634171946087,-0.5580722086170768,0.5869293397434273,-1.5788594519563244,0.3369227225434699,0.2621742624379486,-1.0823230154910384,-0.9383306791830343,0.675409118931041,Type2,Medium,1
-1.761541113829782,-1.0243952643138174,1.201846690061369,0.6647034858556237,-0.8074292653772117,-1.3027599545543995,0.30530357931413443,-0.6428359484457513,-0.40010280123791225,0.05435147854701664,Type1,Low,2
-1.6083557465238623,-2.8639525377066004,-1.108219577787926,-0.06914785366921827,1.3760392065395084,-3.678894223348301,-2.087790953022903,-4.3771996829291355,-1.2110956768068768,0.17737917091446778,Type2,Medium,2
-1.0070758565051916,-3.0428215409523967,-2.4484987699670047,-2.3175375389492365,1.6920229824281825,0.2469990406671725,-3.1943911797244273,-2.5278145943282526,-3.3006283866783237,-1.5861016588219634,Type3,High,2
0.18881634820290738,-0.3481238204604289,2.405770993059067,-0.012038446842983719,4.616782536739414,2.1469665390069768,1.2343781590483418,-1.9590674101550407,-4.010793023574203,-0.9653605443802138,Type1,High,0
1.327806252202167,-1.0523044747823456,1.2143309221613439,1.400878343068483,1.945186456300778,-0.8631970817946641,1.7762064542001665,-0.9997232441356871,-0.6980560168066086,0.9340337599723358,Type2,Medium,2
1.6007605881382179,-0.4353374118118034,-1.294069157669803,-2.4951971599883924,-0.7289389741999868,1.2395801890433291,-1.7449047848708314,1.015110455604313,-1.3630940405157688,1.6785759531740878,Type3,Low,0
-1.850652046032205,-2.626754426483261,0.3030138698026853,1.737788352521528,-0.28446747759931545,-2.412407008851102,0.6443518979841718,0.3085586757104093,1.3183905693975375,-1.8107976005596345,Type1,High,1
-0.07711585278238631,-1.7749708339034078,-0.7362899581378197,-0.4986283433855374,2.4913936613377823,1.5416219914370783,-0.3549726717376758,-0.4400424574504972,-2.011415068514706,0.7632609218748418,Type2,High,2
1.3035215354198848,0.4178011257968821,-0.6093693952730562,0.981240201172373,-0.43283070597821727,2.51027547214796,1.8605443510448718,-1.2497598135857015,-2.026195275678096,0.21480752287701615,Type3,High,0
1.743444593111675,4.750139532257669,1.2587475860547617,1.1237123483699718,2.5984164291897125,1.7066986608160453,1.8221903790758356,-1.7143957775510488,0.504751707123049,-0.38277518217832124,Type2,High,0
0.9860979022254076,-2.5634951719098202,0.06793123409896562,-3.006580166204696,0.06279692314472507,-1.3704376216756815,-2.573354198183947,-0.11314123015725441,-2.465863131607144,0.9098102224535721,Type2,Medium,0
-0.5738602991006052,-0.7343574230725762,1.3070069266671598,1.8077155302993804,-0.4503569305101427,-1.7852454841853058,1.5190216366466631,-1.0896187650116724,0.19399737038117545,0.7866041086160771,Type3,High,1
-0.7447523086526651,-0.6342777021611037,0.7681896226272166,-2.7452843636527238,0.520041493176455,-1.2242256198213197,-2.7950834352395533,0.13247781934789749,-1.0224536330320826,-1.5122755927410747,Type2,High,0
-0.292112116586009,-1.4392351256776172,-0.3464519668997875,2.6041014356467693,0.8938158576114243,1.7869629000368359,2.737387761807609,-3.789253700891062,-3.4273993135933996,2.6779772761698784,Type3,High,0
-1.5912830890497753,1.8919576647077478,0.7810881003280485,-2.9927001544498806,2.9271437068201767,0.1833195669655352,-3.3547114021451327,-1.1412105552973113,-0.9342775956016443,-0.8614046347829709,Type3,High,0
-0.027658896740334393,-1.9911494032677601,-2.083529221801869,-1.6589234991265713,0.3411377385026936,-0.5062804778276011,-2.3490060981710537,-1.2656130277912279,-1.3874320926501293,-0.747378228746292,Type1,Medium,2
-3.301218112320612,-0.7184990884850841,-1.2413892891967326,-1.3000444035514978,1.1102076375672643,-1.5453476785362494,-3.263199932572226,-2.1606258515359555,-0.040952800591187805,1.3747989145631654,Type1,High,1
2.2355441618958727,1.085117876727395,0.753456011257462,0.6338025996507648,0.9582811643571261,0.42272757017629703,1.4823800804667657,-0.6474240203631938,-0.45529387396430687,0.5135684273533802,Type3,High,0
-1.451364036097547,-0.4049130782905782,-0.15998156772697714,2.291825378542562,0.14217948321833274,-1.7690787816112603,0.9904472537447088,-2.637103519609658,0.6363517070999137,0.24301185700970085,Type3,Low,2
0.5986895126167773,-0.3566803103792856,0.814200384988214,3.0535551148567968,-3.2764276475297427,-1.9380560974441094,3.0434817713193287,0.7484943382010893,2.157019502303569,0.4350843979662737,Type1,Medium,1
2.49127553793502,3.612756290578892,0.9210712398841593,-0.507504483790006,0.3941773230130753,-0.5231720880093091,0.06679851918029366,-2.634019287881795,-0.4021869068782949,1.447010666774807,Type3,High,0
2.3867139923795815,2.151908857192225,3.044108650280311,2.908401370839851,3.2967908664834202,-0.7658521897315005,3.755974644829101,-0.13670692717411514,1.704267304950107,-0.4351636626281992,Type2,Medium,0
-1.7417691268002506,-1.209215854228443,1.379313820300656,3.2094846309548632,-0.2016055336745084,-2.293368860018865,2.3074381002178304,-1.7461807609503226,0.6945170605988118,0.8788823340756451,Type2,High,1
2.2104332896892602,-0.09967400892604639,-0.7501299793474092,2.6269760662860118,2.4661855815350258,-0.14308083273268357,2.447881549342292,-0.9324432403696542,1.196107358839287,-0.553687742029664,Type1,Medium,0
0.8838523251144426,1.5817975597477372,2.3780762522646675,-0.15308222584043585,2.349616361922301,2.2158392522933124,1.3745416448404268,-2.2527386825027573,-3.6090455340984637,-0.27417751336442336,Type1,Medium,0
-2.2402091270425495,-0.5952168775502287,-1.2519212130800312,-0.7737316259692422,1.0833930844237454,-2.7605332735729413,-2.862176179111744,-1.1197217074337742,1.8370194407088851,1.025917985719278,Type2,Medium,1
1.917937361882383,-1.508422481481238,-0.3038098050876159,-1.8274647587834862,2.059670541827474,1.2796711633251245,-0.8342487955649418,-0.598045630246874,-3.130006856641149,-0.7411934002630799,Type1,High,0
1.52597709181122,0.04907249408869929,-0.3280103444266764,-1.208644539843336,-0.4089827753270554,-0.22123331269041957,-0.779379979467154,0.9348802064782253,0.14767965457514506,-1.0402502669908051,Type3,Low,0
2.069713445072102,-0.5613040552746371,1.500954045378916,0.06925917060118225,2.543986770579633,2.3968121056947647,1.8588977325519909,-1.6563813135752847,-4.234809085869126,-1.6235333843984059,Type2,Low,0
-2.538036221864223,-0.7710886005942208,1.2121321670735845,-0.770417074007258,0.3806209550541364,0.2088350400589316,-0.8800482285756058,0.9907597640978256,-0.5306849563067582,-1.1082471527178652,Type1,Medium,2
-1.2482833808235956,-1.501639604955074,-1.851180741004101,-0.06255380940578759,2.9773709332868616,-0.48531721919479387,-1.5067033999283017,0.6655721570057074,1.7546521010280414,-1.7655828024375149,Type3,Medium,2
-0.5687901604581866,-1.971607396181322,-0.6058044919919356,-1.723164994685959,0.6309607217880244,0.9568130560660049,-1.531014718820962,-0.5397622549699058,-2.7290535018321527,0.9356744563857929,Type3,High,2
-0.17926442480408555,4.869286346244657,2.1141578335433393,2.7119480587488933,3.811856426939719,2.402640216509456,3.103370324044462,-0.01933280082444666,2.1855876233924967,-0.7913844860820516,Type1,High,0
1.8084524425378246,-0.014443138453483106,-0.37027491962701986,-2.329360453599816,-1.7950229591862725,-1.1503907577206278,-1.8750946189891455,0.09983308083421538,-0.6672399434316783,-1.1126305612381386,Type3,Low,0
1.7669884479183784,0.7523905731792131,-1.0536014868487777,-0.7074254992459437,3.9223211519477106,4.926246604445315,0.5841024632778022,-0.16355140670563184,-2.6951962186819647,-0.5573549836553883,Type3,Low,0
2.343324038134599,-0.5707297144306027,-0.2853493507881486,0.4590002047229026,1.1325187107120844,-0.3819908011766846,0.8283216434635126,-1.2767563412210492,-0.8502239425614853,1.4345402087170027,Type2,Low,0
0.05708430598586556,-1.853662147579922,-1.0702142850365732,-1.8946253985342452,2.253052682829244,0.17599608038728787,-2.148674155569396,-3.910313637775845,-4.221283520139307,1.330807242034411,Type2,Medium,2
0.8009138050496798,0.1272962847140483,0.3840045152113454,2.3048284107985975,2.391433553799888,0.3338191073134903,2.329845367397979,0.9439809308878178,1.7808895464708416,0.2085048211632423,Type2,Medium,0
-0.6005727816319062,-3.6772205604541077,-0.2023716423399926,-1.567264237922239,0.6409791260300726,-1.6851854367395238,-1.9391154865853548,-2.8720470671648557,-3.7618070159124204,0.5834429784980668,Type2,Low,2
4.974252954301838,-1.4637005079909078,0.37103969328102093,2.528337604589347,2.204411067727424,-4.323680923972034,2.5090263240502866,4.1769343322776935,6.080524379591141,-1.6671563371773557,Type3,Low,1
-1.2284763018215994,-2.3320950655948627,1.003358684290057,1.4853209442876798,-0.630876845474033,-2.0052450529940486,1.0252747877717237,-0.2674676835249423,0.03477631925496403,0.7834863215921029,Type1,High,1
1.4969059640131384,1.4861785148735938,0.9818895362043221,-2.214648118995473,1.0621596057321707,0.8388662990509286,-1.1434938695420944,0.23728775993436768,-1.278316444436006,1.3708991883097699,Type1,Low,2
2.85531646220666,0.6106680093535937,0.5533667322924078,0.4863384835737574,3.109280477991327,2.872454019627275,2.0752885145437165,-0.7602872103726739,-2.390236084246432,-0.86303490708299,Type1,Low,0
2.7966595958963496,-1.1045696054446659,1.4624868736437673,2.134347879972947,-2.202786676599267,-0.540084111438401,3.5729248859575824,1.0270077435224105,-0.24961828606390393,-0.6433243957646548,Type2,High,1
2.6422258172743502,-0.5436456506023897,-0.3364547292309197,3.236527623119443,-0.10372065220987325,-3.8704825154005524,2.4410393982255973,3.4120487442453937,6.5440512913036315,1.2446527815353008,Type2,Low,1
1.917404251230937,-1.8539931527116496,0.20168264843114891,-1.3797165260103297,0.08741294227891239,1.5758391938618546,0.11991151649946016,-0.9301766392699237,-4.280289817883679,-1.5201757055584442,Type1,High,0
4.289914625542272,-2.6502160228581886,-1.7101494252958167,-2.1674352735071634,-1.6332280668557613,0.5144438703412911,-0.6953680141822145,-0.018747377694356193,-3.275990014166424,-0.4156882002895627,Type2,Low,0
-2.16796476081841,-4.678864973645011,4.009962269955764,5.062635668148501,-0.2042634487784406,-1.4076425844418947,5.5682271789808055,-1.4408781156630153,-2.6293773839411885,-1.0939142302122355,Type1,Medium,1
-2.1095250496336293,0.9226343562856258,-4.925909299248348,0.7588494440620435,0.33705302127121384,3.0609944050996836,-1.1071889610421446,-3.7085177634301427,-0.700279955792267,0.8015143188770092,Type3,Low,0
0.9332977224636264,-2.4401442850602812,-1.3583157772708758,-0.0003254249448900737,-2.0427317803259144,1.0374215955557022,0.5511760081356326,-1.4760672344112469,-3.2310189414582355,-1.9801504590549874,Type2,High,1
1.077068783746308,-1.0092367198058443,1.9178367861635186,0.491683501526729,-0.6177179482974988,-1.3103808957503595,1.29239790950973,-0.32935618500537156,-1.1420304190957933,-0.6463152957693439,Type3,Low,2
-3.1301169989315265,0.8795818381479847,0.01091321822821445,1.0849920565109663,3.043851756830595,-1.9360984128401069,-1.0485067969688797,-1.174304893739675,2.832744352232107,-0.9004292254644896,Type3,Medium,2
-0.1812533872286901,0.10243814558043063,-1.8652125397464752,3.159855272710868,0.6199135803533502,-4.868469577820736,0.39950469540688716,1.9536970279543904,8.159154488718828,1.869269283216241,Type3,High,1
6.063156498460304,1.5514755897375876,1.2769528150665277,-0.011618152682491667,1.2074628140889239,-2.4542833787215304,1.2905841970566696,1.2291990908341983,2.1869265298984155,1.3839804911720175,Type3,Low,0
0.23000589749581057,-1.8046456919676424,-1.4248911155447825,1.6663515082978315,1.6584541449587404,0.9060854790407573,1.3215978907450532,1.2485614768016684,1.0472760712627887,1.6226375380354172,Type3,Low,2
-2.3408585829399984,0.11207863792537376,-0.5474119132700344,3.0544817414003083,1.914656415011962,-2.954674693053385,0.604924002319907,-3.914914542866002,2.0255927936940834,0.39440853272418014,Type3,Medium,2
4.15505610282627,-0.571576718465315,0.45631538829964113,-3.6423610189604223,-3.1513600973298193,1.3769312419155362,-0.9935962572556338,-2.7413843608414923,-6.955561816470856,-0.4438583504493367,Type1,Medium,2
-1.5587569037661335,-2.2884644463799533,1.5552173361611517,0.39750943590754884,-0.30633096040244046,-1.4384155284436588,0.29770640856814257,-1.3213989485466215,-1.9395939276588023,-0.33265481807827224,Type1,Low,2
2.468934140121501,0.5374772306003572,-0.28719331229665446,-1.4976917752047874,-1.396218082216782,0.9774871091634526,-0.2866592585364135,0.7106886466000579,-1.1367662963297667,-0.5313638668636889,Type1,Low,2
-1.5646820975115172,-1.4954104918971503,-1.5983865059938362,-1.8189062645793745,-1.5374588857684417,-1.2114177113645643,-2.8316320323734554,1.5150050251704945,1.1308337809316495,-0.041608457731060706,Type2,High,1
-0.4252740958152399,-2.2225933481437785,3.4793603627238108,1.9237347294868572,-0.11230719299898162,-0.2652349076340954,3.1704704224040503,0.3343418685410864,-2.103885938660856,-0.02930114321826882,Type1,Low,2
-2.0669522752252973,-0.570986555211078,0.28214900509496377,1.4869660706637557,1.5857496295991513,-2.725794564341638,-0.19993602586117495,-2.1803885780728964,1.2984689913653353,1.2676393760604587,Type1,High,2
3.0355180110811824,-0.6634566110394151,-0.39933547712408757,-1.1619254540851907,0.3405239672760426,2.2018931850182963,0.47148784700041785,-1.0943712578406752,-3.7707731606697386,-1.441519826963828,Type1,High,0
-0.623119352023144,0.5970377569594676,-3.6919604586227925,0.5848360700711359,-2.372749760429474,-0.5338362055622261,-1.1152752395744367,1.4230675319738926,4.106676385616516,0.15469674934532343,Type2,Medium,1
2.274392329947304,-1.6627741357480272,-1.2730366724078186,-1.2214807468965234,1.7338883324641774,0.6155679442775164,-0.7039942913906279,2.9285978857270276,0.7220668332115986,0.6788438705261987,Type3,Low,1
0.6524455641819857,-1.2656334178637998,0.01140665207695335,-3.0563786697732995,0.7066939784166284,0.3021946575299336,-2.4224807870290532,-2.443901802626563,-4.4636517842791,0.18456435254537817,Type3,Medium,2
2.453734171536266,2.335094527334916,-1.5630410800902674,-2.422083544690085,1.3740671746230024,3.0049069796344248,-1.4896950673398992,-1.9000194946668834,-2.651699499909353,-0.5911167373847088,Type1,Medium,2
0.8106964852397998,-4.065984062134218,0.48337853097863115,-0.0033682014304219354,-0.4958871682142034,-1.3513275705840662,0.4739422788652511,-1.359213054914466,-3.2116921788923785,-1.0248061533371278,Type2,High,2
2.945484741950053,-0.833255871531009,2.394061634949179,2.920207048309085,-0.08763361513388301,-0.7976784744397543,4.345968658858624,-1.0019506745440108,-1.2153998981527798,-0.24468450883413131,Type2,Low,2
2.777914244092912,-2.1535398432444555,-0.05714891949477674,-0.8972843498701288,0.6075105709075967,4.234782076656883,1.5664186425773492,-0.3927437471024785,-5.754421305870601,-1.4646020632506243,Type2,High,0
-0.5437202255603293,-0.2979925577092509,0.636616071766444,2.2188147041732016,-2.2144422550820964,-1.1077635284942564,1.992840048302606,-1.8822856235941188,-0.3469013170190554,1.3034334415157371,Type1,Low,2
-3.257821218021649,0.4737383578883043,-0.27078741218539526,2.6808370758584195,1.6309934702435336,-1.863691994196145,0.45288168644600385,-2.634135666433582,2.151637481691052,1.6065473862883348,Type3,High,2
0.46678451511109675,-0.06230820247794333,2.053713629202684,-0.777813260372619,-0.16556651357523355,1.4876633133020447,0.7682486705571716,-1.1160176154227055,-3.786799830273771,-0.0669599032971397,Type3,Low,0
0.7707376904438297,1.6457370142864407,-0.9903087078766926,-2.327614373879619,0.9162874016451021,1.1798112365594506,-2.154715868770983,-0.054177390602343944,-0.40353062748567325,0.006464187197597223,Type1,High,0
1.6133665676785545,-2.3721581652455734,-0.2802691311434937,0.37290588639983546,0.2684301358280605,0.22375144608433395,1.0146656869412178,-0.5080601379197314,-1.995941801620323,0.19592214835427738,Type2,Low,1
-2.079711875272509,3.290429035299683,0.8710001467902511,-0.9686397143879593,4.210301880532854,2.7858858756183174,-1.067047943540208,-0.03972416298693093,0.1334799589990299,0.4556870289146901,Type1,Low,0
2.812702655972565,-1.7059809003515134,-0.9353073354644668,-1.906683696357482,2.1087082654556837,0.0015234521547315971,-1.2595805642069429,2.8198182635874947,0.4983036377266694,0.5237772115586787,Type1,High,1
0.5930320815828725,3.0965607750485518,0.7248593790385836,-0.6445811910899517,-0.4233255354293839,2.5925990687211895,0.4600152819211497,0.3114464954393261,-0.6560104429413527,-1.3133748664752432,Type3,Low,0
-2.242923591777538,-1.3593659856956959,-0.5156888113099399,1.921338988974393,-3.8910479188601617,1.3215412797885966,1.826641222346447,-1.4478001771630056,-2.027434392687412,1.6407289410055337,Type1,Medium,1
4.004037214226854,-1.1813992888780709,0.2758283874478902,2.352504376934923,2.262010846065185,-3.8501062782160305,2.126462686033334,3.6960550920265276,5.692828650183311,-0.08195178506309544,Type3,Medium,1
1.6474486301078222,-1.2894125772442147,-0.6167521200483688,1.945485013351306,1.994814809426988,0.9835655595245962,2.2598461315581164,-0.3673914272441584,-0.43674532819013206,1.5701314155797115,Type3,Low,0
-1.6657732182624656,1.8983861389341536,2.5477456423990534,-1.4397121893498195,4.162522298762349,1.6619525838702847,-0.9246990401414689,-2.4983911845052313,-3.134769095209472,1.0667188300543264,Type1,High,0
1.437650138170365,-3.8874258394602137,1.304280230771372,-2.536916886463491,-0.7453799960258254,0.11585734578292095,-0.8023895143385049,-0.6879894474856394,-5.6552459485503865,-0.13256567734489694,Type3,High,0
-0.5217245454928021,1.6941385022144697,-3.622608529665153,-0.7000525681704888,-1.51641673545734,3.921316536829502,-1.0024690035995836,-2.60984455672589,-2.1801911074957987,1.3141518113477852,Type3,Low,0
-0.0365219386869271,-0.14986183876475545,-0.5200825875084822,-1.4930774075875317,1.616275146215445,0.846390772787446,-1.4548397208542154,0.09669196116341694,-0.8094260958126178,-0.41665478787825744,Type3,Low,2
1.987549889111846,1.3402694102250114,0.7321638733092453,-0.15677844264252494,0.981003600594039,1.6469588161646374,1.0526844341237176,-0.5745143651252447,-1.5077850617777393,-0.8824590482322486,Type3,High,0
0.46726938246659955,1.115620919614988,1.5035420256889358,-0.6655027335315151,2.0084229255553954,0.6709954705322375,0.050319005654871275,2.8959162972774406,1.4446110792536446,0.12913695314517243,Type1,High,2
-0.3863311204266491,4.440728385687896,-1.6418119207279305,0.303400768162401,0.7328054158109665,1.6827934437169212,-0.5153968544984714,-1.560304142648279,1.8256139125331292,0.21690644373236276,Type1,Low,0
0.31490985699921104,-0.3929486934096742,-3.174628382874538,0.8155826757506612,-0.6927451939131899,-1.2889339858030482,-0.7285190968091939,2.123615666133312,4.5048163606527005,-0.4311468831819377,Type3,Medium,1
1.1186372968145797,2.094122043343953,0.14865051907437465,-0.10490649628402537,-1.0041787858519675,-1.8320323266495877,-0.4075061218579328,-1.120133102116227,1.4043050909979646,1.2271516741227928,Type3,Low,1
0.9729357783048433,-0.4741414507515659,-1.7225753658738396,-0.6129266213426392,-0.11784632874328438,0.08868846319848633,-0.8414384546919372,1.6929513608971365,1.44752423985166,0.08985616291338219,Type2,Medium,1
0.7300752696206734,4.290444654630679,0.16645693094124403,0.9585326968270376,2.3847164476289535,0.1378104306874336,0.4928490170866059,0.09745978978802583,3.4950662508727866,0.539473373693372,Type2,Low,0
0.7635036489972726,-0.05686477449823646,1.1797093411782795,1.6817053737735739,0.605939145526025,-3.718346351567553,0.9492525620934029,-1.0959063778766758,2.083180087819973,-1.3461360359559427,Type1,Medium,1
5.869339434571174,-1.4467672139819383,0.8753915907252927,3.199448312430018,2.3957701342039783,-0.6141194300218709,4.784529020669063,4.057355721135014,3.078330749314838,2.5046166802715693,Type1,High,0
3.2963166083340685,3.773584761747761,-1.358649615539988,0.15689458136121925,2.9568346467768962,3.6725231309056383,1.0857148868327757,-1.2370892514951204,-0.3806364837204492,0.6441898605375508,Type2,Low,0
1.5009495122160952,0.4350814360340397,-0.28258594391606917,-0.9660167496649804,-0.8959193107387191,-0.7953027487789148,-0.7266169090683803,0.6476310760762798,0.6336153399920705,0.26320292299676007,Type1,Medium,0
-1.8968889246084504,3.8823973359747965,-1.366266493451232,2.544794585290152,2.2160920010172216,1.6127780906184601,1.0242550072905117,-2.428639061498551,2.3679883839814972,0.5422987693057414,Type3,High,0
0.17824366933531244,-0.5922404188264032,-1.8203113971470706,2.21722039521096,-0.9412429784749545,-2.4534464591598937,0.7081861864490961,1.92516582957172,4.976204726309851,0.7910298599579032,Type2,High,1
3.321297539765125,-1.4046460639167655,0.6802440712470168,1.6339146992745919,1.1694252494247275,-1.8780246022971134,2.215581873394215,3.847173696520709,3.4607769071233965,0.5555756081410355,Type1,Medium,1
-1.1609059709639582,0.8139889842589447,-1.6557728220215053,1.7655206291628298,3.427416386070022,-1.5003882134789044,-0.398954799648465,-2.9769569187376606,2.179052599006942,-0.5998741686008157,Type3,High,2
-0.11849135912661501,-2.3628308690078548,-1.167976228089219,-1.6576016341962414,0.7050799201151501,-0.18703677196073643,-1.9027919150781967,-1.0846297247207692,-2.215282220001806,-2.0598049874083224,Type3,High,2
3.3144152690556568,-0.4891281575942712,1.3734629929505582,4.173651629651668,-1.5948793070696787,-3.9013679294266184,4.332470997496517,3.5871692857880713,5.773255224157434,0.06651827396067966,Type2,Medium,1
3.007049151731916,-0.19691853232698953,-1.3267390042983684,-0.16839797301303916,1.0181260536142571,-1.862231067204175,-0.4708457717323034,-2.303004830879913,-0.07169688551498395,-1.4310186480793956,Type2,Low,0
1.577225729917679,1.4535181796124605,-4.030366339288133,0.760820444730595,0.3023187354880904,1.4148509739284032,-0.15594831971605685,1.5234025327726455,3.6587958426755147,0.47107328094345274,Type2,Medium,0
0.14144080270303117,-1.3937278462600404,2.6959293675139153,2.7405657104163104,0.6141161686369396,-2.562839191848899,2.84405875950254,-0.8445438915898417,0.23319649635835535,0.5600151474079267,Type2,Medium,1
0.79927184450221,-0.6758883389959547,-1.5469459566242891,-2.072453499504206,2.2125764320808914,-1.0432640577391115,-2.757297205448452,0.47825455255516913,0.8697054895748909,1.1941601825244574,Type1,High,1
0.8075005006700003,1.5660351739610876,-1.071229429305226,0.42439049148713504,0.8856536055817836,0.03730560827553564,-0.06876375045218588,-3.0250635340294147,-0.3939262438501145,-0.441605223421021,Type3,Low,0
-1.3993639676354483,-0.8535670225437879,-1.5084288078938641,1.1270681814070422,5.4800897629527,1.211884152412475,-0.1293338363484533,0.2180179294401201,1.4319861328732155,1.583377881529533,Type2,High,2
4.381521109710901,-2.0256219684790526,4.209402686133037,2.383362560662007,2.4906477175513664,-0.668740281336871,4.946617988093237,2.4811507783544906,-0.6270369335609522,1.1393810148356187,Type1,High,0
-1.4419294015793664,-2.859764974709,0.37061123122674855,0.25238164022272125,-3.234612941509373,0.5115424123400689,0.7668396980030375,1.8468629281584659,-1.3179055392885695,-0.15874172676937212,Type3,Low,1
-0.39019145450869686,3.0533015715828284,-2.2821817768013313,-3.4826455429679575,-4.234061707800185,1.1018909463447342,-3.6907743742274834,-0.06478736767036175,0.034575396948853046,-1.1809034515708055,Type1,Medium,1
-0.6451287618753594,-1.6776564573990251,0.12431801129069742,1.3015627647019834,-1.380157043445887,-0.0418759930629502,1.3343236404301018,-1.0787385866675652,-1.4445159710528217,-1.8045131792870404,Type2,Medium,1
3.334038694538456,-0.8931306453607992,0.7499214625316903,3.718380086340013,-2.7366578244542947,-1.6236911988209466,4.5859362547276055,3.400381819347032,3.5616810998606874,-0.44967507314622424,Type2,Medium,1
3.124600204192839,-2.2999609040772087,0.043046456473660344,1.4513412277592639,1.8167696597530458,-0.27097822285568407,2.2505282038952696,-0.4489801996437198,-1.1573422008747731,-0.4320016042509393,Type1,Low,0
0.954492827084129,-1.1868323095339575,-3.989837975621064,1.8702113699228478,0.8832486736564834,2.2237763566582913,1.137800300332546,-0.3109746608535662,0.6688556938609569,-0.4344807125496473,Type1,Low,0
-1.3748406286804633,-1.9677982655522712,1.948164249051154,1.1723849758659735,1.0090463164278327,-2.988517268812248,0.5241383582467711,-2.112117282304382,-0.7787712122570193,-0.0912575523316285,Type2,Low,2
-0.3409034045420132,-1.6435299624149424,-2.400424527947236,-0.6635410465614561,2.754318850156488,1.07145284404112,-1.464099292427667,-2.233186121575856,-1.8938907298216379,-1.8772241068052957,Type2,Low,2
0.35461336536946164,0.7174716592299726,1.335742165736651,1.124114827432472,-0.8683254373905819,-1.250652404934605,1.2619746940764138,-1.653576483379883,-0.2908809521955393,-0.4675571098206837,Type2,Medium,1
-1.660547224629251,-2.2407334796389233,2.0607076707872167,2.2685743770747786,-1.1689508290447166,-0.39074040454129444,2.6008608223614815,-0.40901832519323456,-1.51514791388782,0.8981397208166358,Type1,Medium,1
3.714974488569951,0.4190324414893696,-1.7326039037625436,-0.29108501382614616,1.4775012219549102,2.3730431720068985,0.7479126497639593,-1.5992522165320269,-2.2219155366117245,1.011847083639415,Type1,Medium,2
1.6267939335537958,1.3219463662774058,0.8496310091827637,0.8990542287119974,-1.394516953274614,-1.752559560713867,1.0931553204911089,-0.7155369897653244,1.0607085665510212,0.48306335926132365,Type2,High,1
-0.6062386971561156,-1.1981123328396734,1.2946252262436295,0.967059308094104,-0.37522992653920384,-0.17292946619341276,1.3138290171969935,-0.6763467276492402,-1.431008425780606,-0.310368783581295,Type3,Medium,2
-2.3616699138381456,-2.495217559052636,0.04341479208012822,-0.6172468213729012,-0.710884379584902,-0.07364828303886195,-0.9631402768195672,-1.0945881533758377,-2.4706105777577614,0.4104297531945024,Type2,High,1
2.281063231977815,-1.6672371265135326,-0.5264268825970757,-1.359771300856703,0.48670543118067466,0.2894137604091165,-0.5141096423859117,0.6322391815671314,-1.5279329465659475,0.03092541778249925,Type3,High,1
1.1714987358164342,0.46333453963369053,-4.009360052109097,1.018808062808934,1.1991159257668798,1.3550951735327303,-0.05914197462330801,0.6102380511262007,2.716095589993159,-0.041737132376478726,Type3,Low,2
-5.014126887952475,1.605485270414749,-0.13585732322344235,0.99436562465854,3.2869214943175376,-0.13048657340934255,-1.2758624639477025,0.15888816911275927,3.3649246855270674,-0.2243821098913365,Type1,Medium,2
2.8790717478359067,-2.1052421263103187,-1.1747082095944776,1.402641761457795,0.8413846327719432,-3.219181780159105,0.7843928152279165,2.342434145762197,3.9183586685940046,1.6190092872873014,Type1,Medium,1
-2.4296981364678816,-1.6765069235637062,-1.281196670602509,-1.2772620764827356,-1.042797957626662,-1.1138186422773633,-2.489464565095998,0.857701937682521,0.7660314770667298,0.4569673645334697,Type1,Medium,1
2.0736310924671315,-2.1616207442186335,3.0561504881274537,1.3299596188566425,2.0754085711520567,-1.9114058800283196,2.4490931425627758,-0.23899122078917623,-1.3244194208008475,-0.9925556137638796,Type2,High,2
3.351035532911547,-1.3729543286172898,0.28525397900911065,-0.28182159660284256,1.1323828626885535,2.236615002405388,1.6374938768210856,-1.5190724574001324,-4.46726440593681,0.13507187986179395,Type1,Medium,0
-3.2785117196687112,-1.459594873616855,0.3105881546160607,-0.9316653709566991,-0.3741287190205358,0.9956143403622317,-1.2315424619969009,-2.5442581024857267,-3.799557398983323,0.4083044634178372,Type1,High,1
1.3362289556316105,-0.4273100947776989,0.9545523175807373,2.234451523080426,-1.1486277868267278,-2.1909396317257253,2.280116919513076,0.8309429808030838,2.1245929339147356,-2.0084837161435005,Type3,High,1
-0.9990234409545153,2.271993964239271,-5.102862491897265,1.2538827877773877,0.4840961410631366,2.4653458058978455,-0.7248815309970669,-1.6999755811002815,2.354866095464524,-0.3363223685796622,Type1,High,0
0.026261838551802974,-3.0317170163504974,3.817225895745043,4.097871196920515,-0.5076578872390344,-1.3359534815558478,5.1851438520306825,-0.6419709675953216,-1.811871702655823,-1.834391306280583,Type3,Low,1
2.5884777630297693,1.2511404219398412,-2.112064407456522,1.0262161440021198,4.408750203353785,3.2277575521124264,1.307594866905917,-2.008586384609111,-0.9921102191070654,0.1646078453081554,Type3,High,2
0.6106696815655921,-0.8642935013048171,-2.42571349512074,-1.8576200920694914,-2.3102563815932395,0.6850866566920968,-1.8972780975520471,0.3564258040035193,-0.8204883072196726,-0.5354218773333488,Type1,High,2
1.918039735363961,0.9309542166150571,0.4921623622516166,0.8941390285415041,3.559380410971091,3.982484473263336,2.414352364136235,-0.10260288408854679,-2.0342802278719727,-1.2533911712241548,Type2,Low,0
-1.092086233178101,1.12623076820147,-4.5257757618999115,-2.846963854108944,2.357952661149275,1.6751046078445941,-4.589580184832492,-3.693094250840493,-1.3843392317309398,-0.8609011084935029,Type3,Medium,2
-1.539686837679345,0.6835724515300143,1.75752759405444,4.1897516404606705,3.6554350982696566,-0.4289138794566717,3.4061737400154395,-0.5968375835751307,2.332609444352031,0.6100587675562035,Type3,High,2
-0.3489920601904406,-2.929121418862845,-0.261638505232078,0.08241189263405424,1.0920783455281349,-0.6274767462410451,-0.15421580867173637,-0.11030256651549963,-1.0712029390422382,-1.1993771154099337,Type3,Low,2
1.4815871689776914,-2.3528887556854725,-1.133418371598029,-1.4503592402778624,0.6797938108122052,0.11787053923908042,-1.1208929390972584,-3.2452884859504265,-4.281246226772392,-1.2831450084462561,Type2,Medium,2
1.6303180075616952,0.4164231962102558,3.282157335368683,2.1263456709414728,1.5932444212361339,1.0036814318105778,3.85563226618586,-0.3274737758502412,-1.6596045458268949,-1.6114674308385473,Type3,Medium,0
