feature_0,feature_1,feature_2,feature_3,feature_4,feature_5,feature_6,feature_7,feature_8,feature_9,feature_10,feature_11,feature_12,feature_13,feature_14,category_A,category_B,target
-0.5016605026008459,-0.4901803360672571,-0.14263699803058405,0.5504235978892296,-0.17891899578689366,-0.4485052432738398,1.5365025209325938,0.336844502801956,-0.4516392895515635,-5.78225981470629,0.46853701056017627,0.5574302874712542,4.697001438845846,1.5682178868677268,0.8644343617060125,Type2,High,0
-6.304227325407645,2.757442057570651,-0.7997111926824976,-3.3841047888054403,0.21917021369043294,1.0124795889325062,2.1486890513266967,0.47024993918574975,-0.01606802134659102,1.576532134364777,-1.8940890528220211,-1.0620366662754863,1.4414913396710052,-3.375429548745374,4.656487515670572,Type2,Low,2
-3.4851268357015157,2.5949248906015323,-2.3871759219814956,0.16532301925346404,-0.05949496648047176,0.9060524775838708,-0.382065539978796,3.422238060171373,-3.8152301065645893,-0.9876309267968814,-4.609319091225792,0.7804667886468013,-2.3994105847482166,-1.713197697364496,1.9723565975906718,Type4,High,0
-1.3327674094554158,-1.5693963742642905,-1.1998035407970915,0.09863185536918806,0.2563449776515816,1.612360842841363,-0.32489248384264924,1.685277959233281,-2.6298644182323136,-1.0466515567481072,-1.0875189939140062,-0.6951676553164858,0.6715173112650268,-0.1976890561808431,3.511252939196546,Type1,High,0
5.672674414327074,-2.279754474677456,-0.18120886589691731,2.4651035584234284,-0.8184576733140416,-0.43787340262635044,-2.009089511943616,1.001533988703662,0.28503421504848925,1.3310786921964253,1.9962389398860139,-0.9987259287436792,-0.7377592771940484,-0.660038862770014,-2.8607664297029953,Type4,High,1
3.5519052742649175,2.2456797909717143,-1.9817143913762068,1.421499417250464,-0.545546172593574,-2.2242331874015924,-2.0624838206002387,2.4756215139053612,-1.4815582190220988,-1.2263726373515795,-1.9123028242592977,1.3415654819809009,5.144551642433019,-3.7893154392689725,-2.4376283838222843,Type1,Low,1
-1.342822292679186,-0.7129541877150252,0.682192665234644,-0.9295897277698798,-0.49293315728106646,2.6464355266671755,1.3530777081441205,2.2889119271268914,-0.09836129080980194,-1.2401428983101868,0.3148171453140378,-0.018361817095647444,-2.0007904304291184,-0.00949291740141128,2.496069785157699,Type1,Medium,2
4.045479567578343,0.921323752031922,1.724261495414095,-1.7770061479500638,-0.8808023308628828,-1.5898866009585981,0.04870236129555627,-0.2613502381152124,-3.788522866426346,1.1416758726735505,-1.5402742144443509,0.7192658541312512,-0.3989600295281872,0.8269599120799417,-1.795710331479757,Type2,Medium,0
2.9566377975975935,1.934428263495974,-0.9845187429020085,0.3137213805760526,-0.7441139651061446,1.1450477034884903,-0.3379265452243305,-1.5059414579987949,-0.4865776252401226,0.019988099502264545,2.2871503712431327,0.6945501040036444,-3.4463987286174813,4.823103866617871,-3.960826680659532,Type4,Medium,0
-1.8970513409526029,-1.3318009057049975,-1.2345346664822796,4.7712033453088,-0.7948053454859894,-4.2278536734480445,0.3456570403425817,0.14493873993198247,-1.2451268278484857,-2.4891452614287037,-1.4525194228748648,-0.23332212603649682,1.9221354889268674,-2.8057718572613877,0.566499249029091,Type1,High,0
4.587402587073244,-0.563361781958448,0.5180324981313906,-0.7596252000215968,-0.5666049539441838,2.507595251288054,-1.7726979090879502,1.3923971271196254,-0.6923630761572495,1.2521013600357693,1.9854619297356821,-0.13080610876552373,1.8818550550895834,-0.8195320423380292,0.8197928055388732,Type2,High,1
-4.094437735229162,-0.4176142381623318,-2.215111180196476,-0.528679965209969,-0.42059153444004027,-0.4638555518462382,2.5381926665210552,2.332574202216548,1.055930851575662,0.07144916037046034,-1.2798560722804366,-1.07129887026688,-1.9275622777697006,-2.3460227580536173,0.5172083477421974,Type3,Medium,0
-0.2110027976315517,0.6135611985952613,-2.665534569982471,-2.35576092502947,-0.16128683367420105,3.5726055893450517,-1.0474329950335712,-1.8932767961122678,2.4297262605781533,-1.9156773007124457,2.246140002625299,-0.029049952514663413,2.3317873821752517,6.231973997751388,-1.7460357487812224,Type1,High,2
-1.7962853854137368,-0.38460081484935316,-1.6876885612049028,0.18535885247899087,0.6889118217969987,0.3382105100451043,0.982461931974242,2.104035236785837,-2.848088777304013,0.18803169945129206,-1.4296953258662797,-1.5900777401244082,-1.4785200934813045,-1.5413584002215965,2.3215565841581496,Type1,Low,0
-2.848036536286324,0.62895063621057,-0.4976605789206243,0.9215377664317471,0.845482284145223,-1.1148075782325764,-1.6642458538294997,-1.3894242692633525,-3.7569864346396593,0.4976505050959048,-4.253047323175952,-0.19210455654989575,-2.7786370810774894,1.7396453315919005,0.9332891939890156,Type4,High,1
-2.7565627128058665,-0.9053112695820548,-1.7986516301303594,3.4867061756794984,0.6780799393850981,-3.4039712694837405,2.065753418795472,0.10315023430637005,0.1573232850519375,-2.9522411431475364,-0.1187448357581764,0.9975385929663236,1.2890478500437768,-1.6181779451995364,-0.0765983002722983,Type3,High,0
-6.427631465941823,-1.552227380252853,1.1839455612659537,1.4187244488737862,-0.6393198297925317,-0.09445469817796873,-2.172094108814049,-4.1520577470858555,-2.764042176249183,-2.0608204779175594,-4.839378684016175,-1.108948952704328,-4.2341796021061615,6.700104858334245,2.592588513726332,Type2,Low,1
-6.358956546264111,1.5099420893393574,-1.3872686840277553,1.137310612017248,-0.5319614573942383,1.4903528840631373,-2.0311002125243567,-2.6187958448838247,-1.1505851377516452,-2.8703691553130177,-3.1639546680272996,-0.860792203752028,-1.6739719372195492,5.129480544368871,1.962015340735105,Type1,High,1
-6.939912559425603,0.8099278926671352,-2.173075173908276,-2.444830260326599,0.8810201840556517,2.0383993207646935,1.0953297424010844,0.6185846565962472,1.20083219781414,-0.6393633421425033,-2.0633726413101714,-0.9226118354668165,0.5874347225879476,-0.16301842570306552,3.3635128093901465,Type3,High,2
3.633392457775321,-2.1126300089090435,-1.86711652905821,-0.37122030760702107,-0.2322156326447411,-0.9073911226315582,4.751318075485562,3.2426060134217862,-1.0057795173260067,0.6803265486134629,3.6803465912556286,0.19732424223386374,-1.7285006753803778,-2.0062127054580396,-1.7451899054592714,Type3,High,0
-3.5093130869269933,0.20278888174796772,0.7158268646552568,-1.5371365102916785,-2.4941955180760433,2.010757452077146,0.5612692600367827,-2.5464696685878603,-2.646656145368453,-1.2861943956585749,-1.0139753267049263,2.02444762756604,-2.563199059133866,5.567632460712404,2.7395170393077106,Type1,High,2
-0.43861592733050797,-1.328548893894518,1.5383374272960761,0.5897332521729786,-0.11943788263706824,-0.6259690582386455,-0.5733304749254735,-0.7452036181122033,-1.760738807424877,-1.053460207923022,-1.673704823885553,-0.47267389793993014,-0.682288276951442,1.4575867597489407,1.0410345111532808,Type2,High,0
-5.6898758277066515,-0.5847751006222208,-0.09715387939314035,-1.3038342977763295,-0.7281649001382979,-0.016560331225773047,2.3384303250941167,0.6584236297928951,0.4482746638037616,-2.6422814091487865,-2.8809225064160904,0.6316983467547398,-2.39341867067217,1.6648551188936938,1.1412654222274594,Type2,Medium,1
-3.6746526792699155,0.5794955638462224,1.2097310304342446,-0.7280578006594276,2.535673641278469,-1.057022358009984,3.103704558289432,-1.624494424517931,-1.0300095826095936,-0.6066124298918376,0.20851452777015322,0.20116558831151618,0.6199349822505889,-0.47406757637777347,3.2967222026929717,Type1,Medium,2
5.522046605056448,-1.5584892673382995,2.208632399291786,-0.33083495323473544,2.0591481927525077,-4.279053974244191,2.4053558009874765,3.8863629848434873,-1.3158458704376144,-0.08834113995699755,-1.2919309838845137,-1.0013555776051477,0.5246534340116009,-4.807112994436723,-3.2789563010904246,Type2,Low,1
0.37375717479794246,-1.14829744424103,2.3881905788389286,-1.9501776649493705,1.7018944374152891,-1.7902474176421244,0.6810722914117034,-2.267833153116622,-3.3473471080645787,-1.4056757684877146,-2.5603349236338895,-0.4145339407015539,0.026527934519778418,4.144538093147553,-0.21048955365230326,Type4,High,2
-3.6034836581299037,-0.7870316835507454,-3.24340203865241,-2.481025241237547,-0.7897155821024897,3.8915760624745754,2.1424027068890537,1.4416528983132375,0.22895109976360595,-1.170756527291641,0.8840336289530588,-0.8187800660743506,-2.4093686646743553,3.3533512464080775,1.5234199429681508,Type2,Low,0
3.4489103258829044,-1.8177100424185564,0.5749186018281264,2.5980251391655163,-1.525060470683866,-0.00951883297031284,-2.237724799477734,2.3236115126514085,-0.8965479312166277,-0.5218604038461225,0.12828536686517256,-1.2267989859396826,1.9831019689785185,-3.0141969344394495,0.8989173369989167,Type2,Low,1
-2.265483342206667,0.6879882828691817,2.688268924910397,-1.487838185097578,-0.291483712761721,-0.4616090427622454,0.967636591983473,0.743954362601039,-0.2191063124186926,-1.2974118393628076,-2.6573746639943048,-1.7312650679673098,0.35437200844627603,-1.3622502028261367,1.943205677825155,Type4,Low,0
-2.151173797700338,0.687865551781782,-4.232566362673476,1.3274254958143072,0.26663261246274955,0.8285993022990145,-0.8430311863222377,3.093712379867789,-2.8811091346940536,-0.7314350795673067,-3.1363127079205744,-0.3817802326421663,-3.4077321431257412,0.06013317772252502,-0.2731864606263623,Type1,Low,0
-6.923634254214857,0.04691946075440123,-0.0721911967008193,-0.6035239820673995,-0.3379879252858817,-3.862128324809344,4.969279682707112,-0.4570811828535264,0.929963678731819,-0.21569632077151968,-1.4735231952759595,-1.024282616095902,1.4339272912011563,-4.363525917078708,2.914539805067113,Type1,High,2
5.493789599960882,-1.2037351415352049,-1.3973736004478174,-1.012519548088282,2.810617924246237,0.3467474011853518,0.034030021783596265,1.44601391164471,-2.5839485606178565,1.9663325015850048,1.2875286195301152,-0.7321170055584766,-1.4454081126757312,1.0345270911838869,-2.639833354043613,Type4,Medium,0
-7.95158851716422,-0.7066886355203681,-2.6435483039014507,1.4916044714669012,-1.3391070824234175,0.12741449164201987,1.9053334004809366,-2.2338148067288963,-0.4801052301244264,-2.676855635923596,-0.14002529995321866,0.42064391124468936,0.7307965653181407,1.961305725356024,4.479614081511866,Type4,High,0
-4.473075272719569,2.9518677800554256,-4.848633063554245,1.6518054140731109,0.14465139154044984,2.7256010936991846,-2.1254814934673263,0.5810048371632268,-3.697659171048753,-2.30651799384151,-2.352480778433428,-0.36147653153871095,-0.2886471294661589,2.20131866674056,2.727209912758628,Type4,Low,1
3.114048913143853,-0.861874086168851,1.176806851762183,-1.8012920126294159,-0.16784163651288508,-0.3171193167023213,-0.2539934588824494,3.9161593887636426,-2.7584398769855474,-1.7517619294632998,-3.5560025496041496,-0.19873955543579142,0.41378675296998835,-0.8691419845276245,-0.9874141689420473,Type4,High,1
1.9149688727661343,-0.30658581817341024,0.8586460740202517,1.076169501942507,0.6765804201387406,0.6368429656038103,0.8877110395510004,4.102070269642063,1.4378655356342587,0.6415220799215147,1.4149846753890896,-1.4134822697944798,-0.8689549004370929,-5.42574186882272,0.657474410564838,Type1,High,1
3.671235438834363,-4.378378788650675,-0.04030666949499628,2.726942571625398,1.0064439899032849,0.9859850587281797,-2.2655383422367326,2.7443152128231745,2.784574224458085,2.4274907343096324,2.7363853898948793,-0.9264388994557825,0.9899846893136008,-4.860690282228736,0.8265507496410018,Type4,Medium,1
0.8785520706855402,2.177267326372827,-0.96598431391652,3.1446630863666614,0.30946537655868,1.13171343883649,0.13913767434103974,3.0187902547487218,-0.22881892788810954,-1.66269903616235,1.536938404463387,-0.1756037547371385,-1.3374192081374179,-2.769431624202359,0.29660289168219467,Type3,High,1
5.029820461511208,-1.206421890059856,1.67637943400704,0.5215099669373896,2.4182918205309725,-3.5357189550730888,0.4353995187742381,3.083022858110561,-2.1980019907717465,-1.6177985910429502,-2.6469455644233864,0.3528265977941008,-0.14617768668930897,-1.7969128367247529,-3.817830274068174,Type4,High,1
-3.1289370640325975,-1.083335337531925,0.5017426747689178,0.20473600477152742,-0.7010262337469861,-4.413333152458816,3.1966034326625765,-0.2512414555528608,0.024953442937000192,0.8097149325011623,-1.2249587648130034,0.20864201779814015,2.267834193491482,-4.887782485321692,1.8306301717191251,Type2,Low,2
0.19693934339399824,4.390407418353487,-0.8695470737192433,-2.33153925937946,-0.21505095741264424,-3.3854695818943132,0.2640089148932402,-0.724130379148971,-2.2853097007890044,3.4110252881278273,-3.0829634407254574,-0.09203003358934295,2.117493478896296,-3.3700135474864794,-1.7110362342877299,Type4,Medium,0
3.362577403273614,-2.351790790772724,1.7090310879772876,1.9128182812522898,-0.5165189338756034,0.334410081126474,-1.3947191719046192,-1.5463446685224138,-0.8444361710477274,0.6265829912661955,2.27563390399786,-0.36893259097403047,-0.8275149209422217,1.7418667593290202,0.2383795784700471,Type1,High,1
2.5718920844381215,-2.747966828385648,2.1958609764104473,2.1683658092146256,1.5761259574106552,-9.247903877071527,3.945708181648493,-0.17431962049564964,-0.26315089215710885,1.7285941370172546,-0.16133389254208763,-0.25707846413382146,3.853592885025679,-7.909534673107046,-1.823735084435718,Type1,High,2
-4.246279178788917,4.30993766656381,-0.7384961648620415,-1.4355047623617316,-1.1487286282093003,2.765105144108441,-0.40798384852613734,-1.2111533770985126,0.642694667342024,0.8791203287144721,-0.5543171714615935,0.5269462190343199,-2.2276087329053476,1.3648717324041817,1.4719209511693678,Type2,Low,2
3.4601543700912383,-3.2208966662447343,5.306130096916268,3.6601106161340216,0.5982208130885605,-7.645073523796594,2.741399564524628,5.920062461342784,-1.1028955141763257,-4.5828903745781195,-4.742192822015849,0.5721793837246472,0.19160277329863562,-7.928889043680254,-2.3571643717813955,Type1,Medium,2
-2.034422044913966,4.08569489740483,-4.793843369824867,3.8337012639985715,1.370511559284474,1.0748851631609042,-1.837083606552882,1.1190429053999371,-1.3874050510087048,-0.14551855357111743,0.4436788370004434,-0.6572540235566787,0.6329976060774445,-2.6375766776778877,1.265736266900511,Type2,Low,1
-2.707633736890087,1.836408677198134,0.9012271898079967,-5.348909996043482,-0.13974541446749617,4.235221770848375,1.97973250118288,-1.3756378648223317,-0.21309844730941419,1.3627257525940468,1.6515095743218353,-0.10739685144882034,0.8262256311073177,1.9935731535052257,4.401543799727464,Type3,Medium,2
2.648677031512737,-1.8713561419878806,3.066773048777053,0.01578501694480816,0.7301521140622168,-1.3668363150698961,0.9467881647893573,2.9416198768709623,-0.8266730655473643,-2.5275828456071068,-1.6573965504711818,0.25811761597042004,0.07775562641704137,-1.6067748226970726,-0.53899275684659,Type1,High,2
-0.49330265842850346,-2.046243240305549,-0.5275616698711587,4.040225262771415,-0.3451151409295554,-2.5436131229130345,-1.8962515637280783,2.387287194603082,-3.1374851127033216,0.10262668814570564,-3.505716708521655,-0.5254009747377487,0.03590273090877716,-4.759222405942141,2.1829943086612023,Type3,Low,0
1.7081793716320548,-0.9341114845173251,-1.3337112558591706,-1.6913936033612127,-1.4739519250185793,2.6197649813963326,-1.550969677551862,1.5421240193765964,-2.8142501147457035,0.5875525418802068,-1.6957065339549298,0.3286526124078189,-3.62556730211391,3.634432145312965,-0.9583648932164848,Type4,Low,0
5.000833170241012,-0.294031629162965,1.282226651190709,0.14378060582547625,-0.39741696003845495,-1.8922216414802282,1.2351711020842446,1.692635555858517,-3.392324905378415,1.5255442913454944,-0.22220416770029638,-0.22234768836951774,-3.7638025294571227,-0.7363369297571748,-2.7011850044385604,Type1,Medium,0
-2.9448265696819966,0.4836717908846526,-0.8175561747760118,-2.777909035347149,1.216071919120379,1.0886702951442895,1.7463505007640459,1.1649890842435124,-0.9051612464310819,0.2087896966267171,-1.0662931460424434,-0.025487037055611343,1.5341578274054393,-1.4305018956169075,3.1131826326020158,Type4,Medium,2
1.3439063057153664,-0.7475737911254727,-0.8100680875916194,-0.6246662617104368,-0.9481139684501937,-1.2571986017089964,1.9893013582365544,2.1143545211919914,-2.4640981654655425,0.7146408211839539,-0.8415268193276592,0.2007979139785592,-2.2256217698789884,-1.0416963737664282,-1.0328889172546265,Type4,High,0
-7.7078301693952,-0.4137005839395227,-3.783587750491395,2.929391961056484,1.1917511255579984,-1.0754943353381332,-0.8662813500271929,-0.601102443454625,-0.942755935516313,-2.321709154850729,-3.391980111399772,0.8891430275673704,1.5887957738098968,-0.5522593590792202,3.488130156281939,Type3,Low,0
-3.2201875349773257,0.3364135488209601,-1.095306104025826,4.012398625855072,1.3103823016194398,-3.328860961536566,-0.6068228483938953,0.33251527789804425,-3.724436692064819,-1.6553849681831192,-3.7054667607377922,1.0098534940790427,0.7379001361274111,-2.8748096490350856,2.3667675487427386,Type3,Medium,0
6.725414384387852,-3.1093200952398896,0.9106644345069983,3.0838454665521975,1.0996748093942164,0.10155372212348722,-1.9736014417867314,-0.3594206642307951,-1.2116083292075825,1.4158932204154653,3.2892388513689412,-2.6700999790333615,-2.2565063553266596,1.496786183075417,-2.0782874574569563,Type3,High,1
3.1962568947367753,-1.198065342523905,-2.4696423080730954,-0.11767593265404575,0.9794303523498218,2.2284963988932085,-2.1613247979629833,0.9473353034158719,-0.515362666430718,1.2638441061718575,1.166092811984599,-0.8841316620708443,-0.6543022416801133,1.8863817578732207,-1.6346817063034256,Type1,Medium,0
7.887763537305186,-2.6215896081394936,0.28680058786162077,2.406694897291424,0.8231710105585494,0.7344353951319283,-3.498272190231193,-0.21799864191727725,-0.3482238668137776,3.535529890975496,3.5029544086092317,0.2077997827576764,-1.097863606742508,0.18702167896843558,-2.487185496628678,Type4,High,1
1.5926724324396495,-2.9798853143951614,0.9695578157157534,-0.8434044714719682,1.348222567056998,0.3354015754725337,3.62124961455406,1.7175113602103327,-0.14446228724736399,-0.5220648960197403,2.8402054141086572,0.7384312046880726,-0.8362694332334701,-0.5816045888468427,1.0666356449057692,Type4,Low,0
0.6992036988648472,0.42270413823536956,-0.4890493028537676,-0.09128852997920489,-0.7638486627339589,-2.40422211787224,0.674719374998528,-2.8921868401179704,-0.0245666491889871,1.3083088482340752,1.044531940963806,0.9946224192749955,1.4326366365823902,0.8740023507058633,-1.8007198272007932,Type1,Low,2
6.0509323440205325,1.7973950160294296,-0.3859708220437619,0.6057459398817294,1.2362367061087687,-4.908093315204891,0.5925649976028091,3.32518801763157,-2.406179635933883,0.6522078854762212,-1.384444567966701,-0.3413943742470701,4.6238690095731005,-6.8491921407600085,-3.444412542419279,Type2,Low,1
3.9709357609661597,0.5467881869014231,0.8357831956499291,1.0055404911709884,1.2559459654383198,-2.1735421791163887,-1.5755458946769332,1.9006331430180805,-1.5954620060895788,0.12203122397113708,-1.5459761144253625,0.29861946707825804,3.3148933388964736,-4.003591997995186,-0.9747926848785509,Type4,High,1
5.331916097405627,-1.473875994913104,2.4204386754775022,4.096886475452292,0.17481734991455514,-4.8724443864966345,-1.162520321586431,-2.18104919632453,-1.3893763674641513,1.5267846405681476,0.4927063828898226,0.6950751080610457,-2.1039093234788355,-0.24331618438336328,-4.118194145126193,Type3,High,1
-3.184998553780616,-2.7212659226179525,0.6809345250376799,2.2615500803981226,0.8771010025259578,-1.6527410888390468,1.9484879840356748,0.7726554509298473,-1.448420973055123,0.12038331421511472,-1.235957601425507,0.1710995873048751,-4.23704714253892,-1.6240872409012317,2.431933708808903,Type4,High,1
-0.47213191897934936,0.48816415019584913,1.0684278288313864,-3.099646868948655,-1.3546054341582523,-2.479630230593823,3.580645675848609,-0.31605198459651196,-4.63087225152359,-1.1680009781264722,-2.689362154875088,0.1819710918788573,-0.26132898962088735,1.6715807641416185,0.09956401518286095,Type4,Medium,2
-0.3744525687574394,-0.3611750120143562,2.221488866423238,0.10769088580584252,0.4316259860584671,0.6079345633169743,0.016411138091450006,1.3663097047372685,-0.525447097484461,-1.720185411720831,-1.7193686571576485,1.0544510746789264,-2.5671599430739263,0.5961670673103115,0.5038905746062219,Type1,Medium,2
-5.112639369493343,0.09445953149600261,-0.884773229975617,0.4380743298018286,0.08648981740593759,2.053561737156547,-0.14269123446557774,3.497207673155891,3.663443888367892,1.1302242719886926,-0.8939486780781697,0.48808899966754477,-0.15764946729376805,-6.300940910135783,3.968451451802303,Type4,Low,2
2.2026827242906,-0.4779160363201389,0.4558330957217771,2.992357299671096,-0.8075658147271331,-2.316826811844985,-1.744126944838586,3.089997953589398,-3.7990276549235658,0.5945574823206035,-3.8036472748677244,0.6319264122951593,-3.065972032390583,-3.4277632139014123,-0.742737107090619,Type2,Medium,0
-2.5865520458940914,-1.177250222095711,0.8902598801875881,0.010483341687475223,-0.998388344625265,-2.145101252713608,-0.07859959894481827,1.0716965271344316,-1.1925666974571723,-0.1553455440417556,-4.303427523895477,0.575197065651539,-0.18380292214056482,-2.3086777363038333,1.3467112456683874,Type3,Medium,1
2.399027333504523,2.4286266970846246,0.6887902273289559,-5.078784223952581,0.5608391980881995,-0.15049704420259788,1.918011158066526,0.226238396914193,-3.525142621633907,2.7075975432793715,-0.9467867211410494,-0.14454022044839246,0.6205120312536674,-0.2493528648352091,-0.2521162776742427,Type1,Medium,0
0.9110707211825703,1.499541286903924,0.3312017363626636,2.5494542810036536,-1.5204298521441193,2.478002559181465,-1.278113925923018,2.1186513830807696,2.511373657093853,-2.484985624119557,2.076013307602225,1.025641096646287,0.10706436860869784,-1.3000588522815675,0.1643874322780261,Type4,Low,1
7.545400630443461,-0.4822423970861487,-1.1843145990745882,1.6796068909497883,-0.6254094347326481,-1.375341643036551,-2.673616508443139,1.5405058042349928,-0.8245366977670824,2.5725746206541347,1.5761308466578856,-1.1393479741684913,3.0071614502609454,-3.382640979568085,-3.152427620049959,Type4,High,1
-6.209947621330989,-0.9939052368334664,-1.777843161108466,-1.3987324407304937,-1.0321420999568447,1.0037604436180467,3.2365629120668165,-1.8501950191229084,4.10512216573719,-3.692952610791074,1.1444002266348243,-0.06567292439635014,-0.9632934987787846,5.18212765318384,-0.5797858241026188,Type1,Medium,0
4.467538558541348,0.1527991445898017,2.5538843569408805,-0.3085659565507053,0.8277389887818016,-5.108765301664235,1.6109676830388364,0.1954513962160337,-5.002667736019981,0.9684894159895352,-2.3570653798655092,-0.9528239661171313,0.2893530524135497,-2.1552781073651404,-1.9214631269173406,Type3,High,0
-4.623004654473181,1.2668548862061244,-4.502393562066748,-3.299735317202475,-0.30407049450980767,4.7737475899059545,2.0238609308856605,2.9985657650550626,-1.1031920046283767,-1.1408815157747776,-0.9350363834835457,-2.6980151998720716,-3.923363930016447,3.082007397854053,1.422917994738267,Type3,Medium,0
-1.2623787589354623,-2.419462143673075,-0.4104261630836741,2.110607776365488,-0.8135513073093346,-3.1197735538307176,2.500336382521974,0.8329792041910298,0.917290436581806,0.8473383681688647,0.10470964943695082,-0.6718645076195995,-3.1534731208497226,-2.486882674977498,-1.1226692360384352,Type4,High,0
6.362872091220873,0.40768915592778376,-0.37164012538824065,-0.5260106482176914,-0.38742260011959745,-2.79762754115968,0.4318472151431725,3.1681631779421906,-0.7929928915469102,1.9233543395164014,0.25786163071681156,-1.6604713298033742,3.2160293585610975,-5.457539864662006,-3.306193665000226,Type4,High,1
-2.1171606228377966,0.2730380532746446,-1.8056202982194283,-2.0711388327984706,0.2719941245413601,2.564134584963811,-0.6583066551182684,0.27949130850492676,-0.9225331684046116,-2.586392131422113,-1.9499914956748006,0.5525232328664614,-0.3664541529156229,4.733596529757628,0.016796437483008075,Type3,Medium,0
6.4977628341837566,1.9603540647268294,-2.53038394356306,1.1997687538558843,0.3703826380050328,-4.395239426998511,-1.7950180333932158,2.677131312210345,-2.338000807684152,0.2933944499393262,-2.117621690638459,-0.9765724788143244,5.0479995894380245,-4.460598931600517,-5.3745523208070125,Type4,Medium,1
2.511525876749954,-2.838360395767601,0.9523266291071675,2.8286513741169443,-0.23366419780537248,-3.885893623469743,2.082439109929754,0.8028171392744989,-2.3931955628259782,0.37405388466543865,0.7636466484114397,-0.7934086510328179,-0.5732415390596761,-3.1101118952057023,-0.012439536767938408,Type3,Medium,0
1.3019771028754072,-1.8670073931242248,-5.012090168570625,-0.4905728710379089,-1.3907806034332668,1.0980460212861927,1.6380653075017793,5.61848727546682,-2.6402801362845327,3.4827409000683462,-0.2166283526592362,-2.2709652791276356,-5.018074415443932,-3.2241861782501107,-0.74764766574742,Type3,Low,0
-10.057030599658056,2.930314132012626,-1.8767533807226686,-4.849318735479228,-1.086399886601619,3.5311647461288516,2.705887458051043,-1.8594058981373236,5.569835582430929,-2.2669761898046485,-0.692774993905079,1.022395503475179,-0.6898107837210468,4.4404841704435185,1.1420603073709308,Type4,Medium,2
0.12111650686379848,-2.1639361150886094,-1.6692105151435568,-0.7609896582062381,1.9033130814242465,-0.6507969830344329,3.6014175924610976,1.3783541848742888,-2.434708100869795,-0.7318544806776692,0.4826263551939811,0.7535600250617325,-3.222009903623384,1.8629364244009592,-0.8379814378147454,Type1,High,0
0.3836485462239057,0.4888660302080905,6.230816650868833,1.9742978412574066,-0.760235216803198,-6.598291352567282,1.0213859617556413,-2.2132862900127286,-1.9511422753645506,-1.0362553448091973,-3.9398084065904158,-0.5963393477491515,-1.2843387078610622,-1.7043647468086454,-1.3026875207493673,Type4,Low,1
-8.052034970754262,0.07864574640158395,-2.426402923712577,-1.3772434431729073,-0.4045111673191136,-1.7116888338280722,0.8630394056566784,-1.881629339950094,0.32962742695797076,2.7634046548632076,-3.113821573776187,1.129336792163099,1.788132623181174,-2.792690087410962,3.86486510873816,Type4,Medium,2
-14.921808375485826,3.882595881508558,-3.947052453593684,-4.026741725269822,0.7851548579497323,0.5643899021985437,2.407539444821434,-0.43022036537447683,4.647979643280614,1.6070097174686813,-5.334080756054753,-0.5812889565244118,-1.6776785061840052,-2.237341299699543,2.956957097619179,Type3,Medium,2
-4.778557979352187,1.8392551725816153,-0.26437870353922377,-0.30167292727491823,0.4533204997515322,-1.9778283488142159,0.7377381591372083,-0.45472971931065165,1.184773482274643,2.491835421202307,-2.2716231054714857,0.19016319447550922,0.17459752059767797,-4.423303153759662,1.6804539809681283,Type2,Low,2
6.137712157141392,2.4667616757814006,2.7693618144515164,-3.23234751715317,-0.988042262250959,-4.45605342977999,2.8342820154380246,0.6839932519174645,-4.088254961931347,0.367270221133008,-1.4030954484715261,-0.6949640767214214,2.920795075106245,-2.073292555124354,-3.3317340669805664,Type4,Medium,1
2.4052084321551797,-1.8479999864243788,-3.0786585344411974,-3.6137818154073664,0.15359025634475576,-0.7890603379896439,2.687971911638962,1.1861244165811975,-4.2624395785278075,3.8973417547917135,-0.01796602839870476,0.15134756751307127,-1.4474742591924272,0.273994468111226,-1.0243737487738318,Type2,High,0
-0.30422850013379593,-1.9371252229003444,-1.6181973281786877,-3.325745437506873,1.452635333476702,2.5931362261703206,4.625589306802135,2.0075672443852652,0.6146841781934438,0.13739495439635308,3.3734782028117873,0.25941246073775687,-2.1697989955573886,1.429205473515152,0.6165213490195522,Type3,Medium,0
2.3580947599022712,0.9471024227015187,-2.198008946837831,0.09387219824763826,-0.7128210148442343,-0.2760303743054021,-0.524146466517835,1.902918642604641,-2.0042045409477502,1.8538779976695068,-0.620486031784679,0.17587726191913447,-1.396857136906665,-1.3571325214854055,-1.8865590184686432,Type2,High,0
-3.3871185445129646,0.7813912765713815,2.224193204225285,-0.4838265018924235,1.8405673751381095,-5.0238121919223735,2.719245160833887,-3.099185020368604,3.070199672765315,2.1663353386916437,-0.23520499553607488,-0.8222981122393547,2.9893834003889657,-4.495655878524744,0.38245365386727914,Type1,Low,2
1.4882874320821864,-1.6905276437404335,-0.25799094736351835,0.33366426118671955,0.22882935917896907,-0.667703011446949,1.8398250524743216,1.5349772578445537,-1.2706061367092412,-1.293285256014514,0.7765685740617629,0.4038173938478745,-0.12543286265299713,-0.22478893490970842,-0.19552088987267258,Type4,Medium,0
1.671057779703631,-0.28659939821277924,-2.391197172460291,2.700387623064399,1.5927762143713924,1.108571742416384,-1.7755160070189286,0.8954100498270934,0.8929769559627958,4.231233729466568,3.685853932912292,0.191455111124829,2.0784621093622815,-5.668049498018287,2.4087357722790355,Type3,High,1
0.4229234104602233,0.8286343614813909,1.1736032549863524,0.1958945737329134,-1.1468596719603845,-5.600032139507858,2.163828827548573,1.6604259112418573,-3.9028704134924217,0.23585628232627387,-4.468689436584439,-1.1115754156117073,-0.18162562644091496,-4.369651232472763,-1.1286242618239581,Type1,High,0
1.5878400033568743,-3.3542501163088563,1.187771084096863,-0.2905149447232852,-0.22963539600249672,1.706320943611191,1.0208367751685798,-0.3315932414396474,-1.811460007690518,-1.770629410287734,1.4479830355949215,-0.23880003547004297,-3.1933622432150237,5.118832451349671,0.3458781539019846,Type1,Medium,2
-2.501546321362381,2.0776594446325625,-4.641250334710359,-3.131579201914709,0.2395546213963597,3.204937492429278,1.9013026286607198,1.7566843309009594,0.7153790167849843,1.9977547953991108,1.3458384273122421,0.5119562095511141,-1.4081473724871931,0.017548904890047984,0.2202395363202858,Type3,Low,0
0.46858296886683865,-1.0109544075050363,-0.06911624329710309,-0.8922394702545036,-0.2116935895708967,4.809381499493093,-2.455201503612,0.9112683332026772,0.6513705501435547,-0.7059350543052968,0.30132686705784684,-0.29412227012536,-2.6153544598864435,3.970806013384584,0.527023868810524,Type4,High,2
5.4734888379429965,-3.1541275418777257,1.361431420036306,2.9364765566929893,0.45188024151488304,-0.6473244453664359,-1.753643186416372,1.3785575640632146,0.05716327107191699,2.1747592640875695,2.2741259089159156,-0.19208523584304732,-0.07251665419258013,-3.304962481197696,-0.3381610710548284,Type3,High,1
5.7221816763760005,-1.979477624750288,2.3800847493526494,-2.6609548372475795,1.1998553355219186,0.05399374519819059,1.5311757935301082,1.037537678451521,-4.667348684394586,-3.3157502881204612,-0.6643110350321435,-0.7938815451983209,-0.7492378350732354,5.395253332046017,-2.1769120662602495,Type4,High,2
2.283138464822743,-2.8016823449525186,-0.10818882132882257,3.1257331551821057,1.3187063497149698,-3.0534487352971587,0.024400595054275276,2.3221559743136453,-2.572873187727425,1.2858825068638837,-0.9270589832902112,0.3392747115045034,-0.574523323134667,-4.669253306941209,0.4404183914035278,Type1,Low,0
-1.0059235036123204,-4.178722629668101,0.3153926634702884,1.7230686698244742,-0.31044586524096723,-2.0667463830044865,2.8524906095674334,0.062374487193226025,-0.08891458359651072,1.8299400753719808,1.824627818576602,1.68281957242436,-1.9752733910185771,-2.612848228447929,2.015670911696601,Type4,Medium,0
0.8469670701126125,2.0756391916598655,1.3167450861296341,1.9965670892681988,-3.0741099936155956,3.3707854327387996,-2.123617218937852,1.2865225817104728,-0.7665888934888675,-4.702454264150361,-0.5901897947041491,0.5556705028575117,-3.842532407943245,4.494757721148533,-0.9021824978952215,Type1,High,1
2.3028716094442743,-2.3901286493409866,-1.1809213612651974,1.1973965018298995,-1.9420122465327243,5.170353869568889,-3.059957766738271,2.1936944889751775,0.3081026598721286,-1.4305734861882997,2.2733141443069114,0.08220433631370518,0.3061557343002712,1.8482642792401665,1.9532696261589426,Type4,Low,1
1.836550799897731,-2.8455703532048497,0.8625563672361772,0.38311956412755954,-1.312158283803538,1.8749930157530634,2.202217719669453,2.8261671790358567,-0.914289800070559,-2.069498705244022,1.9080284093948312,-1.461390063935754,-3.645942687697716,1.362744527430201,0.5450739334540107,Type4,Low,2
4.037011502642257,-3.12681462072461,2.9079295323337107,0.5800971311216145,0.7623044655803054,-2.573380766434397,1.8371079092636904,4.37516464583085,-1.9825502430474566,-3.8511046308277086,-2.041195520141074,-1.4661115798740532,0.40539095508676826,-2.1370496846218052,-1.2553682041847978,Type2,Medium,2
0.2052827264081935,-0.044230966674135286,0.21839981737290182,-1.7860073023828376,-1.3968268089029212,4.091645648538432,-1.004839728125078,1.2730881817395958,-0.07138656074529526,-0.7672438896739932,0.11628609219164021,-0.9458622060320331,-1.741772091092284,2.714554222602181,1.0376102999295285,Type3,Low,2
6.152721584342474,0.7176300030998706,3.3411505058626485,-3.1674894902505937,-1.865833599127323,-3.7098864449783546,4.016525534927125,1.4823803082673341,-4.314760853708918,-0.9921373128432327,-0.9934839316289548,0.000634852884015299,0.26191475002623843,-0.1757137840541488,-3.403841852972259,Type2,High,1
-3.1265902811052966,0.4182046875446024,-3.599467838293483,0.4719672176803036,1.5560894868111015,1.1151383278128388,-1.0492090912815177,1.5165442829158398,-1.934662616033112,-4.66938575544517,-2.7547546836920644,0.6813937801101121,3.3766579959155285,1.7765318375205774,1.4876498804832705,Type3,Medium,0
-2.698189599294244,-0.1403039386127043,-3.03763430401609,-0.25368466616362273,-2.9473662684402178,1.831056595407625,-0.40550920493361375,1.9327072334102924,-1.2490724551701515,-1.8576392858305764,-1.7938720641123438,-0.08997996133865264,0.12844727897731456,0.9130787464098182,1.4321456189387556,Type3,Medium,0
-2.8397686486797604,1.5971683374779673,-1.4381773631299457,-1.346912905152293,-0.2862218478597265,0.41529039220834724,1.7722624624798458,-3.0218963576221145,-0.4401485794464086,-0.6162964968145219,1.2062766149694237,-2.283035622295226,0.23128239846083265,3.741942968635135,0.4208823440723306,Type1,High,2
2.561505252171799,-2.1677419318213573,2.885584763738779,1.0931510345421942,-0.31728491585888396,1.7990247462724975,-1.7706122658284467,1.9921664744172707,-1.5568941539048322,-1.2424535103186836,-0.4543476552618797,-0.16147281701833482,-0.8489720453710234,-0.2776135033117181,2.2162151886649553,Type1,Medium,1
-1.5121963894241128,-0.5448064115537716,-3.1618634370565024,-1.6545727267357488,-1.3028176142531889,-0.2632882867002212,1.125491404766627,2.1074210167474017,-0.5404373753649061,2.6236372923089855,-1.3444049217808893,1.8465716502943967,-0.9629730867721273,-2.417594397991541,-0.0630179004422945,Type1,Medium,0
-5.660039993016876,3.295079629823824,-0.8978146198230842,0.7741985758537173,0.10735731758723639,-2.4972168771827894,0.4325384977758465,0.16571729468643448,2.901367407270812,0.1949816790629998,-3.1910136302274865,2.165082217434605,-0.11952914226459299,-3.97155717204152,-0.6353374307644875,Type4,High,0
-1.987666042094377,-2.6716356089887956,2.48656064710906,3.3486737763811822,-0.8226382177411825,-4.478495214329018,1.6504340360601506,3.1685864623486766,0.8992632474510804,-1.4672100161830384,-3.2586557719255156,-0.23767614427420716,-1.6653729474159429,-6.220784292624413,0.5243533541409033,Type2,High,2
-2.4712725607755783,0.2506837262354028,-1.698889548058134,-1.54377536834282,0.8756242197871619,-2.0953417530214495,4.7454809223088965,2.315878698879344,-2.1952105349283175,1.2460594321372498,-1.527777806350983,0.4001388997132096,-3.9837763470502816,-2.2419962628274765,-0.2726094840484151,Type3,Low,0
-8.080020184596842,0.847957676884476,-2.399525187098478,1.8819850487391108,0.4811950991375323,2.457651249112986,-1.4036179706721303,-0.6505864716456011,1.2172962117601074,-0.46824326258111837,-1.1333677656846453,-0.526857807672589,-0.020040178471031234,-0.9443244250994713,5.421487379110581,Type1,Medium,1
0.1618098406912809,-0.539089463719653,2.9973024749283557,0.06830285550398152,-2.2129369794643554,1.0622143540328413,-2.012818610571379,0.4047386658319756,-0.8166650959984949,-1.9721318509383328,-2.6126687301144447,-0.3998041652196633,-1.3336708980147736,1.8178551956506417,0.8031948678581811,Type1,High,1
2.7868443973575245,-1.4908543798625076,-1.7156557383543936,2.5042415892100696,0.2701941212793142,-2.737468595526002,0.756560497497681,2.7437759868128557,-3.2120402317606236,0.7343415230923469,-0.6713864661866871,-0.2134009278984776,-1.4062911208665845,-3.202707713677669,-1.3201630145479384,Type2,Medium,0
-8.801561953972751,1.7278139280190739,-2.1422831628384826,-1.4753758094755147,1.7645351240781617,-2.077059491527519,2.5293629802702657,-1.2816541228317437,2.216157400242654,1.6915461163192456,-2.666265795743726,-0.1106190785488152,0.21984360895878108,-2.9686575400359674,2.025451820751655,Type2,Low,2
-1.4809437681159126,2.6417790127610044,0.913109635494977,0.06193161936708136,-2.6596240879427966,0.6930111174141619,-0.6324713683486771,-0.7624093047360911,2.199643389100167,1.4562565594018804,0.35806291888139596,-0.47534254253888053,-0.8857941845006823,-1.4635085285792537,0.24426959346534438,Type2,Medium,2
6.8284976329707865,-2.157812242366234,-1.7738751536931345,2.3003857461492547,-0.4373366073852139,0.016088236403909616,-2.1757416421400526,3.0670423038926646,-1.972474726651598,-0.42718121931663044,1.1553656766104894,-0.6994597225390521,1.3263428403178943,-0.972016300064976,-2.4825025576864106,Type1,High,1
3.5529950364637557,-3.297607109228713,1.3459046756152908,-0.6011219160484274,-0.12729020974109,-1.5498797799201394,-0.1756058079404612,1.1989723968903878,-2.0214111482871036,-1.811236555187567,-2.036141276790615,0.5380543764348511,-0.12894632638501158,2.0823772996460685,-2.273300541264052,Type3,Medium,2
-6.967260483490499,1.6155921743601311,-1.5080822882497333,-0.6811558654834462,-0.1609777068647716,-0.4317058598333159,0.8015694769275206,-0.8543211342593476,0.8178482864971169,2.3475646511193564,-2.609070918281768,0.41247633914815524,-2.4838662220262298,-1.7499336757678048,2.121354244210364,Type1,High,2
-6.544714592590491,2.8687468399590657,-1.8611494833539144,2.266109503999845,-0.4441973031427701,4.47916915584827,-2.936262877264217,-1.3626564126828438,-0.9117662614168172,-3.657436875780482,-1.9548335781089168,0.8820689973231818,-3.725318848230729,5.618554321280952,2.9459001535500215,Type2,Low,1
3.838534090511042,-4.781883099218616,0.5739643507212981,1.677261207849484,0.729487155906694,-3.0493077095032786,0.4648411246205296,2.7228027342362418,0.6522177920485464,3.3278464047873806,0.01957753556929842,0.029556860753027256,-2.744958108259331,-4.50310785764093,-2.3745150475760366,Type4,High,0
-4.659136504991091,-0.3262098401152287,-0.7218320709455561,-1.1611580417015706,-0.4696354882689994,2.7033998910618964,-1.7016315661369932,-1.4075696883977433,-1.2203413694583565,-2.7578921192444037,-2.7462096671912084,0.7852936070350481,0.3260555772301814,4.9367117247814285,2.954712770325667,Type3,Medium,2
0.38589954003475085,0.11318208477756442,-2.0785354291267866,-0.289248122790829,-0.38337637429407084,0.4545997007175822,-0.2057483067272663,3.0817574450309704,-1.3411237332879322,-0.07018492328215109,-2.3432957372749716,0.05295252471004327,-3.5308095126829167,0.18635131030892194,-2.1560428416669164,Type1,High,0
-2.819239631053464,-0.9007373246130419,-3.6165194138665426,-0.10941319592875476,-0.3494492331373076,0.3562046278108392,1.1234755173002566,1.7885867458709295,-0.12582575853743994,0.2943362226434312,-0.8343757907887451,1.2420668589648343,-1.6801457244649112,-0.47577225433003467,0.1312270112458248,Type1,High,0
-1.968376479704251,0.3357268302734788,-0.986867408248336,-1.2779218189646404,-0.419030234154692,1.4080991199527315,0.43168207765829936,-1.53189450057481,2.1944670170182077,-0.7565767856423882,1.0577523224279766,-1.0818416283734535,-0.12110123207747692,3.175873498329816,-0.7272538660773957,Type4,Medium,2
-0.41534458211989794,2.8805859726672267,-0.12618357485216114,-0.09710079812322947,-1.0396417387001684,1.101625760304841,-1.694134787839733,-0.10590029016445235,-2.073071364911472,1.8419721189292797,-0.9000334796713159,0.12578246803964552,0.7457708517709336,-1.922907288681191,2.3887835291960586,Type1,Medium,2
2.667391280342564,-2.977236922750559,1.9833059818505911,-0.11697976518069586,0.5471794809536353,0.5183601984005844,0.8483842961820903,-0.7300243162855526,-3.55766741822072,-2.8522431316559187,-0.11771824506285833,0.4492577560788731,-4.521132836494113,7.058934240364807,-1.394000346896735,Type1,Medium,2
-5.489430663508597,0.9256075955331655,-0.8371549067347288,-0.6134143561409338,-0.5024785906937406,0.47672649665544364,3.0612601985313432,3.47133413486626,1.3019104381027136,0.9396749377684055,-0.8991187816322534,1.8056671746072988,-0.9886492693329213,-6.386565481022299,4.09308545374461,Type3,Low,2
-9.738929522619241,-0.9729955453816925,-2.493617105379129,-2.6031868413262504,0.061594441583688736,-1.2567745258748508,2.0629657368225325,-2.5333748871056985,2.5376666524792446,1.7395335230140567,-2.904428075373181,-1.1458411396778154,0.0777105155820701,0.09225121587955791,2.4240400243305897,Type4,Medium,2
2.314456262237564,-2.5927105199240525,0.7252939819400928,5.044264144771978,1.6092141446339991,-2.6750084298723524,-2.8719572104487057,1.6690991993464936,-0.03045500611944163,-0.5912054171801662,-1.4456787501720743,0.8371383377181192,0.6082353654115717,-3.788745877856887,-0.674503479461898,Type2,High,1
-1.472242843537652,-2.58206124899776,1.9066655692520658,1.1360154117955341,-0.6788425443655479,-2.72792692438816,-0.19264263191902886,1.1071407853365645,1.0241777354185713,-0.7277216680424734,-2.878558437285228,0.19389251610194697,1.3004056315047388,-3.4499302385109076,0.9334792520041308,Type4,Low,2
-1.334346622105411,3.4157994579719437,-0.788472054797898,-1.8509577608527006,0.11388882186482913,-0.5229852926007215,-0.7669700210283654,3.608868119355273,-1.7273182125561815,1.2621432836416224,-4.603117616804925,2.3802813702286687,2.3199698622887475,-6.053709705233314,1.4777224289729265,Type4,Medium,0
1.822938579130751,-1.312562841043007,-1.892705593225387,1.9026565574018788,-0.1255376798911237,-0.7770498065862959,1.9937951461317343,3.7421879043700583,1.1824462668782378,1.373863806527765,2.6802821389945817,-0.15405573881161116,0.00851969018416554,-5.886634796392152,-0.13321319910496232,Type4,Low,1
7.712592491459339,-0.06330758077447174,0.017689904712317017,1.3660867712109825,1.360346155050598,-4.606879401139705,0.5259871094080688,3.5458127581650083,-1.8377824492069537,0.5242765098144839,-0.9035486055580875,2.587198242838767,-0.1162407260456948,-3.8726420601752483,-6.299154528353567,Type2,Medium,1
-6.935434350517943,1.9998232956771185,-1.569670467647454,1.6397805067913858,0.05752042296663656,-2.9241824008182067,2.832632667405941,-0.5569600563531956,2.765737652165126,-1.8549182416640848,-1.8506861173260858,-0.0667026254657238,-2.4826059555619344,-0.9838095947508416,-1.3304799317380895,Type1,Medium,0
5.029552734659369,0.9489201326407517,-1.3319031971739475,0.7865274788640741,1.0521903877600354,-0.20639916312730705,-2.341851973414548,1.5044961326496502,-1.2874816572846823,1.0073998562595088,0.6085484688275173,-0.360287588613359,3.5081145425640514,-2.442763602243305,-1.5057925099171294,Type2,Low,1
1.3964219479587971,0.44260408732685885,3.3867644839194693,1.4349864334238387,-1.0297174654671462,-4.6165449050766085,0.6404001876757597,0.6073317109140619,-2.6693858712245673,-1.741007753881346,-3.304239598238918,-0.12290229595588593,1.5679529599310822,-3.199841140512007,-0.26081562372275013,Type2,High,1
-7.268627361676731,1.3158912295626626,-1.2704579667606835,2.1296176532483795,1.06423381438391,2.8685016138973394,-1.7127569957266728,0.5916042361553214,0.6204152244511596,-3.7463010169605093,-2.525825978022722,-0.2572836386738268,-0.7367364766909045,0.887245763585572,4.295448560216689,Type2,Low,1
-6.623586839657702,-0.9586226596280774,-2.363384208304538,0.3206284132746291,0.6081619294322382,-4.71301873222176,3.73509876976389,-0.827889398835203,0.9311698875091158,1.3642619027351488,-1.8022139240211246,-1.149279060702824,1.2192983433141467,-4.337814010839077,1.4461153386195833,Type4,Medium,2
-4.9383548944929565,3.962279873617164,-2.0735455762062234,-2.838976032688966,1.3890346755481984,-0.6176966954710867,1.5632530952421324,3.2023203969849665,0.18608170396571633,2.564556185210426,-3.923979792898887,1.1648866285390431,0.7290989734400641,-6.8086151741233545,1.8380222895954152,Type4,High,0
-0.5366202167447494,-2.1665198222833073,-0.20737260023045667,2.559121877118372,1.654858434987831,-3.6678285763365266,2.914728063128166,-0.08863506942152144,1.046579761985805,-1.0791147939026777,1.251908088285545,-0.7982871671857356,-0.5286637424637268,-1.6009761483895697,-1.3526661575875227,Type4,Medium,0
-3.3021959042925313,1.6448042800291098,-3.3594129954938836,-0.7097426139174499,-1.1845636870990603,0.6812526580030327,0.23382731816110203,0.59276374935532,2.536856638683128,2.107210840948802,-0.10865016264029426,1.3656736844771362,-0.821963423855299,-1.718602033660315,-0.6634038453752233,Type1,Medium,0
1.9254318578025145,1.1027567867255073,-2.0820292912946927,-0.7465515838304997,-0.566915069522162,2.6829231663360544,-1.6238426684645124,1.3592167180822174,-0.2900466370078276,0.057546054029962046,0.5507992698495896,0.40918016380882155,-0.30350313695071407,1.5505542471393567,-1.284720999000982,Type3,Low,0
0.21163332481386293,-0.8574811439247243,-0.13882263040449327,-0.9807983008600966,-0.9592501971012752,0.4322580257967804,0.5265451968837283,-6.345974150266195,-1.2166419854405732,-0.17053846160287844,3.604991009613287,-1.269626761962255,2.015701781513557,7.212809583139967,0.5286832207716208,Type3,Low,2
6.482173923395998,-0.28901740652052066,1.4531703371038378,1.5182606321159136,-0.16781688434476486,-4.966051587511032,-0.043437774168325505,-0.463465704537374,-1.5607107326600276,2.5763137904681,0.6482591100098201,0.7506751545019497,1.799149789751353,-3.4963817841900218,-3.701566597510366,Type1,High,1
-0.5888690518919822,-2.1149045381273397,-1.7050651261576957,-1.4250760143276302,0.473492435420027,-0.9427214722477457,3.370452643554314,0.8468496176018172,-1.49531166009888,1.4386283599155867,0.36731361800237305,-0.4443121908369156,-3.0055218203754293,0.4171552593223681,-0.5007199708435843,Type1,Low,0
3.7299412402090413,-2.2664569713535485,1.370570873485783,1.047809681635915,-0.5580191754917718,-1.1212054424419515,-0.2523168000086775,2.176606786080899,1.068682045282309,0.9508796000981233,0.613011122270243,-0.3589550393492094,-0.43403558242126716,-2.948148787497507,-1.578784197310163,Type1,Medium,1
-1.136348431778324,0.8916358299676204,2.1242140895917005,0.99405385004278,-2.000993165165428,-4.828897776892538,3.026223048230402,2.8549412753826626,0.8113763839503711,0.8842819797999681,-1.9749432766780886,-0.5474009427622819,1.2436297149043498,-9.128555023025505,0.6892919161795675,Type2,High,2
5.316125150239256,-0.021731165533958707,0.533676869556505,-0.6559772103655566,-0.36793812694029926,1.0263757731210448,-1.225906675797853,0.23252061803326607,-0.12400338028751712,2.419408941260148,2.4805613559582054,-0.4458793362268278,0.750530254279672,-0.47406985282260594,-1.3934580400732446,Type1,High,1
-6.5422644457860715,0.9393970553470058,-3.1470044589989086,-1.2253904468038013,-0.2957298708708032,-1.371336185773226,0.2374189662345062,-0.5158864294952602,0.19708484687596628,2.2805855798486006,-3.097375948270054,-0.2842590545704682,3.018181814798252,-3.7924250652991263,3.1355021583902345,Type3,Medium,2
-0.9157066370708055,1.778849152464442,-3.7243735450024666,2.8461048616492257,0.25512745192797287,1.3669232548766004,-0.2107468171469017,3.172893512119665,-2.4022336740637926,1.5216801534463409,0.3697834080322817,1.1377505258287988,-3.2461574086420337,-3.554935312117875,1.62344270623062,Type1,High,1
-0.975540451576532,-2.1622615414607216,-1.0536301549725176,-1.3467602950494535,-0.3702755723824354,1.217984327236675,1.1247217982692996,-0.6029900155192904,-2.0303283328271267,-0.18055229329787348,0.042902379522028244,0.8014941876295353,-2.3933036100532186,3.9649793786119485,0.7721110878290237,Type4,Medium,2
-2.4476843033677773,-1.8021534022816112,-1.19653848756304,0.006947342321093286,-1.7179571892290137,0.9583774919108177,0.6524933303563901,3.4172550910755337,2.569417309352799,1.2954193720858598,-0.2629152621106282,-1.7158156490281737,-0.44204341106959266,-4.808557829411518,2.0161940595492553,Type3,Low,2
-3.8012496844737806,-1.7818537921650839,-2.118638119748981,-2.050052568132414,-1.9679874387573901,-0.8364335121519799,0.22078057305356602,-1.5985782913134794,-0.12841270381477254,2.4656656713891705,-1.9875521407776668,-0.9202435108241467,0.6329564843021005,0.44464271524622045,1.2058486256588898,Type2,Medium,2
-2.527884209793864,-0.768203552330151,0.19669223875070707,3.1020115130830983,-0.6952984573125116,-3.101875956808216,-0.43196125038412414,-0.9701644193174472,-0.8732280830296213,-2.0307925112263154,-2.2094030351946845,-0.27057942895951476,1.5637842315457315,-1.210049523623997,1.07338622089794,Type3,Low,0
6.782857394238544,-0.7494996014922415,1.5176378252717755,1.7083008169673208,-0.4459930579434315,-2.5118244056948766,-1.146217041449057,-0.2870311692329788,-2.05094152744593,1.9702533063389347,1.0902094097972639,-0.05966649781699161,-0.3305619339415822,-0.9180202534891354,-3.1527128884870415,Type3,Low,1
4.25075254673307,0.2793686250062434,0.655882748541863,-0.01186048809842466,1.295316761604936,-1.3512719576167374,-0.3615992999059323,1.2852409249307124,-2.6041468490691684,0.9206209891224509,-0.8789632678164578,0.6520014558527486,-0.9448659985127,-0.770394591505345,-2.185050575683825,Type4,High,0
-2.4012749381315777,-0.1161620853683063,1.5509319682468723,-1.2866016987577844,1.7364860038419647,-0.7179537995221894,3.1946518065446905,-2.604685133133333,1.2460050687844328,-1.9235929686365556,2.0797625664742685,1.4708228726979409,2.8052592288219946,1.334116289678272,1.875474767517792,Type3,High,2
4.52548951372607,-1.0348908520097921,-2.870604546232157,0.8819948411419414,-1.052834870654465,4.269959207805933,-3.9486981504433554,3.0363102930961463,0.44489650698078065,0.7483563495952386,2.6825986560684063,-0.1783156809008798,3.8745256586202053,-1.7956839238206854,1.051563913127918,Type1,Medium,1
-3.483265327379284,1.0909116999528277,-1.387581328297395,-3.5708556222597387,0.9545186119264573,4.280121812542362,1.2808848040435337,-2.7627725607998146,2.9683111848937322,-3.3732105560777805,2.482737078166088,-0.5724848065451609,1.1173194951507428,7.762361741624738,0.041744201383320245,Type3,Medium,2
-1.8241007082736391,-2.614080203133165,5.052855941090851,2.1515822641407496,1.3980309650348604,-3.8701923336246358,1.9449276446338644,-1.0425791868143794,0.09299534390776087,-1.7256096006169914,-1.5567568645670329,-0.3406212506455759,-1.1287678496411337,-1.7907591431552914,1.7875272829679312,Type1,High,2
-1.8351783906600703,0.41638142114287024,3.3419784112563784,-2.811018890105214,-0.3035340067177484,6.439997189395872,0.21915037106587498,-2.3294162428010434,0.1074911688280289,-1.4631056059803837,3.0129218163453144,0.14186329820713017,-1.586618030808454,5.91539351683695,5.157334362234936,Type1,Low,2
3.359148836543264,-2.6073994447110618,-0.052129054447416556,3.6008691270316535,-0.7619833021261706,-3.8034561345552844,-0.12991110612688828,2.624959845336556,-3.233467306667858,1.4853863825843203,-0.9844607937486974,-1.8596215538011787,0.21686036277481735,-5.783149063506119,0.26240557668213216,Type1,Low,0
-2.0423120610028755,-0.7693230123738418,-0.5683301385565884,2.0017619817782317,0.9756188423425718,-0.816228526041581,-1.1721529568093616,0.698181617774969,-2.466007185762645,-0.3088871534861485,-2.958450071534643,-0.9654273428698082,-1.7134080616739351,-0.7320333863664894,1.5938686143491085,Type2,High,0
3.979383646702445,1.2575721754088431,0.5131610564637341,-1.3430087619573987,1.2418411551582156,-1.4169809241025813,0.8336290224194198,2.1514533620619396,-2.059932361339172,-1.1362677707634417,-0.8847331547325363,-0.9180264422595715,2.4795540436464245,-1.527033714366512,-1.9438756093592549,Type2,High,1
-0.30194796475999636,-1.712912199156436,4.864108635492466,3.22800713985619,0.7054357467408582,-1.9010189805601374,-1.4367919221077674,-3.1962489895119948,0.4791859623667387,0.10854978823339367,-0.21193566924869356,0.19627625742978883,-2.04806599888822,0.4665883943742402,1.2910863594853508,Type4,High,1
4.157804751416226,-0.87250854422995,1.6817113342925991,-0.41925013397946076,0.5132173475716277,1.1461566388719076,-1.1895272273014326,0.5647316143930743,-1.3073518012198728,0.3209736352348922,0.8586784557153357,-0.7341831634568583,0.15408352942413395,0.7322618406566616,-0.15530148617938866,Type1,High,1
-0.23348690583883003,-0.47558183352707184,-2.579903948826634,1.705359444006882,1.035828783971802,3.174182752096577,-1.6033886249521068,0.15450437092765534,5.167816309368906,1.3439383022995735,5.042990643502098,0.5487830415874635,2.994848748488707,-2.2860662645030345,1.3256239952852433,Type1,High,1
-4.42218390865763,-0.2269166402289381,0.1733229862348291,-0.2276151261507895,-0.062970050277336,0.41105629235344227,1.3029280097727423,-1.0841360284852755,-1.451501652231342,-1.5484521703862855,-1.2210092117257652,0.9861125414364632,-0.9389333337635798,1.7316012986158495,3.157971446176656,Type2,Low,0
3.812323903081911,-1.7142866877674257,3.92162944517896,2.131956177885184,1.0073841279577875,-6.56441662405925,1.3215441515753237,2.015906111295825,-1.2087288360653141,-0.5747832795596313,-3.0248114019478614,0.3629843997381095,-0.19294961115239317,-5.021825497750487,-3.08996052130867,Type2,Medium,1
-1.7435156836839756,2.433790617566977,1.3759281018725895,-1.9458288978769605,2.173327671575556,-2.2333924988707534,1.442449212536617,-0.10539745212505691,-1.1868556956667369,0.1951843958935603,-3.008637217284533,2.0089465111901315,0.7740550917688389,-1.8656881697808938,0.1614021507802974,Type4,Medium,0
4.91726485672785,1.518279785390167,2.872533792291492,-0.38821535706151433,0.1799303118113388,-0.37540248248886837,-1.3108070009931532,0.5361028909309651,-1.6866293946265798,1.5899415666545886,-0.40088080795035175,-1.3018077347303465,-1.1142724318747315,-0.9275484655843136,-1.6678202716137973,Type3,Low,0
2.357120715506947,-0.7225392823498424,3.9317945503774085,-1.6074667002301317,0.8044660906862748,-3.4030716111714887,-0.9940596201480323,0.25597049699223073,-1.734371123227658,-1.8332574583056218,-5.0596258320083685,0.7511278314195411,2.2123609491364364,0.04499401882244423,-1.9737296063224354,Type1,Low,2
-3.828851797087817,-0.5756014560347293,-1.646087420110849,4.043353349776822,-0.562149729099303,-2.5473710885006047,-1.291299323855485,1.5416156929229086,-3.444149211699181,1.7089986326871478,-4.291282344229543,0.0377482591988032,-2.755059802631689,-4.820368541527372,2.9088571646718497,Type3,Medium,0
1.8228514013498442,-3.8769235167833553,-0.12252690032199243,1.2321193339715428,1.1784468853753214,-1.0409034500356877,0.7934665265121186,3.9388433991426433,0.03602113864757306,-1.014485038016067,-0.9039492789171324,1.6923808784619938,-1.6908619621813947,-2.1810718537429694,-1.1142113156267208,Type3,High,2
4.487496530425602,0.6918652057194128,0.718278426113522,-1.6415728831429883,-0.3426321430101899,-1.5242814749156455,-0.4126205916723822,1.9460183000157372,-3.689465833149637,2.3749599050737586,-2.0689867209415365,-0.8677520646874292,0.38785372461392953,-2.575906002879116,-1.2492471010548098,Type3,High,0
2.3568370639107035,0.680704580844385,2.2615473955873626,1.1392822039746064,-1.3426662632518216,-4.908951571679352,1.1365754299808484,2.4457286888492895,-3.671356568602724,-3.5130865350250557,-4.1476086661565645,0.3528823147861195,2.573267374551392,-3.302488500291372,-1.3390979813243373,Type3,Low,1
3.666894870790148,-1.9340324950067487,3.437611042170681,2.2627304752754553,-0.07586309299336713,-2.843693977557593,-0.4079265347384271,0.12959890775795224,-2.045594822523645,-0.22541676426947155,-0.7733045424279381,0.12172199094026374,-0.8960527138491035,-1.2750944303392482,-0.6663082187618481,Type3,High,1
1.6720340564473528,0.5353841705935967,0.4861127442702353,1.3532705858502054,1.3057089032153253,-6.032949454164041,2.2642284858387063,-1.0787210361625514,0.5797984558922455,1.891333963049735,0.25764330718250017,-1.0152174391128763,1.3233318023115421,-4.15654041193278,-3.346764339435337,Type4,Low,2
2.9871275049375527,0.3932674295484364,1.8905988827594111,1.5513533664950991,-0.6472868124331714,-5.547062004468529,-1.4915114343123694,-0.1164093349263915,-0.9941891302504683,-0.07646393764960635,-3.5827946081116453,-0.1651288141675722,3.0422425218679896,-3.3402396517269213,-3.228505406165264,Type4,High,1
-8.828904218311795,1.3272306304428616,-1.8855845902643784,0.06423350499393554,-1.0527387146712468,1.7929439827500449,0.43536932586963606,-0.783335471791343,-1.90285582895675,-2.4888954036983426,-3.3975687032329045,0.37621949712225244,-1.815238589177385,2.3475861278427073,4.868503877988248,Type1,Medium,0
-8.404308683528768,1.6519600067773994,-2.6969020427182158,-3.0116710098182544,-0.12255043091896291,0.9054157359896494,1.6691948402694703,-0.8385033575830163,2.408825788367541,0.14160483502700805,-2.483375500376158,0.11232186863611165,-0.3807686204200744,0.7411439279319528,1.614931010304808,Type1,Medium,2
-5.884974474923421,-1.2704577274456632,-2.6344904417040507,-0.9291270278852184,-0.79658628758592,-2.9739879153977484,2.0751518564780227,-2.8563564192568673,0.7129147678923259,1.462736708548788,-1.1301803458765964,-0.9202440309016282,2.6326859317892026,-0.7538666433833431,1.5887974054421439,Type3,Medium,2
6.41127889885667,-2.640090916328581,-1.0365828383390587,0.9153578163212495,0.6022284349488773,2.5329370044062,-2.2900096225536943,3.1458662261303716,0.11286220507537514,1.5892030196768472,2.960995721892793,-0.30366427436997073,0.6700323456325595,-1.6007342419656247,-0.7687695628741245,Type4,Medium,1
0.7094445185274092,1.1188443839284261,1.2368609980704854,-3.836398885779781,-0.5726414357366862,2.9555532645074996,0.3581930617942596,0.20838650460315156,-1.6477708103243014,-0.658999309720087,-0.5291990656570987,1.2384496075818678,-0.847856242909717,3.5397500283243724,0.6742861078549589,Type4,Low,2
1.445162082745459,-3.536738999388143,3.5829894156488824,-0.46176197333790503,-0.480586695911231,2.6233208755216886,0.4390545908341632,0.9217976846481423,0.2594962684772808,-0.19553339355498922,1.9176991760301114,0.11536157613322785,-1.8245209500202058,0.5870382876247245,3.1349035391702973,Type3,Low,1
2.06471313046825,-1.2777358887267607,2.1308491157979867,-1.0930044896396374,0.5401520723509761,2.704807238799141,-0.03221798593629821,0.7065763718156037,-1.0448929159147797,-0.5389116194235211,1.7644748056955009,0.11067160963075891,0.8911432974595411,0.60051873144718,2.9112878169476413,Type3,Low,1
4.934109695428368,-3.6826902902786074,3.9063312962388608,2.141823571293339,-0.7224259977212155,-4.012718237953606,0.569950388839698,-0.335211531032682,-0.3073940563400498,1.0699779554101272,0.2899773779610799,0.703527846726503,-3.136692527339024,-0.6491551078490035,-3.2539002083238193,Type1,Medium,1
-3.0291385995152833,-0.2757425823215588,-0.5036299226550087,-0.7779964025361978,-0.8510776176758198,1.5451862365671893,-0.6112992739987189,1.2067294221218603,-3.194830191422526,0.6875076456126656,-2.882046418303758,0.5265829791630156,-1.2816942049883648,-0.692064386176048,4.143506342373112,Type4,Medium,0
-3.2754074537995566,0.574335385961702,2.564822951928114,-1.92571933068308,1.7896306966397193,-1.5019941363163478,2.2419415362072987,0.6756003337826084,1.098543472020003,0.6428706836536555,-2.4390884952089165,0.31720223715584606,-1.0377818043604656,-2.990106924525426,1.3549513361942997,Type4,Low,0
-6.189179919914048,-0.07119572631576854,-1.4535991167197906,-1.0376687823162043,-0.00347430800337882,2.2526007328238142,-0.8551197862173537,0.18826108416663945,1.346193167174508,0.8769118669999953,-2.6885363326003446,0.2408026370657553,-3.0460831745352923,0.7611135439633457,2.2960841040346205,Type2,Low,1
-0.5574805179803972,2.599666253121459,-1.7341106070209633,-2.4344691029852035,0.14756729455489434,3.0497285080230987,-1.2325152087934859,-0.9940410936109259,2.8880679993188334,-0.936184302114468,1.118153893173866,0.5321320078359945,2.0194600587126397,3.3601831950971577,-1.699373272449476,Type1,Medium,2
-2.2475501015950674,0.39788390574728505,-2.5784904092212266,-0.6595354928060746,-0.9020427812995114,-3.5434368983312674,2.9718908747673156,3.814710892637605,-1.754610318660463,2.622625454807971,-3.4221185063178794,-0.5041548835536127,-1.4575991968814164,-6.691334182870638,-0.24682400219014722,Type4,High,0
0.6727073054354624,-3.754810943111833,0.886516660823808,0.9710458570542215,0.8152691015015723,-3.991450397868458,2.2328050875779173,0.7912012517984712,-2.8130883028116935,-1.8203873589717225,-2.2443889717704235,0.020369054946290686,-1.0842293067172133,0.20678119281077956,-0.9625059421232869,Type1,Medium,2
-0.15135496651001282,1.4038092064714613,-3.7006135773926654,-3.70264813884535,-1.7679656058120177,-0.7130797901196406,2.2862906006118573,4.454265272230915,-2.8670321805659436,3.935641522587695,-2.3151374562205884,-1.5910943001188196,1.11833808537127,-6.208235167534162,0.7749194052073229,Type3,Low,0
-4.361653665893418,0.08992300851211832,-1.5305656212618108,2.5513572260396504,0.4366658501624984,-2.5539393633244476,1.5636234006344,0.4343219483861652,-0.8073565780724775,-1.5435292359777448,-2.1476576197985127,1.1842845970325626,-1.8346386322416448,-1.3906004249396868,0.517679878512058,Type2,Low,0
-4.0912381452699815,-0.08345087295075171,-1.1936261589299264,-1.1567321752367605,-0.5815222787187041,1.357747650188358,4.575139543152105,0.5311613620584799,-1.2722220959675805,-3.2933465529123715,1.8373041396579741,0.12147311217226026,1.2722319995689833,0.8681899648949142,4.180652357720595,Type2,High,0
0.8210794780429459,-3.8998134259512915,-0.0492753010184831,3.1048585473696164,-0.12638905361647146,-2.71505890018921,-1.5381658824656586,0.4793512637060584,0.9359805594330377,-1.7640179880746838,-1.400589526164869,-1.4251690613784223,1.4849103341204462,-0.7628401569610621,-1.4182921767712942,Type2,Medium,0
-2.107153663897935,0.4472641190124419,1.6129203861913175,1.7962237605864355,1.0738864161480697,-5.525658427588864,2.5481814769602638,-1.8868943929274287,0.14033888377610704,-1.2248858729009737,-2.058611798646388,-0.6610918494958523,-1.997485718639533,-0.3221934529696663,-2.7083285643299915,Type3,Medium,0
-3.962209823717375,1.7900348168840274,-0.2656048703286973,-2.670024396231148,-0.3366055700331034,2.356440698091076,2.3608852053338065,2.315205709110846,0.2868801880088083,0.563216327899015,-0.37130473911632866,0.18659674172694246,-0.19943698153447997,-3.057338245856284,4.0100227146178025,Type3,High,2
-0.9738413153976293,-2.9031576981457006,2.418940890796131,4.253791104804978,0.20808486425573608,-2.660630526502021,-1.4170233885147114,2.362277514820378,0.5548397655020603,-2.356906830311123,-2.8691068358301615,-2.256643046318989,1.3145109188601787,-5.03673788470766,2.0663863469090877,Type2,Low,0
3.599779571104671,-1.868430092087671,1.2839250227271788,2.8937560493676484,-0.6751966693136414,-0.6194508494996673,-1.615221698189787,0.6905840060923035,-1.4106875463894855,-0.5177066414903351,0.4222957479868158,-0.8664215698823531,-0.9951865691041828,-0.203880005428193,-0.5943114964030141,Type1,High,1
4.012638306505586,-4.04345130695539,3.092344253965438,0.37665842973527996,0.2059943036666278,1.9111194059858616,-1.8255445140693864,0.7609630446582935,-0.5811839841314237,-3.0768845583198816,-0.1257518163419412,-0.3838032198614706,-2.2169110849507634,4.993115067586093,-1.1252454118751483,Type1,High,2
4.594516070733179,0.9002371793854045,2.3442635867403037,-1.088596145929871,0.37662004684636274,-0.7109834705037447,-0.7416460764683543,3.1764121465934987,-3.1292560597748,2.269802234410607,-2.1570609912445224,0.9842826502432089,-0.6574667482912392,-4.197297914240508,-0.1774026150581347,Type3,Low,0
-5.814002966897974,0.3129186634257033,0.37431151934641804,-0.1176006426284063,1.2224560956040929,1.3672992705942493,0.7564597157840875,1.5377094525908648,3.2852249603116324,1.502844684163589,-0.5872826438830039,-0.5089098047149979,-0.545587485717443,-5.120768954721235,4.422059109379108,Type2,High,2
3.965633617481035,0.7192974762141735,-0.9892290533531003,0.1856429633710911,0.26020378937641425,0.4064076093287728,-3.1061466929552504,0.7679402545948275,-1.3622458717099888,-0.3241329004543243,-0.6913202529309301,0.5357031545742523,3.3094695959660854,0.11392310019832871,-1.5557940643846542,Type2,High,1
-2.5113223368977176,1.132114223853728,2.7994517755038526,-0.9220637933169564,-0.6419926559511446,-1.9626918966124267,0.04311617740705598,1.5409543399092211,0.7578153051574352,-0.6525125831407133,-4.1717433001728885,-1.3830160053916845,2.201349530235138,-4.708728181073233,1.7222850705099169,Type1,Low,2
-0.013415036415943033,1.4943119346772362,1.2984990865046226,-2.6280768535787713,-0.2718748319094538,-2.520890976528882,1.9830543727129026,0.8828238973682019,-2.220301636276287,2.0606119998051486,-2.459352321143573,-0.9934498420327081,1.3261811877989054,-3.944773905365403,0.7924853489463164,Type3,High,0
0.6293735363035364,1.587801778158858,-2.1284905312202884,-0.5075786261799056,0.044325434365469984,-3.0754794526596796,2.0699622922700645,-0.2704367429836185,-2.791010041872567,0.8965912207383758,-1.1951125098674968,-0.03465261036366199,-1.5257203931988408,0.40812229643718984,-3.1607873839857255,Type3,High,0
-5.279209652137903,-0.7888886100346322,-0.7838552509535639,-0.14854079968486256,-1.1143035846315326,-2.6910919279202306,1.5849860876460529,-3.353594681404187,0.532853874370548,2.4180944682106205,-0.7412873539545182,1.2653786409860053,0.5822175509272545,-1.0409638502304526,2.0854788103034156,Type3,Medium,2
3.4856463467209693,0.6278495492457299,2.6873003009591483,-3.506968650805039,0.057389514687252924,6.112039272755257,-0.7811568059506739,-1.5536085743603976,-4.295771679243504,-3.7332053068994147,1.2507562922593358,-0.08373054967520761,-3.305844197952549,11.254166797743734,0.48715091166938695,Type3,Low,2
-1.5859780768133085,0.6774395381687581,-1.1157279917374137,0.7650154914852059,-0.06286216285270983,-0.8483478590188255,0.075887058823906,0.186583753976863,-2.1986952668294535,-1.572561337420891,-1.6811048042670367,-2.0382804050194543,1.2395994702339634,-0.1572795578280569,1.1379781319444189,Type1,Low,1
-1.6034629036359134,0.6015588075105965,-1.133831303870993,2.345661813780529,-0.4591160508088197,-1.9183546371760682,1.1177011513715203,1.2862906274672092,0.5650989959348682,-1.0159115273974124,-1.0630919998063917,0.24567417685497378,-3.200263794157156,-1.156353850480675,-2.0815074803492988,Type4,Low,0
2.9011953503150427,-2.594371838298284,2.5931166822881444,-1.0890201393912828,-0.6342484644026888,3.0912945299744607,-1.1605872378590076,0.6150610718397835,0.5128570913624608,-1.4774881356230503,1.179303499273114,1.57233987637452,-0.8442223603039012,3.317276641066301,0.4130386845240698,Type1,Medium,2
-5.4304952733619904,1.050584787345933,-4.304326820574602,2.3230500223048933,0.3990893449322871,3.1156977726756594,0.22513396115001094,0.21014544568035842,1.384576793284305,0.01974447860656703,1.948068426621841,0.7092146838868116,-3.315929571169955,0.6027444659813496,2.3054629488708565,Type4,Medium,1
2.6365104555604284,-2.4629904998141106,2.078132927978526,1.736277431066645,0.3667500419522634,0.7973630353545997,-2.156545821029616,1.8919190999358273,0.6131169719207861,1.0176612838470773,0.6325378024727927,1.8159915194793805,1.1509630546740204,-3.7121935551899505,2.152831437973368,Type1,High,1
-0.8949548669001017,0.9592081675144364,3.7598223325510194,-2.081066525471552,-0.37842699457975215,2.550708178457603,2.5420533130013974,0.8570870543363296,-1.292179970058956,-2.640460505915736,0.6765821129248117,0.241182555152756,-0.966179193024525,1.10219256820889,3.7258710870305602,Type4,High,2
-5.768688058594447,0.03434446124617707,-4.239570230003238,-2.8054612025963834,0.09496148915312223,5.766915508773676,1.9517209916481113,2.0698236589004733,4.020795644705209,0.4050615998152235,2.1706040542801315,0.304082646032703,-3.216545909285822,1.581330738497659,1.8824788229817888,Type4,Medium,0
-3.2306430034999916,1.4974509181378923,-3.056014877210169,1.754878768505144,-0.46361333780360325,0.246523222777961,-0.7008351265575565,0.8660523991425713,-0.9788890656038711,1.3794462496713145,-1.4282426836422264,-0.2758612024062202,-2.5530714372661754,-1.6683486998272696,0.9064210979781984,Type3,Medium,1
-10.437925037146885,3.391912908552984,-2.6103458201032845,-4.483193664439158,-0.2583149365735837,6.309567037757306,-0.32096060059086384,-1.8210522292610136,2.3270421144392044,-0.8730025835410697,-1.5885082601545504,-0.6127970364611621,-0.11167813879601352,4.321806747591062,5.251861148374279,Type1,Low,2
1.3861967555887125,-1.6107372017915855,0.7570925499291509,4.219474850576946,0.11780806738790763,1.1660660485846672,-5.012682747534868,-1.6679741398433579,1.1689676275734202,2.184963006616401,1.8507182058169005,0.5149744922304267,2.1109178105497066,-2.1610435844548688,2.8255833671654225,Type4,Low,1
-0.07123706949422806,1.2557501509289506,3.2018221671889,-2.348917814524414,0.633631828124144,2.1720085921546337,0.40474361124358327,-0.686044176062526,-3.1105885487904428,-3.1112864396155913,-1.6113994671543803,-2.6671895879051823,-1.8070379072551503,5.130385790792825,1.4308945562862168,Type3,High,2
-5.039259168704161,-1.1391896612443695,-1.712615345798513,0.35451885605232625,0.16098056037732192,0.29969236786094783,0.9533650361157614,0.14706800609318227,0.3228522381386638,1.0806519266118073,-1.1502341707835912,1.6782365603832814,-2.898858829957113,-0.5632105139213913,2.18022715529111,Type4,Low,2
3.698831149095323,-1.3752916536060495,-0.3135654026414485,-0.5117235771569784,0.36832699865464447,2.774673884676384,-1.5398519753713278,1.053606716144371,2.2819517979822903,3.072959109956916,3.7992924185721906,-2.2842093092862674,1.719191566999101,-2.173950336012393,0.6511254200901937,Type1,Medium,1
-3.6195870484447332,-0.6949177960268509,-1.7279408786624022,1.7515643683835447,-0.3278430410499731,-0.23842141407846812,-0.862407038231318,1.4858304817530366,-1.5589644187951297,-0.47848185882227856,-3.2008648781979385,0.9429364077572585,-1.9385651111034363,-1.169222532439145,1.8109698795672164,Type3,Low,0
4.774435026122703,-1.4841313394265956,0.9807066390734304,2.5715239357643913,0.9175598104530225,-1.5010848859529404,-1.7433022844307957,-0.7044057808832918,0.00887332045847744,1.93763367374051,1.7433132738938157,0.5592710027474893,-0.8208760306854115,-0.6847086496911547,-2.363428576055192,Type3,Medium,1
3.15659932832418,1.5246262447841663,2.2917495629202804,1.1760012557388961,1.636643724807389,-8.077358331267966,0.6207518906363347,-0.06602409546451393,-1.0972762481597036,0.35614595181368625,-3.9080487681137326,-0.6584686519354378,2.785205400129329,-5.008661440699396,-4.811972594221469,Type3,High,1
0.9483605741706396,-1.658374871887379,-2.978646825849299,0.13873326075827208,0.8650372719866001,1.331552011215312,0.30072442485949713,3.8548667282354323,-2.2543481106791727,1.0528160047120187,-0.35960626177113886,-0.3747569689664438,-2.127076145933291,-1.7205214442497572,0.5928545581694313,Type1,High,0
-3.9827644756842475,-0.8927380635407223,-0.9391315444246889,3.0451229417196806,0.5952355459830837,-2.648497127692493,-0.4378662265562483,-0.22571705299033673,-1.113772002072621,-0.446615687974914,-3.0932301747408166,-0.9798512387665809,-1.2803897011136547,-1.6690638514781744,1.2161454140882646,Type2,Medium,0
-1.873662297213903,-0.6492201333731957,0.6303655257344085,-0.2825222863352673,1.415005752824045,-4.599750711601211,3.6594691228247047,-3.1642047746740727,2.403124775085157,0.3289987432200645,1.3128647523804426,0.7421551742781722,2.1013920865298847,-0.7990197927376074,-1.5737518967100335,Type4,Low,2
3.9791674702421584,2.0197127730309887,3.3520853209654056,-0.6020555911177055,0.1233243976285878,-6.320272987179159,2.10665931602688,-0.8915716363027362,-4.964542933718501,-2.0960973992971015,-3.5679389040274554,0.41874191445473796,1.2976248590596606,0.21319519593154426,-3.8197309725933906,Type2,Low,1
0.03391350968815993,-2.9160134720387516,2.0107208538110624,-0.11073306587338949,-2.538881896648163,1.4485583098972736,0.1450344445245435,-2.103576477070259,-1.4711834437314797,-1.6244134740954959,0.7720965889696902,-0.3423539738532581,-2.515814723929294,5.633212479324285,1.2837698393907504,Type4,Medium,2
0.9667853738342932,-0.8163129935137194,-1.3932532501050685,0.296778639626897,0.8141751033515644,-3.4781467408408218,0.7519930876657762,0.7992921830497597,-0.8794857302908594,0.9991903727434349,-0.9114719206033979,1.1834520272223101,3.935399790152333,-4.094031296107756,-0.49163620504570926,Type1,Low,2
1.8991883916682635,-1.9278747974054142,3.037566862629013,1.0161014698127853,1.0585165903487896,2.7922135194544206,-0.6884431075649808,0.7620921124044635,-1.0594907646156349,-0.8073954408183446,1.8772917826873676,0.06586025649579998,-1.366163812527824,0.5516443499592195,3.3789962751379203,Type4,Medium,1
-2.463348283880629,1.174458817281217,3.0123711546730374,-0.8020130068365876,-0.5229400264942958,-0.41947757123776386,2.2307509134943206,0.45810060808563724,-1.3926894285026754,-2.007384948930178,-1.6181279628048204,-0.6594597788528883,-0.6508887695681376,-0.8764925797041302,2.781285610110511,Type4,Low,2
1.512997825694023,-0.14433935302091316,1.4182483887575135,2.4134647680976418,1.0951930995855286,-0.8547536696973914,-1.1451767514340392,-1.2896768753502221,0.40404490666493165,-2.9319473075525266,-0.07957761163478105,-0.6273183204530441,-1.820659671182792,3.669833488735215,-2.9580021030468684,Type1,Low,0
-1.3221330889013692,1.8994214749885092,-0.9267002771198408,-3.2146028418049113,1.3416775610499883,-0.8730746216790874,0.8110328366120267,2.276974817869209,-1.361149376322286,1.4807865541042107,-4.7003256507061275,1.602425145626405,-3.367949738977485,-0.6376465313278762,-2.403735790247165,Type1,High,1
-2.5788165280092104,2.7266469231931723,-2.811847060831625,4.908878376308907,-1.719941918602412,0.2994713573289962,-1.009104389131234,0.12860715602616624,-1.7003070071900175,-2.0203978368354507,0.5111731694960697,0.15577645586750033,-0.47119768582388355,-0.9966401726096128,1.8176684045729226,Type2,Medium,1
4.662155769647864,-3.7434087648355407,4.026951798105468,1.6408597762003168,-1.9690155628213108,-1.8756596607282738,0.5816384757233449,0.9831773001405267,-3.410153231089021,-4.76342600056489,-1.5992501204816172,-0.430940607793809,-3.4813720330032956,4.565605762701595,-2.6416397022226046,Type4,Medium,2
-7.860930300015564,3.5273007077035765,-2.670013822504435,-0.16874819139159403,0.7248346986695466,-2.1521614319123152,2.7524461149599606,2.3690646690404513,3.607899109610716,1.57071260387018,-3.040331859330162,-0.9344404570202748,-1.9607235878096199,-6.677640488920073,0.03528904521395648,Type3,High,0
-6.647127666792993,-1.4825191087777672,-1.9026285938189071,-1.3407537099537064,-1.689908859809542,-0.6767535577566413,-1.3246897562437208,-1.8121909138274104,-3.4456422066654224,1.1232390711792326,-5.9894927752922555,-0.23209246902268377,-1.1760486871108902,2.1594122781621063,3.260071778623848,Type4,High,1
-2.6763114872417,0.45974529100587713,-2.1178682581886745,3.2911515028659766,0.7313127823956391,1.1634711316336934,0.8637255375610828,2.5951230141337236,1.5224776632146622,-0.010126547692152932,1.9001464590241386,0.49388269570949295,-1.655174437879477,-4.320156702408369,2.3630254290045487,Type3,High,1
-6.216951106934346,2.8110930279906,-2.5865031879524993,-3.2169465273304207,1.1564564877672674,1.4245592770781488,0.5817547196560886,-0.5185695609341059,1.4713413364011774,0.2935864414439463,-2.4002395926080915,-0.7960488500342344,0.5000934625400372,0.7461767097933075,1.0441376773714406,Type2,Low,2
-1.9696680692985284,1.752109210108273,-4.049803710974775,3.3198248315389427,-0.20008165960876023,3.2598940420561773,-0.47842342279544603,1.559292551645037,1.4458178659535674,0.16226366553799987,3.7658029092999366,0.12000074311496153,-0.5472452086185609,-2.2748502296392425,2.3040281380850525,Type2,High,1
-0.6684870295429971,0.9420920432198974,-0.16800178605897464,-3.464784293121216,-1.045097953832226,-0.7066994659056649,2.7734792626515175,1.2455440186836966,-4.0855442284717975,-1.314724995661417,-2.639825344760002,-1.3599004552293816,0.6036431830135465,0.801526849869932,0.7921459376903044,Type3,Medium,2
5.600741199365132,-3.3813553944884234,3.798315922177813,1.6576582757624179,-0.7392974363605449,-2.4542104053360414,0.7449032126185673,2.432111450905275,-2.0024016754811997,-0.37597188268096415,-0.3955884538451371,0.7543684220404183,-2.8876774295124323,-1.5997898116318734,-1.802313902069435,Type4,High,1
-1.1053548425018642,-3.2792219856773954,-0.8646410001121653,4.549191392904879,-0.4519678481932752,-3.3085349618783733,-3.6761564536302167,0.9000060431833492,-1.3923985139532493,1.6214438168214507,-4.385280385228947,-0.5555767668782052,-0.820156825525168,-3.8704208336801718,0.6042246663580962,Type2,Low,0
1.6201656230671786,-0.12002297970745035,-0.43034260170629446,-0.006526330107009981,-2.375095272450193,2.738339495253498,0.42122857945443104,1.85229862701966,-1.267760690080457,-0.3417774790638567,1.4305807850980496,-1.4917607625478264,-3.806937597533346,1.7809866972569828,-0.05209905356600242,Type1,Medium,1
-0.46189152585787946,-0.1862445242698243,0.8305089890231012,-1.3870911738866814,-0.4198561911143674,2.7700260503422776,-1.3566212842059178,2.0020654772470987,-0.683027376518525,0.14348841028987014,-2.4149877664601647,0.19968990865345315,-4.409477344581765,1.6748763295648461,0.2684960210166202,Type2,Medium,1
-3.1866241379671187,0.09816178079877136,-0.9717587374527374,1.6503013097690409,0.2658756455315677,-1.6203633973749705,2.1804535349995326,0.9998019215694007,-1.3640890566366144,-2.447801991346851,-1.1918362981245438,1.0133234549197176,-0.3871966407070384,-1.2106285079450807,1.3885829548057513,Type1,Low,0
0.4222591794988329,0.5745525352235059,0.5783246201257881,0.266428112847632,1.270148421966446,-1.3851924941969191,1.5472858117828827,-0.6347003738318714,-1.0372716373381374,-0.4384197495811808,1.2358029920273639,0.29900153621634856,2.919803584470366,-1.7235529713626268,1.4232338245209086,Type1,High,2
1.5412765264540234,0.6390952698645185,-1.2496291573732896,0.194271618030448,-0.47120755822819277,-0.4839317758406271,-0.39216642258518064,2.8593630914954886,-1.1706038157143985,0.9643983554800536,-1.291501108601485,-2.4163121096735463,-0.028146290177221367,-3.2383263569593534,-0.7225434501413438,Type2,Low,0
-1.760110098387301,-2.262358349036977,-0.05607654467866152,1.8087575074807982,-1.1353963408262207,-0.7925611745738149,0.024088772268338277,0.134438510959502,-0.14854593271016048,-2.6865772035217157,-0.8840655239198666,-0.6373394013771815,0.91130650931681,0.5038152229026917,1.248018536379271,Type3,Medium,0
-3.9094432365778755,-0.6768912500895186,0.787232110252496,-1.0076729401511173,0.08449659425665561,-1.178669086469629,1.1923329074740758,0.1477381235730707,1.8005501229567522,1.9014410784363593,-1.4899609643865803,0.619745189361392,0.47104270380573965,-3.818215454048131,2.3914881612304284,Type2,High,2
6.0027461376250475,-3.1717684825203674,1.5721276076909478,0.7939546977270474,-1.74872604505755,-1.7582691357890852,1.0485301273250989,3.3185366718058775,-0.6834753516467809,-0.015445104847228386,0.7169605520288884,-0.7904004827281953,-1.4962006432778447,-2.048962358439197,-2.8890696545524843,Type1,High,1
1.0839835953390469,2.212298828292372,-1.1335583091482548,1.6044470144553569,0.6476867185108032,-1.0190024543063958,-2.1439105112664394,2.5110250585011866,1.132739024785058,1.4662298429431382,-1.7008222272055424,-1.586935264145139,0.4824011439661473,-4.939453929138787,-1.8444710212420743,Type2,Low,0
0.986082059794083,0.9404292802927972,0.03003267037269619,-2.3634930527050484,-1.4350901278477843,3.971393350765691,-0.06639247275498394,0.8424779423595532,0.19013707986671746,0.46527226949928213,2.767335813327348,-0.6667797978713114,3.440774417463335,-0.8325962015769088,3.5054073175395573,Type2,Medium,1
-8.178171366179418,3.204978447381588,-0.9448464037597853,-2.571075451397502,-0.7946402743902745,1.9917746024121652,1.8899595160073555,-0.2849094740855286,2.8214490696213312,-0.7855184560213371,-1.4327695118514865,-0.27618378676115973,0.01594355233725031,-0.5399501659237173,3.13358229277214,Type2,High,2
3.811266033714176,2.2628806488590794,0.3659304018495564,1.0414245461164966,0.6029577859633884,1.5335023051405334,-1.244869004750745,3.278448748708123,-4.538086663945155,-3.8196523013550996,-2.1116542386170343,-0.14698542862172312,-3.2290355315152715,2.6719939317140335,-2.0195853495786382,Type4,High,1
-0.9470446510134247,1.356759692665158,2.928752908191883,-3.051995278497204,0.5537517287087829,0.9012815285992702,2.2692439121459147,0.9929140790657757,-1.4328150537887847,-1.7279670215401093,-0.9678371158641975,0.5037573134162038,1.498941365080328,-0.6819625775205701,3.022486181910284,Type4,Medium,2
-4.481900814402258,-1.8905750534217702,1.2606262535953698,-2.4782174477137096,0.8987646687396638,3.6064241047000007,-1.8627607164347075,-0.9001387187080083,0.17061690149605324,-2.7087130034284885,-3.676227050231554,-1.5951157223675254,-2.578300368865098,6.560059404432314,2.0242420636989813,Type3,Medium,1
2.998829160169767,0.14742759517805004,1.750129454275112,-0.5149907610232105,1.9981115358353607,-0.29307582892711387,-0.5746317185006551,1.977534261550066,-1.6641515024323406,0.3853978309709435,-1.2920952306882159,1.6555162246666688,-0.037420748136783866,-1.8952069482510316,-0.240048066738485,Type2,Low,0
-3.507030941228969,-2.068207833624692,1.9931170364720838,2.57084175396646,0.5750853104396335,-3.4732980011337022,0.5190812420041362,3.330104385666593,3.662661135457525,0.6217369461196163,-3.148148635721617,-1.0871672657163192,-0.212067907326432,-8.770691119268395,1.4762537606280641,Type3,Low,2
-0.2848330314438476,0.18404499599907265,-2.058051960666514,-0.9022019560537391,1.5119468308694872,-0.5896125394288204,1.3809060403335522,2.586612068541927,-2.4699368700434707,0.285021308679859,-1.8745128065138887,-0.43575277922749583,-1.2062419070270858,-1.4059830786383043,-0.2814580962328652,Type3,Medium,0
-1.8255716090458851,0.2852535724145223,-4.162966206074977,1.5908860309847797,-0.3564266982277956,-0.6248648390833075,2.242547672374766,3.4007379146888677,-1.9657722806451536,1.6912122261354243,0.04829948425203989,-0.8729599275009423,-2.525833178537522,-4.4541139347950285,1.056811824465832,Type1,Low,1
-3.9497925326756835,3.1407429234218753,-2.526425188129285,-2.2570144767080085,0.16717001293497277,4.336305237056142,0.2290689739765953,2.187950997987807,3.74471884894775,1.7864705721079859,0.6535043675487742,-1.4493704328559087,-2.4168988160560927,-1.4955050690540956,0.7974421532847891,Type3,Medium,0
5.461343228164146,-4.614311043090087,-0.29369083868452606,-1.5357632902547422,-1.1000326779773888,0.22665670428703524,-2.326136172362455,-1.6308958244843974,-4.517101144365913,-1.9214078411378888,-2.0391577556879303,-0.08005905988050957,-2.5802441845707413,10.41462227150054,-4.715657386055734,Type4,High,2
6.01409858981105,0.26518006429538565,-2.4920884620497836,0.7077348418657479,1.417107090895097,-0.28430566701030374,-2.5639329258918475,2.3316436118017965,-0.2687858139499032,1.4688272749245646,0.8861992048445568,0.13631158716211073,3.4493655397332974,-2.7019843554068235,-3.1689523190499735,Type1,High,1
3.7617747942024238,2.7904024932657157,0.6524117336295812,0.030544687178471364,-0.765345967986795,1.0501138111804587,-1.1089152040626482,0.8928528529077568,2.5864508480561574,-0.3963844414304243,1.771240366704975,-0.6513608316929584,0.03219627260746538,-0.05317750493985649,-3.747333091170307,Type3,High,2
1.5516141231964091,-3.5931750443035453,1.261891071840595,0.490500984173905,-1.7516266696292417,-6.354307313421827,2.0833200636901124,3.181466756287332,-1.0542665890432807,-0.8545955844998969,-4.090393861217654,-0.20462648034815567,2.2575098950315877,-5.563031633668172,-1.9054276596949506,Type1,Low,2
2.3407845886586482,-0.168698704888385,0.23054778604626258,-1.6852930300553108,-0.492207790968045,0.3069604534558651,0.4254302060173616,2.9623350268253485,-0.17244209459846704,0.04937307021757964,-1.0753967997692526,-0.19796944182127724,-0.8382698049720823,-1.0981774063713994,-1.7553717663286674,Type3,Medium,1
-3.0242178831345963,-0.37460261538664974,-2.120815089078335,-0.22627768510189306,0.035248757398451916,-1.0276119417139606,1.5114380359365458,-0.2949531613464089,0.32883168468927515,-0.1339936529218948,-0.03481157066167484,-1.0151125362813045,2.410756437224782,-1.3747247939197136,1.4272768448618116,Type3,High,2
2.7032786511615066,-2.260695560272467,2.360001185752881,0.10672826227944687,-1.3980022952373203,-0.18834362702067822,0.22075206480766774,1.3363260970731339,-0.45417472831384365,-0.6830869606050438,0.14379568483619487,-0.559164348145294,-0.427903365693415,-0.4303582894294171,0.039928532838874764,Type2,Medium,1
-3.9695278140406747,0.1368653345974995,-2.7637221559634026,-1.9450272405972515,1.4392022643194289,3.752299264533104,-0.22765051081301424,-0.5046766790535462,0.3420490967476588,-1.0584009805918497,-0.06588399811581558,-0.02156211788870044,-0.6620119322992886,4.15843745597631,1.7566485749069036,Type1,High,2
-4.791144524445411,3.4540495185083775,0.9665652608451907,-3.119665331071586,-1.021268067583795,-0.10021686889473364,2.413003851688453,-1.149226289369123,2.108496386727267,-0.371220584523982,-1.2749635921422622,0.6737304882755186,0.24624704606500725,-0.14535793482494447,0.6180574641151539,Type1,High,2
-3.5123460663780093,-0.1601097176926083,-0.03957800342492035,-2.5101278390509094,2.0757862212419953,-0.6278769208399849,2.373437488007779,-0.3869783981411621,0.05285884397111307,-0.5293240458716995,-1.421220995550974,0.5339373980590603,0.8598591751155886,0.21559611919157876,1.3921319420135108,Type1,High,0
3.440813714782014,1.7789018499380986,1.2099857313957871,-0.860556554839859,0.18568730884227388,0.389720273683268,-1.7621572341131921,1.0641882736222197,-2.3395102253631475,-0.5007050337191379,-1.656572348545502,-1.0241175397706241,0.8699194646709818,0.2521810764040007,-1.0405041361269358,Type3,High,0
-2.6439885133475918,-0.2523492486607529,-1.1537958610599153,1.4898786904918313,-1.0336988128072997,-1.5521840555710218,0.09813164962405674,0.8949128750725022,-1.2950175027312816,-1.019121776077441,-2.7386963355948417,1.380736412639098,-1.067841312234196,-0.96661330827603,0.43015521308560367,Type1,Medium,0
-2.350169542168168,2.6017182671857,-1.6499850871316868,-1.1602500434064256,0.35176720169185216,-1.1303404829345225,2.447275067191944,0.3921978321676659,-1.0621549898190303,1.0313073091116611,-1.3088081723380247,-1.1512475875975778,-3.2449140185464564,-0.29707416481664956,-1.3749588725237853,Type4,Medium,0
-7.82241797942646,-0.752509750717905,-1.4258431588584135,0.8337599565493226,-1.2320412667608316,-0.7963183953004976,2.700464722046127,-2.058397504117215,2.539232607459571,-4.086414510746836,-0.203457451748985,0.6508368368858828,1.2020763652691038,2.118241577764136,2.099437521103903,Type2,High,0
3.484221328170201,1.3575480186869213,2.2269826716611556,-0.8463806520711334,0.557152744540783,-5.1545353405003995,0.9894016920357216,-0.8024295421573866,-0.8118831946967058,0.8787411759917918,-1.9684315740553386,1.1294218894285828,1.2924653773193588,-1.7335362229714104,-4.397299961456357,Type4,Medium,1
-4.631991465702995,-2.6044253364633363,0.5569115569696454,2.6780793735206947,0.4118117237279797,-2.140722063092683,1.325430468240183,0.010317875395495668,0.10460169368175509,0.1665082274099139,-1.1598313012106924,-0.8708827208669946,-1.144090174848254,-3.3647346673790564,3.646619318187347,Type2,Medium,0
2.851709116950501,1.2107862378464342,-1.8783183239899008,-3.76446142248919,0.5717838902489225,0.8645818299305397,0.5572897066468674,-0.17623696691563917,-3.959576900489226,1.4178004175277266,-0.09082186307554874,-1.6913708228202795,1.2794018426972236,2.5090059885271887,-0.8928292074826718,Type2,Low,0
5.963112017170846,-5.816951921793761,2.156299222769388,6.252478545404368,0.780358849196099,-6.4921115899401025,-1.3430384151653647,2.4825785042813115,-1.9182738138110174,3.0565808882294148,-1.0221760681360261,1.4286946164732075,-1.1267853871572675,-7.883297156243848,-1.4144825562079113,Type4,Medium,0
4.743354941638815,0.5017829710577875,-1.1097561656307864,-0.41841253413210033,-0.7263688127204645,-0.7607885517978572,-0.9463336997535443,2.1875471746618187,0.8869791084740914,2.7120091518935077,1.4473778683789298,0.770106578353353,4.2638295925350285,-5.250515804928328,-1.5069815665210238,Type2,High,1
0.5105744742988386,-2.659127206985941,2.140016658265221,1.1328554477633324,-0.155469905003629,-0.32352071000544713,-1.8790604421033468,0.4453538157528998,0.4800128144918634,-1.2968552447616024,-2.0861530984152763,2.694087535337941,-1.2964478139485398,0.9930703331486193,-0.4012617572421797,Type3,Low,2
0.12821468897074803,0.39711934522512193,-1.4969817962171743,-2.2098612795435715,-0.40452976354780945,2.8810790967684947,-0.8216986906803205,-2.6921807353446505,-0.6804778229520287,-1.1317865255857278,1.763899238540212,0.9264481468249857,2.4562509640363475,5.808793305786921,0.4904454589595775,Type4,Low,2
1.455515787728225,-8.75037577282292,2.457769967532161,6.955987437342107,0.4120104825765275,-8.306170213789352,1.3334932286477192,2.98467755979117,-0.3334911947444551,-3.6065801108039017,-3.306977987588201,-0.4966208656686623,-1.0616938996748926,-4.76714157093513,-1.964052843009052,Type3,Low,2
-2.5340355177519007,-3.1331678625464945,-0.26241853100719137,4.78910597542154,2.3179329296432325,-4.210005553956281,-1.029572218811873,0.0760568341974075,0.6325531498725478,0.6516578099814916,-2.360971216266206,1.2189321316067163,-0.7021210798854811,-4.1719008410663445,0.5442988872723948,Type1,High,0
2.7509076166028223,0.33905010298608995,3.018727766163251,2.0571864466570577,0.3408727472117895,-4.640021790046463,-0.9046059799185983,-1.273668322313759,-1.026860220554206,2.1780749951885223,-0.9639196485403787,-0.5181445207143796,2.625887425680876,-4.891828924563341,-0.2636127920200543,Type4,High,1
4.156929592771216,1.7755630196219823,0.9920062244754269,-0.42199168239411944,-0.6968142404236679,2.505621689574558,-4.311261703924061,0.7491602529094272,0.4459465845674404,0.668588935774739,-0.22422015226489778,0.16932911066387576,1.6096815698191986,0.13173250713179957,-1.154162326770512,Type3,Low,0
0.5452483910581094,-2.6678807170408847,2.3260573555116593,2.0526253140993767,-2.3103660883022696,-2.5932793627954833,1.8008245183770095,0.28366760811640523,-1.0639657588567744,1.3283411952406032,0.3948549876104166,1.4545288689773865,-2.5057727201689994,-2.8581602598261946,1.240216402855514,Type3,High,0
-0.8539886662922681,-2.7425518900086576,-1.3997109129514649,1.319712651580994,-0.5076516717423349,-2.347854103293423,2.501009857996366,6.054104529092401,0.9052725040980543,-0.36792525121759867,-1.6253139431685615,-0.23347091849330356,0.3735354108899165,-7.87328182956279,0.6548232502687927,Type2,High,2
-7.385956599458166,0.3132630042338691,-0.16353491173517143,2.231604855560559,0.3734826502971333,-2.7703396527629343,2.5387428899110134,-1.1491877987437373,-1.4242512479296137,1.362385053457853,-2.2092222421447363,0.2578523829182443,-3.598970695775165,-3.159411442724121,3.950373222868031,Type3,Low,0
9.249435454417112,-0.35109138663180506,3.2469028622427034,-0.008107526372465923,1.6435381994090106,-7.203237790458204,1.8020955346258938,0.02645616006988505,-3.1772839609477708,2.8478489994578453,-0.5074513577237927,-0.7682116911426369,-0.41349238712596015,-2.8410330897472003,-6.695322299218137,Type1,High,1
0.19174694308010515,-0.943610383683237,-1.2328136573703172,3.778505841653031,-0.936146950463015,-3.205681379344308,-1.0475011161000403,1.6822216515537574,-0.5771539601989486,-1.0463086842858904,-2.623374868116518,-1.7012600695328595,-1.6414811818509847,-1.9877344528097534,-2.5482024164736954,Type2,Medium,0
-4.485319821876601,0.9634247590940953,-2.9551894916635586,-0.9457269031756314,-1.3895535791170603,4.824737168520697,-1.4423165712605317,-1.565011760052137,0.7750534656120133,-0.24925814207270847,0.7496938694285671,1.9397682632366897,-1.7588769934533954,4.816249836775596,2.2088005536429733,Type3,Low,2
-3.210698861671435,-0.08275997289979431,-6.869542321598795,0.17214359048185313,1.342463772162648,3.265156857980203,1.7673445765717912,1.5590914134863019,1.3822055648848903,-0.724624308547323,2.3330471609791865,1.0227533286706472,-4.660182493808394,3.86764332070413,-1.9989924080871826,Type2,Medium,0
-10.308258936915802,1.9953080554940046,-3.518485232012384,-1.8546452545529528,0.947796278832903,0.6965237022051628,1.110596786415905,-3.131875217576032,-0.7754417341484896,2.2474126435419524,-2.6907587581259147,0.1784675674570625,-1.508572987718252,1.1921616549872014,4.449264943267215,Type2,Low,2
-2.5506793517010298,3.399152768743008,-2.7521845388097006,-0.17254509384685135,-0.9984104400366497,-2.3333227071498377,1.9061056372083938,-0.17182084856752078,0.30261280424331183,0.8214165807845224,-1.0212750207281833,0.15360191986532398,-0.7982582923624406,-1.4893796849140934,-2.388420239743783,Type2,High,0
1.3474429368617153,3.6933753137529437,-0.4149093026570889,-1.5775268467316397,-1.7330916151558549,4.909334768910055,-2.1171941522711575,-2.09679005297704,0.8126051522220527,-1.3402463256109618,3.0168267523817756,-0.6628039716392837,1.6777204076791719,5.143043426482252,-0.029187371716241417,Type4,Medium,2
2.968900174862832,-0.225309057929177,0.9451526141700476,0.834376215451275,0.9894126569827697,-5.674240528549141,1.056121336802128,3.1826031002300383,-0.0429175362770452,-1.31997455355953,-3.561346606868465,0.4601971650151179,1.6917072120187544,-4.857279911000904,-4.557406675385321,Type2,Low,1
3.99647368838895,4.698298175899264,-0.7729513707445446,-0.7200073372032374,1.0918760062474988,4.0645933127343365,-2.2748704443223553,0.3222395153129518,1.651293000378894,-1.269741123195995,2.6629997650962487,-1.0918963820421894,-0.29941852525580814,3.5000151403874407,-3.688636921271832,Type4,Medium,2
1.5187588822691005,1.943097897139813,0.43853723586913085,-2.131417580914393,-2.156101758148346,-1.469591022920708,-0.009246585348510639,1.7768585952683167,-1.8015834160589879,2.933796601390769,-2.5663617826254246,-0.07482344641216339,0.7062865009650785,-4.169041887659973,-0.4117125568138428,Type1,Low,0
-1.8624199352965647,-1.8165031967680756,0.16823765269728053,-1.5039416699555481,0.30488490738437274,1.699427433894055,2.1729448514764007,0.15697345216995018,-0.5813638325839443,-0.2551810383313494,1.233833490769415,-0.8588226968065185,-0.670277003958488,1.0042849880660412,3.0750009997374486,Type1,Low,2
1.7536131045620065,-1.5299812960477062,2.664499862742971,2.313226421889818,1.3674295742611293,-6.516032194173034,2.1427435824305214,-0.13165005831635013,-0.4576326453668367,2.1605426727010215,-0.0017179623531584642,0.911162877879646,3.4649545226482936,-7.892802688439289,0.6653579676475749,Type3,High,2
0.19882353518185983,-2.9032488153254694,-4.657210286199947,-3.7403349545174818,-0.5701098510004964,3.157789425488656,2.0211021664595754,1.7100025159361105,-1.3299584484960787,1.7707742117771832,1.8222214960061303,-1.7178137320846552,-1.219809659469443,2.836322326288182,0.27766329325827077,Type1,High,0
2.2751412934923154,-0.8909261293473336,3.5805764469653547,-0.3495618841215572,-0.556254964143223,-0.0978494571810564,-0.7141891588576572,1.122992945486267,-1.6697888939192302,-2.8353980715749243,-2.7063571280490524,1.0493655970176463,-2.3404631753017022,2.6283286303639857,-1.3520207938212083,Type4,High,2
-2.913257893203258,-1.1820550651154327,0.6253276598803221,2.5982301688042404,-0.4133215854485946,-2.243620303454773,0.2337288123255845,-0.5839670784164901,-1.1812961592813862,-0.7947984925333158,-1.9036592827063763,0.7617988339525773,-1.0462942482239963,-1.1939183537392541,1.8169177723906076,Type2,Medium,1
-2.1852868960468315,-0.9772373595870494,-1.3384144620127625,-1.8283469938805847,-0.009890229208234288,2.3901618080588287,1.453047903280446,1.7338642939733426,0.4204013214904454,0.8776642719623002,0.6286722636266295,1.4467417370178535,-0.9736591707465192,-0.7648408065323773,2.4469786116205743,Type4,High,2
-4.2998227314221875,-3.2001374589288893,-3.351757019207731,1.2086999018936404,1.0106367274294292,-5.186645650188095,-0.21458936472567358,-1.886705376763934,-0.8870870732501206,4.982363924476269,-2.797684147301023,-0.11906678390511732,3.2223945618851513,-5.38210692832361,2.20614563387719,Type4,High,2
7.275383653856696,3.0582587824506486,1.1608134189208785,-2.418922596928124,-0.7495137717600987,1.3715146442010946,-1.8384587158966368,2.6704186918842914,-4.36331546307963,2.0673963132100326,-0.9113507133281568,-0.9823519788494222,0.15225808125247897,-1.2044855470297835,-1.618569800257562,Type4,Medium,0
-0.4438469267933743,4.077288921308989,-2.4554169467273947,1.6562861859720095,-0.8327369035849782,2.197575334212606,-1.9704083066115232,3.7485337876683213,-2.0517225715358665,0.25906192737124534,-1.7875808086944447,1.6732075106392454,-2.239796503171422,-3.0965917599871178,0.7458705702533992,Type3,High,1
-3.013842261774546,2.3601283325112057,-2.206426741753199,-2.207802477975406,0.19616899846621352,2.978077827439281,0.7545519183894877,1.9598480566223326,3.290247776208886,-2.4350090886249824,-0.08335403390831386,2.067727139300996,0.46772227686018186,1.041674468883633,-0.7811356845942938,Type4,High,2
-3.830295162783041,-0.46742466523497195,-1.4807896501984932,0.7155688903170101,1.052163681281408,-0.5435189735244192,0.22097232443278692,0.9750942370493303,0.46413709133216785,-0.6292931674317934,-2.4932652681040555,-0.9682440303015647,-2.1249653538038276,-0.4040935824841055,0.15707359232708595,Type4,High,0
0.09981661699725301,-1.1474012353314307,0.3154019839127685,-1.9143398906606732,-0.3571775340481359,-2.2542240523011783,0.6122242880662809,-2.2339952206507148,-5.110315246323033,-1.6523756368309144,-3.6785343008643365,0.19494622536120126,-0.7482978413965968,5.715959257394338,-1.2994375724043903,Type4,Low,2
8.168826679108149,-3.9214162874081206,0.415937989107273,0.6912621712352418,-1.8861613427703794,-1.7766697932362787,-0.9746062941689102,4.126407044555467,-2.140780564063066,2.5193736293084155,-0.22573106367229678,-0.5690853304803436,-1.129735803212332,-3.381134331030432,-3.247571613246234,Type1,High,0
-0.9989458943566452,-0.3740659528102078,-1.530890510807399,4.57504529089235,-0.39495274806257097,-4.711667985686061,1.3890534478958516,0.633015705649865,-1.9076988212954245,-2.004710067097597,-1.3598887161946724,-0.24058461846072685,-0.5665764017971644,-2.4173443666417254,-1.2722601809197305,Type1,Medium,0
-5.421851068702883,-1.159506441936093,-1.4773390405785107,-1.1603712365495986,-0.6620532221907275,-5.285223204836217,3.5664697620085235,-2.146211527373259,0.9768718162226074,1.6661752027030858,-1.991913597505333,-0.19477464119991564,2.4441176184284945,-2.8871668376219803,0.37121200915780117,Type2,High,2
3.1570825150473625,-0.497926654633285,0.5223516778927908,-0.9032339433362533,0.5542157380796099,-0.991711210076054,0.3838039636665833,2.913006737993508,0.15997380915667092,1.076927218880976,-0.596874542054554,0.8830361717255496,0.5670523155847367,-3.4694920255651303,-1.597628529856646,Type2,Low,1
-7.7238982124498925,6.5827075155970265,-2.351063144878725,-3.470479095030907,-0.6576997171780969,2.567918356195948,4.020510339093882,5.081357370099567,0.6385258893435692,1.9342033999908215,-1.8802983713184713,0.5942037314860442,-1.095431968147154,-8.353445068223294,5.095511122206795,Type4,High,2
0.8155594014144777,1.1524521794456626,2.722636887105045,0.2920074625232316,0.11587674255328372,-4.39890881053051,0.4118662750982536,-3.000611958251942,0.6068595665710128,0.5832780268018798,-1.0179558563413997,-0.6518187151163334,1.3464567818492865,-0.601719207895088,-2.4813539379849265,Type1,Low,1
-0.8358598830493446,1.621643469368745,-3.444215791469876,2.8415902183135238,0.8280669845835462,0.14729989717302022,-1.2882954821426176,-1.4256054672400156,-3.7612793547572587,0.43550662783560856,0.26427329612180417,-0.22968571820071026,-1.3362074433740996,1.6697669304093068,0.7038179414135666,Type1,High,1
-1.0742152789359662,0.600154913965119,1.0058047030069297,-2.682997469000809,0.11843364606229889,0.3551732060007865,-0.9507960174722605,-2.0549518770488486,-3.1121224010084827,-1.5485485839452457,-3.2941049516314447,0.35239236207840746,0.974685878550122,4.686637070674754,0.7080342291953661,Type2,Low,2
0.7834283357480275,0.3712957537537982,3.0906904252060414,0.801078089523098,0.8274640850213348,-1.0701620184624134,-0.39535858193753526,-1.9583447759547457,-1.6864821826866225,0.45798132744604025,0.3492185959715761,0.5482277197510133,2.0402677046585858,-1.2792912657647837,2.7139880302622537,Type4,Low,1
7.774840194454861,0.3457063067493823,1.3851100071239917,-0.5321790690144754,-0.6577039859679312,0.6777797378256676,-2.2041634604589198,-0.8980259411287463,-2.1253481720313285,1.8828641688370653,1.7040715074439867,-0.6669402342034914,-1.5749760236888304,3.258756184915118,-3.9150163392179795,Type3,Medium,0
1.4836497726133946,-3.174765335852645,3.7409272501146047,1.622636358528748,2.110967952448771,-1.5497594280426896,1.9960081568483132,2.9628150345681528,0.565285908553484,-1.972749440358092,-0.20649791266387418,-2.3930617633805,-2.1151207036792896,-2.8285293247138394,0.39962094605983733,Type4,Low,2
0.4543938298778297,-2.291616261386835,-0.6258021679582424,1.8423526565653836,1.1930951558165848,-2.8993640243240475,1.3289552110907688,-0.5572860900194503,-0.10719840991814344,-1.3439332044758996,0.7595608799864357,-0.6420977684879863,1.9887449340871148,-0.5028281490335721,-0.7477851640834869,Type2,Low,0
-1.5946086698195396,0.23289121443627758,4.556586741159031,-0.7816372127408535,0.6387392794771305,-0.9269414671607045,-1.9850983801582158,-0.24559112263296834,1.7372167188779204,-1.0642087212809659,-3.609857187492979,-0.65525128961049,3.406131644582099,-2.6334780774389945,2.1711159828124895,Type1,High,2
-0.4985185516200272,-2.25968644897043,0.6044859572931605,1.876315903315095,-0.726528268393714,-1.7179148620710862,-0.1721564991822695,-0.6287827424252861,0.9415005604889501,1.9569056864137702,0.6416075388412039,-0.7454912693195149,0.620660198121797,-3.100842670081597,1.4741710268733643,Type1,High,1
-0.90247784192703,2.094354722157754,-1.5718811820285583,1.1298722129675836,-0.5101193850409896,1.9030299559337793,-1.4061064730626136,-1.4120252640062896,-2.444504466619917,-1.5387064642122001,-0.08556507083243403,-0.03837193429432864,-1.844488840155137,4.31706931070994,0.21562200515929453,Type4,Low,1
4.855962467150461,1.3767056229973909,0.14845559046520895,-3.5166622768785603,1.8783732034691099,1.670376252678807,0.49608461152218064,-0.32533980010824304,-3.4393407448720597,1.4569198787539253,1.222680371897615,-0.3419839852173764,-0.9416151590814932,3.5672243609416574,-1.7656302783354532,Type1,Medium,0
-1.784195941580276,0.23066971603730435,0.024117259321279727,-2.7359684051279487,-1.1824357797692917,3.233941154307168,1.8199019868852266,0.006223858395818627,-1.1247507046194214,-0.13240073954750142,1.1768648831258774,-1.1591821060307181,-1.351086883418764,2.3613336168516392,2.922427538386435,Type2,Medium,2
-2.9227579108325905,-0.49658043467330426,4.117014412273467,-1.7800702501659948,0.6856590107015685,2.019844548763646,-2.435393761262681,-1.173399528041391,-1.2946031578034767,-5.217874972777277,-6.246210795441179,-0.8540968831727593,-4.882029845901455,8.870666589534816,-0.6265627429447185,Type2,Medium,1
-10.573848407312042,0.34569907637370445,-2.3351658136673725,-2.6440740777490976,0.11236153574385471,-4.096151249031912,4.633422891034211,0.08027267555495166,5.213819586175963,0.4446114335176309,-3.5524961799213512,-1.6511304736310881,2.892550230172798,-5.489619386925545,1.1809749300346124,Type4,Low,2
-5.522375872179245,-1.0961857512429254,-0.6344787682598461,-0.8177864741718344,0.5148941080659255,-3.761380601914226,2.83881754059884,-1.9074245695250975,1.723037212859512,1.5500684122354402,-1.5290867011466698,-0.797860568861729,1.1346312646632226,-2.4717162584626484,1.0156750047615144,Type3,Medium,2
1.1732817798230382,-0.38291446269804097,-0.8476005194610772,0.9063789550304047,-0.9173919852632801,-2.8095821577965974,0.5103170093304185,1.6035707882194417,1.242480805192418,0.8953479199382577,-0.5179799016956236,-1.5927664939774977,1.332260033701722,-4.037322036484732,-2.1484566335167483,Type1,High,2
0.15861229717358363,-2.0221267053597107,-1.6205118058016788,4.215128391828449,0.3185427636639564,-3.7708600922834097,-0.3240974344797616,1.799577157460885,-1.178805425806858,-0.4935599775621451,-1.8307138356606947,-0.30357995193639475,-0.4151152856622634,-3.52277843046023,-1.1183471749725258,Type2,Medium,0
-2.003872022001141,3.5974418162518496,0.49267679007119347,-1.803146984483778,-0.33691361786768426,-2.9389242875969113,1.8023011556883075,0.1874023618542665,-1.5341489461748905,0.6338732793463123,-3.364482843426277,0.4593369247856475,0.6249629253140752,-2.8222855671489255,-0.46665976156756683,Type3,Medium,0
2.886306011853591,1.487662173771227,0.048616985285703684,-0.06376868861690421,0.6287820996303176,-0.7574659690190538,-0.682036799004883,2.7791722515076716,-1.9192578250615684,-0.21215992105731873,-1.5497138088032496,-0.45054942058807257,1.98498418623391,-3.3211426865293583,-0.5621146148026184,Type4,Low,1
-14.13043811699728,4.932183465705935,-4.306847470063972,-5.886491827007078,2.018580324611521,4.303268822496748,0.4083242328453449,-1.6722209986445407,5.132726673274687,0.3897836040607743,-4.0634989309094625,-0.7235146976817955,0.4486921789066268,1.9371556280009954,3.4395519927678895,Type3,Low,2
-1.3430998202270443,-1.2549792009180807,1.4777413071897196,-2.0782499595835455,-1.4352018761514058,1.3354927498363038,0.772265883938022,-2.3948638372271147,-1.440884801565819,-0.4374212830445673,0.19713196250825793,-0.38561427687574545,-0.5553960029238281,4.201090324087398,2.1823967206121617,Type1,High,2
5.912530638229799,2.565415852228949,-0.5973227509620977,-1.2022878482702977,-0.9273002149251984,-4.578624206861884,0.31178377800023793,0.2401880770490631,-1.8113717414819885,1.37453992288457,-0.8685073206669127,1.1809594988541983,4.2954385215903255,-2.6410615203218186,-5.280380366822153,Type3,Low,1
4.989291864884053,1.1037823873306005,3.825695078942367,1.5827412583356586,1.0532577946635924,-3.0826906107451157,0.5023161212158661,-4.616407412706118,-1.7208245465413334,1.8028846677797115,3.489170744288857,1.2262804134177054,0.9023503093991998,0.7002575285941034,-1.2181923585395067,Type4,Low,2
4.7329174867957855,-1.3147240128343594,0.8582115693263929,4.505528576927064,-0.045508673370260426,-0.012105361616787824,-2.8121172218961683,-0.3035655797421519,-1.149879833359142,2.1492441104660562,3.1637647752743394,-0.09697999989447041,0.4902941494955916,-2.7053930885221824,1.1993416064617577,Type2,High,1
5.993877951356326,1.075993115806383,3.129542515394692,0.8758669710037715,0.6334322269187602,2.0929708564066023,-0.7507140325460329,3.7107749954488014,1.474766822175114,-2.26269139751001,1.8582516271644618,-0.5475814066130479,-1.6329237746269052,-0.8842776678131107,-2.5356344753648217,Type4,Medium,1
-5.43495013017199,1.0724540254444797,1.554415586595812,-1.3163490531881834,1.938942130635714,-2.90179522551634,3.482879547208979,0.7719321173452613,1.305432611689424,0.6240631202873453,-2.5867607383633513,-0.02187313754468159,0.5123349029207399,-5.448804005901395,2.4713907065026124,Type2,High,2
0.4195746520263645,-0.7004566866014363,-0.5242340362925413,0.037059989205221466,2.433895780053542,-1.9170018616508768,1.704463511546533,-3.9069916336248074,-1.2132277932740219,-0.14898685221716024,2.536267119350635,-0.4372578832197198,2.7026467763856656,2.6793764244767786,-0.023304446292934378,Type2,High,2
-6.57158561656227,2.2236745421374704,-1.5492370728717924,2.737063451846601,-0.3953409130830503,1.4286845414524987,-3.9310215727457885,-2.3800809208464275,-3.580070029343267,-1.8516715955416774,-5.092654786915655,0.17533239726846755,-3.6970268765033105,4.514559118551127,2.803702581858987,Type2,High,1
8.45013936863832,-4.67305992205903,4.022800475820761,1.5553961528878386,-1.0307519675102705,-2.6884998900816224,0.7320655969162166,-1.2143005378194651,-1.8318426220206303,3.3021841205612525,3.3632974853441135,1.2704661940864688,-4.117754091691845,0.864941124388045,-3.1299653446373483,Type3,Low,1
5.164348039215454,-0.31612436536638877,0.15646374970326105,-0.7599226268518057,1.3664009695094368,0.9565765322940623,-0.7613533423711987,0.9053496710572135,-3.116403208572404,0.6384464321329892,0.5901517644858854,-0.5205210799256276,-1.4319167891797788,2.077313167588648,-1.7569751869175383,Type1,Medium,0
-1.538125779218323,1.4745357595203044,-1.3080815491383413,-0.7668628506220876,0.7949140617092454,-2.4753052121646575,1.8085059294343218,0.42944104565903496,-1.7146014014314237,1.0642274707772097,-2.0839566049107963,-1.1861102777281374,-0.645088886627204,-1.8237056812606234,-0.7717052878705254,Type1,Low,0
1.380437249142173,1.4108185149295605,-2.081485012718046,0.6863443360370323,-0.011743152021564887,-1.416049413867743,-0.4569624433819012,2.2084896954136433,-4.472153614751683,1.1834441966769176,-2.67090224633664,1.117196164341796,-1.3006669391595205,-2.1129556200028485,-0.7077464621169074,Type3,High,1
-5.646238869497877,2.4181153339448462,-1.2631820165459178,-0.6007382077554209,-0.6079602062009536,4.434066448617437,-3.0866259905719686,-0.8523271363833098,-0.16464387931236923,-2.3584853943626345,-2.625274425922961,-1.0186642966089088,0.02337176176956879,3.685727533845149,3.528995138693406,Type2,Low,1
-9.183807079746732,6.319395049389721,-4.214375415256328,-4.589893971652415,-0.6354977408001427,8.498465425203296,-0.4720627666114037,-0.1520587972467432,2.2785674041337662,-2.6586378687738192,-0.8638065815033975,-0.1469054250386752,-1.8073407401942703,6.190230305834988,2.987592532746154,Type3,High,2
-2.6408557509145822,0.7334841337046247,-1.4860750277063715,1.6153222586989107,-0.061645926802185634,-0.7300067963956456,0.47624143504391725,0.857628270164014,-2.5524908426241724,-2.120157209504109,-1.7712370716595527,0.9454923287114765,0.6762269028645729,-0.900946523535902,2.0902549173585125,Type3,Low,1
1.437349633578447,-0.6069297882978235,2.403727708963685,-0.6478585424616286,0.8029656838075111,2.3114510494143308,-0.5045996391468672,1.8960436996152072,-0.41422774159217235,-1.4401313754308775,-1.2172412483873032,-0.12020773479571227,-5.46581482935676,3.0265444406958757,-1.1880166072879126,Type3,High,1
6.087492878923302,-1.939899591431506,1.6243805878328286,0.8227345705900684,-1.174997649293336,-4.429429111655313,0.9505748171267978,1.8769978130864122,-0.2776061608432523,1.3914806764693375,-0.11784929092263963,-1.1301055540566824,-0.013578668799193228,-3.5409682940891694,-4.4731391737630695,Type2,High,1
3.2956210294720685,-4.109415502880913,1.5122040453415928,-1.695503013668795,-1.9007618253778795,-1.4614684676088616,2.2503357669387225,-0.05138928506856244,-2.9516964925558726,-1.5647396236333013,0.04557257067365428,-0.13457606789004908,0.005857619803435021,3.3206698666812935,-0.9231967301026662,Type4,Low,2
-3.118088691386878,-2.1132798901864827,-4.0770515349089544,-1.9634302973071962,1.1061329954666246,3.410115867977388,1.2790111631067451,-0.10393803892912623,-0.7037914123320748,1.8693699717214525,1.4736797560150783,-0.3900291866578486,-3.304192818384991,3.45171818746305,1.839712328189083,Type1,High,2
3.684722611021452,-6.207264329855031,-0.4234730007506802,1.76677956605071,0.0013858548430013022,0.07456460652426311,0.01771576625580995,2.3757599370995153,-1.0262452513827567,-1.9346501172268538,0.5405633873974316,0.5562573912095082,-3.221686175056225,2.888665710834062,-2.1114348875983127,Type3,Low,2
-3.1838904587440653,-4.194297385688943,3.767154979804725,2.8074079594224735,0.560784869127428,-3.2956551588281644,-0.13667891116312236,-3.140003543055501,1.0203433196722353,0.2714863870253128,-1.039920658260491,-0.2802174123142433,0.07036175106376596,-1.2353351714429774,3.137785883641989,Type3,High,0
0.38672099167915086,-2.9238601846702017,1.2403037695957664,1.205060126807672,0.36139897126592485,-4.293618748157424,1.1039544140968527,3.4290852306344144,1.0625359196504647,-0.14148662946057733,-2.9621499611699287,0.3883392862190113,0.9384880106024336,-6.195589665743818,-0.9729322603009003,Type4,Medium,2
-6.230186870594304,-0.45226053718389636,-2.2129229459530477,-0.3790857159993488,0.534118811938557,0.9617449029685212,3.0035995859685505,0.7827267797922833,1.4796113821502184,-1.4717075324749092,-0.13505642189957667,2.4658511788338564,-2.331271706118787,0.4689180406992828,1.9141114386264306,Type2,High,0
-2.902521997774336,0.017048471936181753,-1.7999367188900728,0.7451684069444513,-0.4564247325115009,-2.9462628372075437,0.5657943397115996,-0.5389592866538497,-1.0572256996232812,1.828636477816994,-2.252971220982662,0.7519995285823454,-0.03880173810411569,-2.4779786591821433,0.3443893088501587,Type1,Low,1
-2.579616183257553,1.9255762916860435,1.0683853253784759,-0.23934034379430869,0.21765979446459033,-3.5447854283672733,2.6516545184580953,0.3496109687754294,-0.9411278128226861,-1.2797520380614573,-2.8359768796715064,-0.13988794267799,0.05207587617593279,-2.3825977819852446,-0.2734111593555415,Type3,Low,0
-12.321195425345259,1.8682000176724842,-1.0548613524479915,-2.6816090670430466,1.2839983334151266,-3.7770234970201155,4.0712441835286945,-0.7817633906968495,3.3106002278419933,2.3441766217434825,-4.993624086267033,-0.04914978753855528,0.6601787583288188,-6.218651197016952,3.515494857954186,Type4,Medium,2
3.9431087322021425,1.8980887010712992,1.8152981121931653,0.0079601555963007,-0.7093492458268411,-0.03526016699325317,-0.9435179402338281,-3.024266867888416,-1.870090570961918,0.8695420792913024,2.317810757592678,1.3673968138098649,1.5020413822650291,2.0643357001263407,-0.5206786073288983,Type3,Low,2
-0.5591092140218662,-1.4265094823321587,-1.3665128124622692,3.1997082800439793,-1.4133339664027331,-2.6983945336474173,0.24306947469451223,1.417670083546777,-0.0411020679306624,-2.29992442749672,-1.2929844632828749,0.5323037768383855,0.14191043607626574,-1.5014692559944256,-1.3968766074711216,Type3,Medium,0
1.403691745572787,-3.361716714611534,-0.398803178447693,1.0232998322594702,1.5687572352524275,-0.978102111100227,0.46645460782890735,1.2012901053284872,1.5459501300572835,-1.5645909997291274,0.5210924097659773,0.7591461765311076,-0.03843572267462392,0.5009323429031554,-2.042063965284507,Type2,Medium,0
6.669913851467312,0.7478823871431532,2.6940461453349593,0.4170745573716119,-0.659978731673013,-2.63534092072687,0.09817470336053158,-1.268543014649413,-3.874088567853485,2.2640814493573855,1.5591490444258285,-0.0314218999039425,1.4110932870446005,-1.4710632673019808,-1.0311236747559207,Type3,Low,1
-2.0301609453177174,0.9552571666980004,0.8188070076182821,-1.1788535861361193,-1.301748121911409,-1.7566048367818008,1.1914815092518398,-0.008037786293302762,0.8157703369226172,-0.060629691563391264,-1.7449707937405798,0.6016104825875591,1.4559844599196752,-2.0696780365475447,0.2339594303215511,Type3,High,0
-4.16821129547125,5.922013945539272,-2.644038155450988,2.2204281405505766,-0.4972441395492524,5.7274269733068905,-3.2643154306218265,0.23679252942130669,-0.18788754861490087,-5.41631986660622,-0.6499512640595628,0.6982175508037494,-1.8327810831619638,5.1489318207925265,1.1708905254317112,Type1,Low,1
-4.024621332682367,-2.6335266436279263,-2.052009668244875,0.3270942499884151,1.836493719939752,0.7479421409140687,0.0026389587693493866,0.24661054383954395,0.9029242232451462,1.2574777283014216,-0.7359409912062281,0.22944190292056701,-1.712410996113719,-0.3014472105407434,2.0765773870869007,Type1,Medium,2
1.9021978179736636,-3.847413320357379,-0.23893836982878958,1.8433881378597223,1.656642406436628,-1.2723330540768845,0.6285206772300547,2.356535660755106,-0.5275947623277011,1.4351875532211178,0.17464175558301553,1.0970534224750779,-3.2843206754732317,-2.129975419886083,-0.7531046277537972,Type1,High,0
7.761989256348194,0.4840101422266394,-0.8655678119775531,1.5598045973273633,1.3030226301042414,-0.42421924187155163,-1.049110616270339,3.081045957669607,-2.486060957306785,3.1008689492603754,2.6431243144709797,-1.551359220896578,1.761076329403446,-5.3199324823752505,-1.0906473019359773,Type2,Low,1
-0.9181203651599917,-0.3563887623347042,-2.045422664585887,-1.0317356803257494,-0.6891562561313513,3.1523926889350755,0.7522104151051552,1.320647418464336,-0.3717598396440088,0.7970342744102286,0.9895587686488818,1.1894937345501595,-4.61322909746683,2.3857183297506848,0.11467332795072138,Type2,Medium,1
8.34215277365388,-0.7807670487755941,1.3526718775711595,2.6591005648787363,-1.9510815662936234,-0.777115654115485,-2.5792101531053238,-0.606758042111297,-2.96695494488568,3.0704772533953264,2.9095657842361504,-0.13382935168049312,-0.055709794514786415,-0.954505415218005,-1.5683930236924655,Type3,Low,1
7.5345513010534,-0.7042675730196177,2.365227351743552,4.763448005166017,0.7797358777052895,-8.209909975668563,0.11811305338354905,2.6991541230128027,-2.8552504404005465,3.8830330764052565,-0.6309191690946885,1.5853633721787135,3.0041141329986836,-11.918015374579014,-1.8942030470650022,Type1,High,2
0.5052266943857663,1.5308126082217772,-1.8315442837861104,-4.595014215527066,2.1417463879505343,0.8251287548932875,2.064659942168455,2.653808209635346,-4.536598954090753,2.805374753083363,-2.0410350299372864,-0.9773139884762714,-0.797707566793108,-1.5491788826974575,1.1293808850153773,Type3,Low,0
-5.328234581157662,-2.093908965556251,-0.9663571336626432,-0.8536478224866568,-0.03155499995066295,-2.863110960230013,3.082474896865763,-3.4379728020508673,1.0552414718302314,0.727828047282575,-0.10181754003820698,-0.040331543597826224,0.7809180436468502,0.9225178744354249,1.2169287026217732,Type1,Low,2
9.18112754871513,-2.263458420207131,-0.1668138612422626,-0.6517252076279583,0.673271044960149,1.2290752729890901,-1.1741623704607624,3.3949474144583425,-5.1995067512124065,1.6291230802491972,0.8990556425571272,-0.6607331523918664,-1.7912580652840546,0.7361858911069844,-2.1185395417418222,Type1,Low,0
5.529512793360966,0.5567993747945981,3.006169848124216,-1.4857745059748146,1.7531945585119801,-2.116160143797464,2.250561162769789,2.3780399255192095,-3.354108200665958,-0.07079697703720744,-0.09977678181714977,0.21344607598919835,1.4295099672813896,-3.1018790763169033,-0.6710408378148698,Type2,Medium,1
0.7205258463726425,-0.6395299810976525,-0.4907980745849373,0.8874955893530362,-0.041110732164029856,-0.622779990138771,0.1800790201173279,1.9343062017349877,0.8450769072580073,1.0001725253149534,0.5449259682185839,0.1202408343239678,1.3313882109094455,-4.152096530515185,0.5734334234462788,Type1,Medium,1
-1.2870017108782603,-0.7792550291980969,-0.5919707944583077,0.9997368928211703,-0.38904507005696065,-1.49239011531353,0.9336335610522823,2.1771305250772492,1.3130923822433433,1.3249897959877939,-0.5606922547156035,0.14627001036183682,0.011124613401998884,-5.0759568732172236,0.6833952487800566,Type1,Low,1
-4.970703795705662,1.1775943562035216,-0.5617520333676641,-3.56733912208673,-0.7797074425641423,2.90173437565658,1.085783827427049,-1.8601867318604648,2.827700155183773,-1.8425760260284352,0.504352602377647,0.26614697645219965,2.570694087677529,3.279379372905481,2.154365926144254,Type2,Low,2
3.479784954924428,-0.7086492631404149,0.6960832627766531,1.0130329090707,0.7924135352849436,0.2622555970996147,-1.4464014699263619,0.23491298443486142,-0.16832404912369103,1.2293972188532873,1.6568548758235684,1.355614377373964,1.4399226799085394,-1.4878581166091385,0.12189517659346083,Type4,Low,1
4.19375096264493,-0.46363844223600714,-0.01602013658797885,1.054251068947381,0.4751179533384053,-1.5723669921330272,2.638240045416445,1.7530734171085194,-4.068952742231083,-1.0344805613634669,1.1506469670039232,-0.6869234154593553,-2.8113152795487606,0.5705996296552839,-1.961015595891371,Type2,High,1
-1.1252870219297173,-0.28162693237507974,-4.738940965519977,-2.285686816805507,0.31557239886041755,2.870376790290867,3.5749026729294555,5.553929524674395,-1.39077704656866,1.044697111826864,0.7438563219588414,0.3502265430547991,-3.8155837169147038,-1.8836501618714228,0.6555594805093908,Type3,Medium,0
3.1036593103259076,0.3850704330475305,0.18067276287649303,-1.1661982118337353,-0.19064884631419646,-1.6848395636175613,0.5330995284218567,1.853287266659554,-3.3100175070129927,1.4051986160595407,-1.851924318231656,0.5655279918145413,-0.47999433896048227,-1.8276897106296814,-1.3179977593084753,Type1,High,0
-6.207556025780757,1.4281862063297133,-0.539783639452424,-0.9819998328280382,-2.892739538444555,0.38850309500654184,-1.5882294298958475,-0.6314545107241041,-0.8945228966798007,-2.3065271576858795,-5.4878075884463104,0.2058551698477734,0.5029040992418581,1.8009572948573933,2.138366685482763,Type1,Low,1
-0.8807513887252352,-2.0003822008217083,1.4300473640990128,-0.661966397590015,-1.2106710608841014,-6.804460406373557,6.024814033513873,-1.5120666446152131,0.9446594406921494,-1.2840365721353826,0.8415259104673982,0.5505529479153625,4.86228486609968,-3.2746817249085782,-0.7939907497771432,Type2,Medium,2
-4.00537008580836,0.053722784942384694,-2.219745315476004,4.099221826402724,1.5716207904882062,-1.8498315310830526,-2.6636423671960863,0.2954296179465664,-3.213630780567416,-2.7986933989982408,-4.671804351879917,-0.6133865042135246,1.4662144967260162,-0.9546700820954593,2.3124754139968307,Type4,High,0
3.3144141246979464,-2.5935763011571717,5.0657221037738385,1.4868219301169951,0.9135805762143632,-5.716490535936841,2.98128188070427,1.0714412059059935,-2.4868547645146686,-2.5538472102862313,-2.5796756313449074,1.2028723612267171,-3.285704539903678,-0.5263637852693578,-3.0961691650287073,Type3,High,1
-2.1620945904609803,-2.0585411732456906,-1.8789267036567303,0.6002199823048469,-0.03538879411054802,-0.31659032271625176,-1.9148163391300796,0.7925051928224267,0.5585736640476155,-0.5509404841623419,-2.896629279899056,0.11651890357079941,0.516632571762647,0.09696248034434919,-0.10905140225258525,Type1,High,0
-1.7337591586371963,1.6403016806193649,-2.5645251488802066,-0.9438200689291416,0.7326759053714847,0.9302008875952799,-0.47340213872099635,0.8051110466974337,0.559354115252038,0.21575748535088424,-0.9750565928320322,0.34294876410888947,0.567008893426864,-0.24354076459700444,-0.4487357555024204,Type2,Low,0
1.9478528239856105,-1.7298118246215552,3.2753443476918043,5.73363478193531,-0.4588556081882441,-2.49284998359567,-3.5456145727499644,-0.8852871037172674,-1.5731993560168567,0.2837352021417128,-0.8842943014259244,1.8383385026292238,0.5811515702148606,-3.410725915391987,2.132981871821412,Type3,Low,1
-0.5189914758617812,1.5306923634906888,-2.6404068226130333,2.348536271374471,-2.116146239986127,-0.8017330787771745,-1.3535443849190876,0.5606203993541099,-1.176023531413257,0.07396925930179776,-0.5988222138436572,0.20578143777242455,1.6590842707836861,-2.2570490581207556,0.2856810874162842,Type2,High,1
-6.563685536729529,0.9240634005933017,-0.6169005235548328,-0.6360158004470879,-1.626384874504523,-2.842636653285395,1.840155544108106,-2.89812006095658,0.3498806467092529,3.2078836743794055,-2.143798208846637,-0.5326813069143703,-1.3421857841768259,-1.8906960536783919,1.8609386819431517,Type3,Medium,2
-4.1852026433834,0.9979428379880944,-2.8462765801182455,0.6343794866149446,1.8849697124153164,-0.028898810714494527,1.8296232133983215,1.6100466806223244,-1.086660407169719,-3.0559967368782432,-1.4644146880123932,0.2267338018512025,0.032373469510534436,-0.0821683381021114,1.2313962180514006,Type2,Medium,0
7.991509792105422,-3.9692321336858716,4.738170640881771,-0.7862976736116019,-1.1558263904413328,-4.553944220408696,-1.5050207558934958,0.4256720240253822,-3.421430685211467,-3.402451386673723,-4.456094210104975,1.630196800176051,1.3591081280078687,3.5995284903747167,-5.617483208801007,Type2,Medium,2
-1.257719952904562,0.15560058295725665,-1.3579143998846166,1.682862780568625,-1.0477462850493768,-1.9032218121494473,1.4530288862311809,1.7494432694402104,-0.5277048774738529,-3.1449487413986295,-1.3896052058380184,1.1126874376155074,0.024773047370711065,-0.7415754587065587,-1.1579918537436629,Type2,Medium,0
-8.908140990859595,1.486198351058867,-3.035122954425969,-2.5126532773388526,0.3012478930185536,1.8822943016383125,1.019178761250895,-1.3914721743145468,2.089889832438125,0.7993800731084919,-2.3114928370666936,1.226062033644951,-2.784444674019192,2.2584616863521676,1.7223459477584258,Type3,High,2
3.286343699180621,0.4744232366880874,2.160918578424635,0.439567409888303,0.9712955987921812,-5.905234216136983,0.8503993616587338,0.2798030243947266,0.2438756972517273,0.3903378434163596,-2.62682078125129,-0.3408989269883307,-0.08680429137475199,-2.575351834433821,-5.519760668067434,Type4,Medium,1
6.157792764463963,-0.881262787375754,-0.3365790015253747,4.323415609901355,0.20964938347225226,-1.0845486577127985,-3.7268273979994544,-1.8589880726126937,-0.14197575577778843,3.841781188061929,3.510164265282959,-0.6044129087470321,0.29346810042309857,-1.4272695718623034,-2.1175669187652195,Type4,Low,1
2.204304044542903,-0.34199983260806,4.1729073306984805,-0.10259620705761674,-1.1910818316848417,-2.450645697712621,1.567792061125325,-1.9145434745663312,-2.3949648763225024,-0.39248627087550636,0.05735828834997925,0.031241122977947525,-0.3624327939346701,0.79223571325967,0.1901709619244114,Type1,Low,1
4.763917227023997,-0.8909944207820741,-1.0769347675257523,0.08757121081005093,0.2362800939530502,1.479472336419398,-1.6792060498763834,1.2833932605410638,0.6374533218075018,1.858587300008805,2.669946618749506,-0.5224364519576513,1.9105625624961087,-1.3178610277655247,-1.0425426539770648,Type3,Low,1
-5.493756220059481,-1.110159127312309,0.474852362569097,0.3942625471223594,0.03254010128724651,0.32598442910163083,0.2644690818172697,-1.5268984516023334,-1.1040581852392772,-1.2628713329330488,-2.7873060397319636,-1.6178728457544937,-4.137901968704172,3.3873195578965185,2.172146638623434,Type1,High,1
-3.733793640429396,1.933381899503304,-0.7786249865527819,-1.2722798929802952,1.0886435432988102,0.6281653554639175,-0.21332836992125492,-1.4035777571360044,0.5223414934489,1.3879668747175216,-0.9520589902351336,0.5511559752582244,0.7208700419599061,-0.46923977874834255,1.910401223867146,Type3,High,2
-0.38897324410601275,-1.4688854953910098,-1.3670178559034816,3.807693496947181,-0.19549581392144594,-3.77673891325727,1.1675687854124677,0.8049989369672849,1.024029641453403,-1.677805331588159,-0.45166913692749466,1.0250485095005544,-1.8472427465985746,-1.1886612767476286,-3.2738949181250767,Type3,Low,0
-6.120538355469684,4.351170008688844,0.31873116413900937,-1.5026602016373967,-0.5249076974063555,-3.222265604133356,2.2166525052272634,-0.7949789825154818,0.8176831595252643,-1.3252008851682509,-4.127530924164326,1.641167909472439,1.8300076083022816,-2.544009577000357,0.25371767279115875,Type1,High,0
1.05600023080665,-0.9781079415910179,-0.5829399527181869,-2.002980930322641,-1.3267562005444338,-0.29607739804071653,-0.2176195911131984,2.150616761491928,-1.1824497459389285,0.6122364185922091,-2.308120097670754,0.7554931404303789,1.0600217390709923,-1.3062433955794945,-0.37690798539986825,Type1,Low,1
4.908494867457842,-0.4203709202086042,0.47324802114762776,1.1438394263114064,0.36398060384964687,-1.06571551375388,-1.4824032885912615,1.5213943661167724,-1.546978093372194,1.037337842306565,0.406282642525046,-1.0756082476060034,2.43350919477973,-3.10369009641276,-0.649326769760541,Type2,Low,1
1.041433121897949,-0.29800620790152044,-1.3778798816666717,0.7082593800423005,-2.1115717682134347,-0.3426624920197481,2.157271597131265,2.247690714975162,-1.2956858306652228,-2.462806943107643,0.8075628312325906,-0.01623227748081371,-0.2839346980665224,-0.052001029318571416,-0.8272952881599596,Type1,High,0
-0.9952093837062307,-2.2661378575468487,0.950874740026518,0.95784697392572,0.264939394902242,-6.0316170683989805,1.942270754016779,1.9730841363873162,-2.0003505235730956,-1.2935767073021898,-4.968576242593521,-1.5002413916826591,0.8772891951425636,-4.135336861787522,-0.8785466709989791,Type3,Low,2
-4.536564573014623,3.0167576832405945,-0.32281227875325624,-2.6100365490275736,0.5140596808729196,1.653439155362669,0.9185121268276746,-3.623657458228032,1.1087179119806263,-0.10696113856792233,0.6037361460034105,0.4868276281111017,0.9932276049488554,3.328676400776251,1.6667937938494832,Type3,High,2
-0.7610959939210694,3.235511397190305,-2.0658499485961177,-1.901612402658324,1.4214381748525053,0.8746781157046002,-0.07312306964600546,-0.9093785080897985,-0.6557238982770246,1.1225256664341288,-0.2964406753355422,-0.2775250111399096,-0.17804326651213787,1.547854282581506,-1.1810717940920625,Type3,High,0
-1.761749870518054,0.8350432899014154,1.0606981574974985,0.9292858071499379,0.26020899395879427,-3.95381684160743,2.5353878495725626,0.6602130861870774,1.1493325616819448,1.3490597358186027,-0.9828305626926461,-0.02514059754586416,-0.4266413928926378,-5.442511203304999,-0.3303648699404118,Type3,High,1
-2.5967787220594762,-0.7407822148442735,-1.1155326217764028,-2.806706829633072,0.33000495167014887,2.9673894322222427,0.8724676687305182,-0.008580550840784573,0.14451548237337386,-3.0257341160179836,-0.1853432301667851,-0.9283978115738216,1.2132727431358439,4.383614297131744,1.5326055176216835,Type3,Medium,0
-3.352193651265611,-0.9701913994142253,-0.9922719386004236,2.282372096171326,-0.39717987743452765,-2.282479249053413,4.240693481412919,1.174008058817158,-0.18061252921318394,-1.871237852312078,1.0910865587655838,0.31593100782932415,-0.47549823104596456,-2.973342525658505,1.936218610210536,Type4,Low,0
-2.750402571853864,0.49899547688870827,-0.38936010498228835,0.8014516866083475,-1.3891019799191424,2.757439038550514,-2.7381773937621174,-0.227876058653115,-2.177423737247207,-0.7685300243576102,-2.8713321761164776,0.43427816066120717,-4.5538026170297945,3.8326310866786613,1.508067542223807,Type3,Low,1
-1.0341817642647682,-0.7116342349872828,2.91493597529894,-1.0928882234815083,-1.047194991883691,-2.1655550891541595,1.4250273176550199,-2.421648522024903,-4.079076575590862,-2.5786260524764786,-2.889108849242805,0.21470704475376143,-0.5463966677263975,4.109470485330675,0.8867195019651455,Type4,Medium,2
0.8340768674649759,-1.8280734329833361,3.384172087380791,0.4962790887226465,-0.8175862116629818,3.008228950084419,-2.4894147367738686,-0.17631280966822538,4.157286792424637,-0.6916283510593688,1.5999185189303113,1.0394249952586816,-0.07316818366450473,0.7966894752758517,1.0968448362256995,Type1,Low,1
-0.6494398585523757,0.033854885827491854,-0.2861635032621127,0.09155130517052623,-0.36660809475290124,-0.7449903419983922,-1.2549123223827559,-0.6125748602702195,-1.9853308017558444,1.0359720040864668,-2.497724124203871,0.8766705352669774,-1.6465973215811207,0.8606500074470705,-0.22529245361486372,Type2,Low,1
-7.752479201863393,2.0522119985568557,-0.4221650236924167,-1.6760108630578383,2.6917532958709813,0.871107355825582,1.71739644936296,-4.243238739221261,1.2928552804313986,1.1335188038073956,-0.27606122094574437,2.0572992272863457,-2.5295662800606546,3.0476250413172368,2.573029485481963,Type3,High,2
-1.4108120570580187,1.878048293620521,-1.9312138423517808,-0.22131688658425586,1.8418225272751392,1.6360447564723228,0.4753449130437105,3.119955977978694,-3.882387639104003,-1.3286934364112315,-2.5901727619152224,1.241970764915101,-3.4662251370006674,0.3922958598422848,0.9536111596762038,Type4,High,0
-2.0632355691768907,1.0736988847649447,-2.0125589733800355,-0.9766657475724845,-0.04418459717668677,-0.12418667194004689,0.14036464655511116,-1.0265724204384474,3.0921378481767725,0.33075421272582084,0.5050522053450892,0.917167335738365,2.0959863351786376,0.028392583744179484,-1.3238915086086585,Type1,Medium,2
-2.734208411194599,0.4748139064926479,-3.347554972796389,1.8243658149335737,0.0024676625720383236,0.2900363847017028,1.6114343768755828,-0.2548629781278322,-1.5345077952697896,-0.9600426803143728,1.0829469100023923,-0.3014832461875034,-2.3723356044601633,1.606457232039311,0.5784675907176169,Type3,Medium,1
-5.093857995588824,2.9936800160559423,0.4697293661363491,0.8906493344620785,0.5406112039619526,-2.746928056883732,1.6665631362819595,0.49633512148810777,-1.0686959718232258,2.6212920998238047,-2.842024069620127,-1.755219974400954,-1.2951368212319276,-6.6263498875948645,3.1921382390646977,Type1,Medium,2
1.9183255587578418,-2.11431775940438,2.5906535911032016,-1.2270233049148913,-1.2713718510665313,0.11570744447358142,2.4392307374320135,1.241682894159119,-1.247709707085142,-1.6078000504982388,0.7714664753857721,0.9026206787326274,-0.7647893469914789,0.723682844285561,0.7921933779287017,Type1,Medium,2
6.17149432305247,-3.4203865495358903,2.2036373504441755,-0.5345004211164248,-1.4341183975528777,2.6337388246737543,0.3800364652235486,1.6215605795064685,-3.851082264960307,-4.742910164250453,1.2356320757469819,1.3078093293580548,-3.038578450979719,7.42611035001557,-1.6230050322958292,Type3,Medium,2
1.307576871006032,0.7987752721548271,-1.0589465916083372,0.6034003116920872,-1.3851233906846052,2.3087377146940193,-0.08481147719338822,2.3675469864990246,-0.9935283280816978,-0.9132528751349577,0.6294793174328486,0.8214003028561089,-3.401604336103409,1.1026763497711367,-0.7831130044725085,Type4,Low,1
-4.945757905320427,0.9330988509181901,-1.3858942016652378,-3.022149942504375,0.35585160915094666,1.3533166308646347,1.78826467822342,-1.1640309981108112,-1.007677539146497,1.8218923894219898,-0.8528421752388889,-0.01731748227851103,-0.8745410725254714,0.7735520584222647,3.197883751022941,Type3,Low,2
0.28490070186050875,-2.48178157225515,-0.15062539115667495,-0.1330511840666615,-0.10613605837241423,0.3035637595166647,0.5610303208685608,2.2117738148935846,-0.41746347622830327,0.1977339666949114,-0.31786081156555324,-0.5013837093931583,-0.32779438436325314,-1.69797279111484,1.2461509526286296,Type4,High,0
-2.422134966698553,0.6707294474005914,0.00582050711924631,-0.4128557143050692,-0.4162602635496502,-2.3985767871072876,1.6990964747331265,-1.656998686577999,0.14426746974090476,0.5261749339776285,3.291532388227658e-05,-0.4458557988331543,3.847898389295868,-2.604089813262095,1.9011169573167197,Type4,Medium,2
3.01980122500243,-0.2730135111138732,-0.8248309588260916,3.055523708819712,0.7506722304333794,1.965150830496802,-3.2225164744032457,2.1498653414449826,-1.8556477818325896,-0.9527284501430842,1.042246064617381,0.18002928663771678,2.9877590428999965,-2.364636757287074,2.4660703735327223,Type4,Low,1
-4.111612512845958,-0.45941405204106,0.8971577819820733,0.9059413647427454,-0.05429371752190458,-1.3352701349618332,2.7971111048027444,-1.1099032458932871,0.8316595134749889,-3.5261274319761693,0.2140643749420954,-0.38614202373853346,1.1097459329773032,0.5162665373922491,1.9920497664387806,Type4,Medium,0
2.430627384333065,0.23549971615319332,1.7452477623914922,-1.0441841728439387,-0.655115576454404,-1.9838478943851792,1.9991136688380888,0.28669922567842565,-0.07393470436837102,0.7446263885994984,0.9770232009351031,1.3448881020389312,1.7274726028553729,-2.4560560353407324,-0.6942950794467898,Type4,Low,1
-4.534878618181581,2.425609426856783,-1.7629207443648771,-5.821561688274851,-0.6048565073281402,2.279801587375584,2.0540084419533366,3.2124032738589734,-0.28069101530931817,2.9736568489624644,-2.5449827229194506,1.2184490601191387,2.010189012279375,-5.0263053059652405,4.306687309214796,Type3,Medium,0
-2.0279825905981586,-2.003622042216586,-0.08508230699311392,1.0217829827027516,0.7880173575606384,-3.378536927882907,1.7250426329817292,2.2169303886043394,-0.7017952058030499,-0.6533093565509944,-2.956098593059992,1.1060704735963496,0.07828182500038339,-3.962221158267313,0.5871579979961066,Type3,High,2
3.188900542849275,0.2846852314104229,-0.12750583909303903,0.4553769742384526,-2.2193403249533223,-2.8133007581040688,-0.6045680390269638,0.47156832215530586,0.9916276823731345,1.6609002877424424,0.027388663020208925,1.9062826161271422,2.9757068190321068,-3.634800731311138,-2.637426729700641,Type1,Low,1
-0.08764264267333717,2.3910399649695693,-2.1474490881274244,0.7000985933579262,-0.4723443664530787,2.348399667256382,0.11502844459592754,1.2385562656839688,-0.9431708593251564,-2.7076716562481913,0.7889197311878398,0.4370449951288117,-1.7936242825234023,2.7138572031086508,-0.9680687151371068,Type2,Low,1
-0.7361554742617674,0.16473454286551426,-1.9245538421923922,1.1569695187143365,1.177052936907225,-1.0564649451057144,1.5221015821775894,3.5923759883409208,-2.3839723559034454,0.26622161739807715,-1.6985404666025008,-0.40454163694871526,-2.5010797606765713,-3.546210759958124,0.3625982539586138,Type1,Medium,0
-4.479773395902242,1.0648478039213225,-0.1145018226013288,-3.076416133544506,0.6124477252166005,-0.9646289539390633,2.1040357419926714,-0.3986960720487145,2.1453029885539516,1.7683357873688457,-1.5167548522304546,-0.5860533644959968,1.3525384528864386,-2.606598622740297,1.2871745777394312,Type3,Medium,0
-9.992952196346168,0.8136811069486066,-2.4687060538414167,-4.153469441080534,-0.5468297061108588,1.1501044680277512,2.7868739566257537,-3.90222248133096,3.655982896163369,-0.9902011488701219,-0.6671666790704511,-0.9049939934941328,1.8396537904304187,3.9944643987217563,2.3786377895581183,Type4,Low,2
0.22342456797860732,-1.5916182496387639,-1.7012766094080034,2.0276614076008688,1.2239323488661262,-2.091069532763636,2.578021925164327,2.6180071550219486,0.11038725858806142,1.5279512134321105,1.59659875903839,-0.6445869371669741,-0.4036327188715143,-5.547546538204089,0.5199821206849914,Type3,Medium,1
2.2823353083341056,-0.12261969321904886,1.2692649372104419,0.19629583049171184,-0.8043122644488854,-0.7318902195291631,-2.317472096405314,-0.3714636527848174,0.7558557197545577,0.7100034134787299,-0.8900694013549595,0.5386265831632292,1.6088194087722423,-0.6708257411279159,-1.3690239673221154,Type4,Low,1
4.633117580297978,-0.985965604058042,2.319611213185011,-0.06793246537846187,-0.973884186117414,-0.9636713564880183,-0.0819347886154248,-1.069548126640306,-0.7546348645696809,1.5520403916459653,1.839195251278272,0.09365887721495852,0.039167210731107516,0.2670541157951837,-1.3111550128737193,Type3,Medium,1
5.653419806635378,-2.9783145148120727,0.17134351085790112,-0.016615196531977405,0.32123547589442286,-2.0080430845190755,1.486553390907603,3.0499204777142768,0.31054177750407463,1.3481908081933822,0.8704095348411469,0.5147568977638253,-2.7431339809222077,-1.5217276015628236,-4.72011472983256,Type2,High,0
-5.60486155052105,3.2552985645097006,-1.1845708692822914,-0.4485717979886261,-0.11983903688604358,3.831105444109145,-2.432359949929925,-0.28852255850958786,-3.702385465181735,-4.3975425290890895,-5.322719913079824,1.4336902318374543,-4.638508588664868,7.302496963733485,1.55471207671077,Type4,Medium,1
-5.758499853587483,2.1581598541684555,-2.2911434729164584,-1.177212756461693,-0.4943960680827652,1.1676068015411205,-1.3528603651280586,2.2065535570143124,1.3884767057975018,2.660708634083269,-4.226133071046753,0.8689265622845058,-1.987518380466903,-3.8621323445418563,1.6663740985591016,Type3,High,2
6.45751264281409,1.0813209560313117,1.1876568598451702,0.8976489718242562,-1.1811962745063784,1.457584832605264,-3.6174503907878615,-0.45601488439872584,-4.15657096440904,1.7894971349495132,1.012600157189251,0.42242282217763627,0.6658755441189308,0.7747133121481808,0.16017092034610325,Type4,Low,2
6.721047931848427,3.465593889238326,-4.711172038332574,-1.5174335052631918,-0.24288896282605701,2.3230157769753177,-2.7683710600575786,4.642137380265857,-2.6714420127963265,0.806372180845585,1.1157225036376068,0.07581476765732446,8.711700531452117,-4.919000671785429,-0.33834781072493025,Type4,Medium,1
8.833152204186023,-1.534909771276912,-1.799732016782234,2.704420819752677,-0.6012185778649408,-1.0527473092741564,-2.712113544400171,3.3781739805654216,-1.9504638273708634,2.1862294727931655,1.8448269274963556,0.16978777189969418,2.674888635560293,-4.458073892860041,-2.699795022090525,Type2,Low,1
3.650976574526435,1.58306488651012,1.1979949577436582,-1.594220878575482,0.32709595539259934,-3.3408610365951636,0.1006733114192806,2.0940291723843325,-4.865960362809477,2.369857969043574,-3.674455595891396,0.8630158032378694,1.8741133381161195,-4.834682536556672,-0.3944216886422337,Type3,Medium,0
6.269383129703266,0.7484800010842156,-2.0340836382407512,1.0881531319634818,1.2223292055524015,0.1618376558887806,-2.5386326708929268,3.200574920748915,-1.910652302584066,0.9282861332138033,0.8327219261475834,0.6450997762008317,4.55206372895096,-4.121947107586984,-1.0735355981624493,Type2,High,1
-1.8560187718232757,0.9869541529015434,-3.1996637531013103,-0.9111180848836153,-1.4110673558404296,-1.9727669751209398,0.41617135906726244,1.6780273768799874,-0.46943512338180515,2.319409329960051,-2.356230243335662,-0.3763910047715011,2.1936171248985383,-4.628421357341204,-0.0047944542235029974,Type4,Medium,1
-4.408849914468214,-1.2237597639594877,0.23895906013901969,0.1286503206572549,-0.7063403777659979,-7.12893225805704,4.686364630741964,2.1990604059869217,-1.0586661934656008,0.6765033999886383,-4.431169568338607,-0.6852002302885737,1.9043219575683774,-8.49497234097875,1.516631019088218,Type1,High,2
-0.9272684068851289,2.254579916891835,-1.0229768594940303,-1.3438530129730661,-0.0924900515130625,2.5352661781528227,-1.79663569101692,0.27845263980122414,1.0016775801956588,0.9504719424108885,-0.8294337993369897,-0.031479281709333035,-1.433411392745008,1.1762997120939622,-0.6239967986509496,Type4,Low,2
-1.3927433114105303,4.575755625806856,-0.6092995326817938,-2.5356867689957476,-0.7299733950767141,-3.5138795788550867,1.561870428637872,2.6542341665513756,-2.924186421705245,3.5498025345864153,-5.057090984566373,0.22484938870529922,0.5336679393287445,-7.334738627070932,-0.0640953183622115,Type3,High,0
7.9104549875265215,0.7381296672460975,0.3506377892645187,-2.4318132062804603,0.6717969451862478,-1.371982014394884,1.2536107953373143,-0.93555727670634,-6.991785228682038,0.3325548106394195,0.7624744137644119,-1.3334113861368384,-0.05073518859296278,4.498796863735533,-3.4659284813082,Type1,High,0
0.037118398311090865,-2.0065590803098416,0.39176399396134487,-0.6804063246811158,0.8412275067319416,1.3783609253252473,0.1655447270106094,2.8853539310878524,2.1060750035376716,0.2957453157968639,0.2695784606585323,-0.1565570067495522,0.5963205095983879,-2.997143381699026,1.3812216846256895,Type2,Medium,2
3.5327192762825796,1.9125350421236782,2.1436819193519128,0.2762242955679287,0.11826489933151699,4.032154172767212,-2.051948923968334,4.064388800973028,1.426942467164508,-3.0280275954720497,0.6362327726636412,0.332698276703041,-0.11829046659196718,-0.744931375638066,-0.2691785295912341,Type2,High,1
-4.5401810608307684,0.7092908020155522,-3.1761987374169096,-0.17635526768719567,0.6177282421009959,-0.037184347936969335,-0.9849691473830173,0.0845193639690105,0.6586090639379993,2.6702840351993133,-2.2320453561629012,-0.8554517117689004,-0.32350066880670103,-2.2626625333264148,1.2606923573818778,Type3,Low,2
-4.1041347411091715,-1.1087824516683822,1.5289383006153536,0.7839794040129606,0.03284581128008501,-3.575859457330577,3.747300830595171,0.10585697607259037,-2.430040132184476,-1.8551464899325019,-2.4027025066101078,0.7323485338059597,-0.5607758550013779,-2.1001395219032695,2.876808534029098,Type1,High,2
5.176024363945174,-3.7745443113752937,1.221023222665198,4.277458298163676,-1.3443040062242781,-4.7967228406733815,0.9846292762718545,3.027115656686507,-4.400970178485743,2.689371097450376,0.19392882033975312,0.6034942010640987,-0.361942845854307,-7.719082653155457,1.1048595119673694,Type3,Medium,0
-1.273691451128165,-1.5661711729865218,-2.8564436255950856,-5.075879733706238,-0.716075901992217,0.45756686599732843,1.5056565084842564,2.1158491472678502,-2.2293638933705955,4.061655528524319,-2.105394987052116,-1.3133070786186722,1.8524546006781777,-2.7523729911925803,2.30473958119464,Type4,Low,0
3.9916234821328955,-4.427162127167328,4.894200245659166,2.857518205179477,0.7864869531287039,-4.941998127304151,-0.5616435293015334,2.427143053709301,-1.0596372442742208,-4.213987683503058,-4.089938887739514,-0.712073766052375,0.12728956019234317,-1.4837167433270155,-2.6371050540219,Type1,High,2
3.030031359832769,-0.7215151535744484,0.37427281084639086,-0.37028504948822394,1.3595966254836545,-1.529364313473338,1.200054656468453,-1.0659083770799973,-3.18256279721545,-0.9822934073774485,0.12735871554725375,1.1413282628968906,-1.3090143009040194,3.691594582442767,-2.401180858361241,Type3,High,0
-4.889809025507545,3.392672312179657,-3.6212504800493943,-2.255891153682229,0.19717084398446577,-0.2654959026783556,3.3050241523883352,2.185046190526339,-0.03945661016131197,1.5892098041912435,-1.8652039891417478,0.21951561616268533,-2.843983351184657,-2.5734516612859903,-0.33363902690576275,Type3,High,0
7.165646782279574,0.6341387678750317,-2.0004651785441205,-0.24536462903135448,1.4234379234442338,5.189393628565045,-3.266887280438237,1.8066977235554682,-2.2771218412375838,2.3500556685798744,4.763095586856254,-0.7442747098740682,3.454537536877693,-0.7110176758321672,1.7933015588755787,Type2,Low,1
0.05733509781594061,-1.330532595368546,3.8608674228838518,2.69005076868274,0.810279120301311,-3.613637692099394,-0.34099489614413214,-1.5469677417007932,-0.24779866185041122,-0.3984374721276296,-1.4903926685899118,-0.4037273326619602,-0.3176977097006146,-1.6982729018494904,0.3972232672353535,Type1,Medium,1
6.36941436313013,-3.46473806513572,2.367107528690584,0.05910379004607669,0.3273415136270503,-1.5519564143432996,-0.08855502544145266,2.150143820898489,-4.241045999176052,-4.378840950101902,-2.391112621793215,0.86657362382332,-1.6966869366938218,4.54428295961053,-3.8841118290121015,Type1,High,2
3.0227695316962393,-2.196312531763138,-0.4690314396623918,2.5907663171363557,-0.18059969476112828,-6.664250319004666,0.8374369375233028,-1.2720407841043881,-0.8253209965963393,3.136827369144482,0.2253451371834685,-0.7917777765180062,2.296576584643586,-4.576531517543824,-2.6561832402737218,Type4,High,2
-3.6528544304499677,1.0624745949092036,-3.7245316079187822,2.7632401341064776,1.7929510562154198,-1.3572831954582039,-0.7756885791789832,2.159634393408277,-1.4339767879987064,-1.914211718975378,-3.8451703977191536,0.5664490504243518,-1.7206254691324847,-1.1421936200390526,-0.7365638948554181,Type1,High,0
0.6017050795144337,0.3586847241256643,0.9202476769752308,0.5738581768832676,-0.5764933369284905,-3.182381228750397,1.4737703459234557,1.8084853020989926,0.5284791535368447,0.9261620440132357,-1.0570103861897815,-0.6760672333696209,0.6731606291448669,-5.2322263456247615,-0.8764173802749036,Type2,High,2
-2.923370321550509,0.531441521637785,-4.835723764861074,-2.2417318216554523,-0.7298559819383715,3.45202531536547,-2.706108842319475,-2.479201069027419,1.8664808961276353,0.5672631411606566,0.4542971092870225,-0.8988008707232633,3.110980117349923,4.654234691400815,0.025716335825416214,Type3,Low,2
-4.810510660324993,0.5723376960588125,1.26000627433377,1.0915600735110704,-0.011292222765988916,-4.864467970258566,2.97650000594993,-1.208997170992359,1.3541859484860963,2.5336267812362188,-1.24628682351517,-1.8704475729763366,0.36300745012693936,-6.421020120719898,1.9892017745631962,Type4,Low,2
-0.3105096833311392,3.0492117887676566,0.19119508685702047,-0.7465395411815078,0.02181505055600336,-5.291124250979704,1.8367135053399721,0.06896144899822321,-2.8640528747328213,0.6380328069007459,-4.115424646598783,-0.3859493598966116,0.4873019403703329,-2.9292529916077195,-2.453317077701498,Type2,High,0
-3.938716261105885,0.9907722191814364,-1.6379723137496414,2.0255735654002316,-0.940704522280778,0.9316567598281323,-2.043704339036937,0.28425394152688954,2.392517173080267,2.1582934058029344,-0.14818620711238017,-0.7539772953871173,1.278391147754974,-4.641194150574139,3.1941457064690306,Type1,High,1
-0.18227913556852945,-1.1766147894776466,-1.8592904909919383,-2.2363473660577307,0.04095290967621846,2.0419321950677785,2.190676692249884,1.8904188837479476,-0.7988843573631204,-0.0335185557661043,1.0389144049743533,0.19480989797762438,-1.4753721771306267,1.2533517365666913,0.5104485498460798,Type4,Medium,0
0.0665477773739732,-0.006718890045954717,0.0294288037834729,3.1506325409840015,0.802013602729971,-3.2241730510678095,2.9847946158177487,2.2638122861906274,-1.274799065129931,-2.5710197756589106,-0.735594397516989,0.5228932094290569,-4.221573514034888,-1.3016255282836773,-2.4541524374965276,Type2,Low,0
0.17021592810875447,3.165288043019725,0.349412315716245,3.3667232991095,0.16655025760340794,-5.461277079007302,1.6480863983800258,0.7677154167640396,-1.3064122457750775,-1.1248372320033417,-2.4349151531722697,-0.7475148235000917,-2.6945015669369523,-3.032282775310317,-4.0181977164106755,Type3,Low,0
2.343540991450232,0.02471049428048433,1.9058545278458796,2.2560580264034544,-0.04169063232594463,-1.9824765502510322,-2.1903606516295406,-1.5773065026153708,-1.5299951585146117,1.230362080998383,0.20815499310143748,0.5620721671812241,4.033672330180714,-3.1116082842305515,1.8800191289156385,Type2,High,1
0.3486557339144912,2.639683280839199,-2.8146395839477254,-1.2654272611664106,-0.39226135702429976,4.838516680617417,-3.6979047936086724,-1.4211216378937295,0.27929675451895475,0.5365172693367048,1.1598182610739611,-0.2989771050759749,0.5927481951564357,4.574386984700242,-0.326544846163467,Type3,High,2
0.4652200878254734,2.6070067461469666,-0.8442040914951318,-2.160776591796871,0.9573574551117774,2.650739188877485,-0.42935451550070436,1.3834498118278666,0.24785918594923007,0.9614216764655542,0.19190551506200615,0.5163430005440565,-0.47500785706561743,-0.1322424463492576,-0.1709983966867361,Type1,High,0
4.114820735408413,0.46578018539554,-0.1407293364007175,1.398391244515785,0.8873958319228887,-3.257975196744981,0.9187073971093784,0.8844284491878363,-3.8029694281918203,-1.54852433096396,-1.1310403287843735,-0.9599136850395528,-1.1977978818675525,0.8092016304587889,-3.815665468972643,Type2,Low,1
-1.2910590895881815,0.19811160780881165,1.1794321383859578,-1.0609359664522346,0.23007268314545332,4.766900966164222,1.2862238194566527,2.8260503384012123,1.7524269304754658,-0.39727778259507696,2.22406339522531,-1.3369812804758388,-3.1013808881257696,-0.7932748047633114,3.1927276226327184,Type4,High,2
2.523646712689822,-0.5192488998648381,-1.80751535423589,0.47070925969153166,0.6988849347846179,1.1921452410361708,1.0629569968734816,2.929058203097711,-1.7048598535366697,-0.8832805163289206,0.837633286590149,0.10001049934180474,-3.8784556864350717,1.355918950824902,-2.1392606799222973,Type3,Medium,0
-4.443455300125226,-1.6024628889729713,-2.7863730901018613,0.249036429333784,-1.988633229582207,-0.18839040046386027,2.0109249228522668,0.43705671565292337,0.6184075392432149,-0.7453568189829924,-0.055208637223249646,0.960686230691646,0.07002684094322187,-0.4080140716094366,1.76054975901038,Type1,Low,0
-2.9754711814449926,-1.4567218659025327,-0.7791639650975801,2.0942477099165933,-1.5614602772137092,-2.14489719707685,1.321839951160186,0.49444261556206737,-0.036316214950133374,-2.333935855525147,-0.9568615529731977,0.11728724123517927,1.7105984885342864,-1.854861231228283,1.5794188676436012,Type3,High,0
2.262734758214372,-2.1538157045852238,0.5834291304057488,4.3509444516647715,0.2767121246944584,-4.509251076633676,0.8759479036482305,1.778034835754648,-2.3566646530874067,-0.7070002582774404,-0.8298885001913852,-0.09138355732989936,-0.7092936844102705,-3.988891591008666,-0.8372581344441452,Type4,Low,0
3.823995118599275,1.2627287587195974,-0.7529810037492075,0.7696651371433394,-1.1879505285757208,-1.2591723961162,-2.26937552269224,-0.1974981044534987,-0.24230609866850394,1.4329497628784604,0.26671072238553617,0.3380254972504945,3.1509760242928913,-1.7845373121851305,-2.212393727114261,Type3,Medium,1
2.646768325686899,0.11363956245707407,1.218016703175632,0.05665746810301309,0.27566345673451825,-0.20974488473424502,1.2482546900238853,2.6759971322862417,-2.402934807699288,-0.8113001786642334,-0.7847167889154547,1.2019202529988124,-3.568952648175414,-0.205052548051636,-1.3060320422219198,Type4,High,0
0.6142920993955947,0.8830334214974549,-0.7255951239277176,-0.6702085293149652,-0.2953724755378279,-1.051569647311534,0.613925521110123,0.87357838846566,-0.20843337179677401,2.115165602486356,-0.5325420360210015,-0.08903002503300356,-0.9900546617405974,-2.0582627919146432,-1.3122360536049236,Type4,Medium,0
6.08440350663573,-0.1485753601162565,3.3798017016251203,1.7910851347478847,1.5630831246746923,-1.240497444351989,-1.3763573294282074,0.9602673855870291,-1.975169203119737,-1.1000465535358224,-0.39328346740304865,-0.004381943353212756,-2.0205296005083575,0.621854209857158,-2.9702018389752727,Type2,High,1
-5.185358207585985,0.7683570419002461,0.20481913801692575,-1.24390438416854,0.4623458158727735,-2.5676664721865206,1.9739113856863706,-2.451041578891177,3.138953532493867,1.68188887725209,-0.9327283377967145,0.48398946463997317,0.969955487966532,-1.9289223803287008,0.42190652769740944,Type2,Low,2
-0.09860629803379278,0.1237596918224535,-0.8656511764980452,3.2510756511335024,-1.026153516920301,-3.3672225700255063,-1.5811250039400826,2.1636645328074144,-2.3431015260504453,0.19890457870487221,-4.428384860420151,-1.6111077573600283,-2.282851870826528,-3.285998683282895,-1.6277421919218233,Type4,Medium,0
-0.2821444540967393,-0.8325413872245871,3.1359719524233376,1.3506189090253033,1.0011119697361803,-2.5717911585679283,0.7125755220158476,2.9690183600040836,0.14365240900976617,-2.018837900788621,-3.349935126768589,0.28545949268138004,-1.1130655307359476,-3.869720530732043,-0.07625671034544412,Type1,Medium,2
-5.265759457549589,-0.02403395671894837,-2.1563447058390013,-2.5477340538760758,-1.6745800318304551,3.2520683226531135,4.9130590030404555,0.9868032247600448,-0.08980982267443971,-3.450516710183516,2.1420127890299523,-0.5394041144390472,-0.07594571717818799,2.533973346196886,3.887381834789585,Type2,Medium,0
-0.7335637791742193,1.8951218510366532,-2.3038561193957205,-2.202457232854461,-0.7388764963556125,2.8530285814461913,0.5839693824996246,0.6108433632703636,0.8025723462266239,-3.192954369208344,1.3994796730800667,1.818627772035568,4.232100503224527,2.212827661322366,0.48317864018950596,Type4,High,2
-7.944127417816137,3.9715247887465845,-2.363554364750613,-4.233290200171478,-0.18168286100819983,3.3899990701308007,1.581766217348918,0.5995258522902609,3.7780697563383274,-1.7420731510942313,-1.9440869281492583,0.6435574270231549,-0.32454017254324574,1.6200554516551227,0.9605665616385369,Type1,High,2
2.2241974410071976,-3.405292765673326,3.121169226055241,2.506777101510865,-0.7546549668889936,2.502074726085989,-2.978199280453923,-0.9137937799763687,0.21063037425250442,0.38099325169798093,1.6767859331735504,-0.9100717563689603,-3.134533254357706,2.286551542902513,1.8200676618101923,Type3,Medium,1
6.4571200078152415,-3.5229902906812804,-0.2747373071316299,2.962286923881358,0.06409320282321493,-3.0074692155196625,-0.2735865717029584,5.001111617131255,-0.20156230819671717,0.5611615130168807,0.36608288495580243,-0.789141819804924,1.3326917511160925,-6.4266575458215724,-2.637914528975716,Type1,Low,1
4.373342389052135,0.12176397060713307,-1.7361524558453887,0.8745370308569578,1.3161911703164269,2.2663275045696136,-0.687976955847154,1.1131700363187003,-0.3154313894110997,0.3285709920412758,2.867052361483695,0.9475611856380832,-3.830376803096849,3.0203705044285307,-3.464623303490409,Type1,Low,0
-8.244779971108994,-0.47276814957287816,-2.007904625626816,-2.197209167387418,-0.8873425077133807,2.5497814543987656,2.796785962737542,-1.881239474648781,0.9088578022095313,-2.7836467456480465,0.18419026913172765,-1.8226127032356025,0.4948472173533436,4.040875302996666,4.4060926379154175,Type1,High,0
5.4052030810512015,-1.0796077468883034,2.1067523905091816,2.0631721000040666,0.19271734348973327,-3.647546555504088,1.1376990298609506,-2.6001592301548033,-2.1656726104966952,0.5041653751076588,3.345536617320028,-0.8464889300248778,2.8329812898179774,-0.5606782541457576,-0.9954775616492331,Type1,Medium,2
-0.5465276754843327,2.452748868906954,3.7104683024171985,-0.7966271212611924,0.6756578710866232,-4.0511530161347435,4.507579286367353,0.9445387976705297,-2.3859385083652622,-0.9286554035888099,-2.3709338603564443,0.0788911377631423,-2.8202345928366777,-2.640152921640254,-0.6773867151109636,Type1,Low,0
5.151529960863248,1.1201873067093628,-1.8802493243094642,-2.1302589854592027,-0.35502251006283186,1.4175452872846586,-0.4682081730556541,2.6000872047578607,-0.6421235740141138,1.4180616187571702,2.0793282485094555,1.0852247735677778,5.035604293969046,-2.958932220969975,-0.588252915437488,Type4,Medium,1
-2.150644864488274,0.33978217705042335,-0.3601383862109886,-0.6835858247546309,0.9602467824654133,-2.259869693713375,3.213931393619943,4.169205102992375,-2.611993586371706,-0.22813607498232935,-3.77322571725548,-0.8577974726390025,-2.65390900188717,-4.386820088370055,0.6670272899382099,Type2,Low,0
1.1201800920941398,-0.30433636534825603,-3.1345937157942636,-0.578747475303133,-0.12891970800619026,-0.7342515526208719,0.5121835226571877,2.1724809967883747,-1.2236649521346563,1.9011313180998957,-0.4707923576185994,0.18392932627159647,0.23030264915767829,-2.3052219534558676,-1.189278834261436,Type2,High,0
-4.787119646368539,0.4724640334424375,0.31821658648948015,1.3914910495042143,0.43537346726797804,-4.3745171586152525,0.38702002382517664,2.3268409165102395,0.49753052180362534,4.347988318188229,-4.546198311753911,1.4010020564491563,0.6697036934707745,-11.118277079131163,3.2931185046479636,Type2,Low,2
5.4725386560781395,-1.1206797341865737,3.398806851248915,-2.7566570402245434,-1.3653592473563636,-2.9113490920743663,1.2098528796029715,3.41285483451,-2.471957167025324,-2.591501232670393,-3.3005792963898353,0.6669757469053575,3.564509484418841,-1.9199041644405714,-2.299714316748858,Type4,Medium,2
4.713749306385959,-3.060621150709822,4.736433649278657,3.0672225339995176,0.7421389233806317,-1.2222649072778082,-0.1060910288772785,5.72858908741848,0.907709823514502,-3.932346256359603,-1.6519756105608592,1.5509412993469585,-3.3365634650988416,-3.109518457049558,-2.2828758578729587,Type3,Low,2
0.7302977589363551,1.3060612193351062,1.4173914124313565,-0.8404424270991312,-0.16340045074789664,-1.119659066431187,0.49509202265227525,1.3481729194549867,1.3081190024780858,0.017308141690178025,-0.2784229928042429,-1.6365086746051831,4.0409105733490565,-4.566190953529992,0.6600589266473795,Type3,Low,2
-2.283881027537191,-0.5747152166272131,-5.822206513319909,0.44056506979345444,0.09372354632673792,0.1683551198867152,2.7873879246878728,1.228331076515065,0.4014933956907192,0.5745137608265337,1.5040489778492874,-0.71405532330728,-4.327136962016736,1.6232165872984132,-2.653004041491891,Type1,Medium,0
-5.624347015237204,1.0225838217287113,-1.3039761492404738,-0.3679820174385948,-0.5824671648393631,-1.4801958225253218,1.8058245658578982,0.257387365835705,-1.0491409913386773,-2.0214170751563882,-3.982006132300297,1.0582891780988617,-2.5531156506261503,1.114660787161537,0.05881280097798702,Type3,Low,1
4.2288840664940945,-2.353374643307948,3.4538551338778705,1.2445474133438856,0.5554115258492787,0.8344978651747821,-0.15235027639006327,4.629146231558332,-0.27156372779771665,-3.811097125340092,-0.9020084641385548,-0.29745492986462474,-2.7353932448710543,-0.2576237262830162,-1.3191498957841805,Type1,High,2
-0.13235637361512564,-0.8283692288392762,1.2670308846452518,-2.21620894056729,0.3511853575607781,1.2370061316889052,-1.3126870885937225,-0.12513128336191714,-0.2300826833637396,-0.5241574075489517,-1.8544350080487033,0.27133380214529434,1.3862315217975825,1.6016477434374663,0.9538822868527173,Type3,High,2
3.0583181579729173,2.4215806033547898,-1.6614031113240975,1.5776412182401796,1.4343041525806546,0.8340711902234283,-1.1275149044511654,3.6341702684764474,-3.5202398976326528,-1.0369474719710163,-0.6113304868674841,-0.8235983451692709,0.5426109665559264,-2.5480199847984553,0.06111351135704601,Type2,Low,1
2.8707475623628858,-2.7033136653789698,2.8972980788524136,2.7878193745893762,1.7849827566808207,3.019273498840374,-3.563446112972398,-3.194495233727121,0.7774691978499608,2.950477649279371,4.299090991055319,-2.1303627708517454,-2.316578794070758,2.1178509492785893,2.552756006473073,Type4,Medium,1
-0.7532098801211736,0.17756888817288052,-1.5472170479469782,-1.7099071584250765,-0.7207662465484796,1.6709460933121083,0.8923368313347853,1.5943619253262669,0.14684012128605461,-4.282512948665133,-0.8963868788360604,-0.4826373711344015,0.48713211143922,3.7461361001536093,-1.453179112283547,Type2,Low,0
-4.783023095458083,1.008593310655674,-3.9283280603119373,-1.7538175184303664,-0.3256078861739348,6.25422072267687,-0.8405638437046858,2.5927452735574157,1.7730143393344804,1.5566117978530927,0.5800565952972356,-1.1233253874166167,-2.326345480048583,-0.3223431881465767,3.6591327950341346,Type3,Low,1
2.4497345355136146,-0.04048625363454139,0.5428301850337474,-2.2594248824650123,-1.3656729349985453,-2.6729289489376513,0.3645029487009611,1.240233782193165,-2.8891626019012446,3.616748330401828,-2.4837764502231066,2.0985091195798558,1.6967131775115911,-4.255264700934762,-0.07582949336193234,Type2,Low,0
5.449922255395671,-0.6638829355401661,1.1095763299883785,2.156571291762259,0.37358604994647143,-2.9936342437163446,-1.1702228079522259,-0.5198823881760677,-3.0617305004784985,-0.4889107837076232,-0.9075230368981311,0.6472651543716933,-2.0180203199408733,2.0950584242965284,-4.43417123516978,Type3,Medium,0
-1.8757994209821593,0.676865817495077,1.1131718848627945,0.7656873151533927,0.9597984620734153,-4.2654328705011215,3.146329173299781,-0.1862065650932504,-0.30092148954672626,0.8899936549072437,-0.5209562451003846,0.7274071349941924,1.392267807188405,-5.165506507856365,1.160697262787071,Type1,Medium,2
-8.241107598765572,-2.5409886874799334,-0.8521490054526193,0.4662288884759507,-0.08814491896441783,-8.206887538668086,5.887265044310909,-1.8019509003769723,2.4059369926639973,1.8639852009247972,-2.0595126425527304,1.3915440833480848,3.148371389071983,-7.31654818174867,2.031698336342931,Type1,Low,2
6.029714908775357,-3.1525502587505247,0.7215003754317764,-0.4250935909923359,0.15377618022069323,3.4758724393097986,-0.8686039047789433,2.5305085530224334,0.8050602422965933,1.8701019803753405,3.9562321061829433,0.6451486413971713,-1.615720902862006,-0.03669712234969238,-0.3788578428670144,Type4,High,1
3.1177171981259857,-2.7624043781404497,-0.7112828223002392,1.5359825733886578,-2.3803802241468044,1.4767854512407614,-1.3629691405053528,5.173230526441092,0.47482561036284787,-1.1894367118793934,0.2444188579395593,-1.070681609193382,1.5825898936684082,-3.9228008596389103,0.723706024782159,Type2,Medium,1
0.31936604059797846,1.6070645255509302,-0.27514640763199294,-0.15447423613907774,-1.2599882842029764,0.5491626831310957,-0.9170756309808394,-0.6760742798520157,-0.3152212779165606,1.0622389723188843,0.15756419392666454,0.9441521914230817,-0.022118259129942697,0.11507620956008015,-0.10916375879049678,Type1,Medium,2
-4.745914741263333,-0.2445849202722571,-2.0256217418069276,0.18169607066599114,0.24413004083393114,0.8073998206899745,1.278095131764051,0.08390100146282908,-0.9364038197959637,-0.4820534964503994,-0.9493930518235706,-1.1145006033325158,-2.248279746115496,0.8753025737538682,2.3217964455133515,Type3,Medium,0
-1.529196169090321,-0.010607871994371298,-0.9434783170539149,-0.24256630506035903,-0.7812846539208296,-3.0499492564888033,2.2084265291342184,3.3695780793099055,-2.64599496005419,-1.150091270232291,-4.292135285909227,1.2228454900629753,-1.0471983644736536,-3.125796058879863,-0.5709440016629654,Type4,Low,2
-1.4961380053468698,1.4997276496920402,0.8038012540123775,-1.456697565396924,2.790748342898729,-1.2446902670023106,0.11673838827387417,1.7808341121386844,-0.987053289012196,-0.30863100029265456,-4.329465486068995,0.2933728445692313,-0.8288702587622085,-1.7247086701855785,-0.4668882453698304,Type1,Medium,2
6.88527571542906,-2.946598844359948,0.5654403635504704,2.3641921609305987,-0.8876909928490474,1.8667626431766149,-2.071802875932711,0.06133783259280545,-0.9185697158399855,3.42016698933075,5.255344281251851,2.6718858734933053,-0.19885394823540192,-1.0413231093604287,0.8139179320545731,Type1,Low,1
-4.2182426314704715,1.658948387684973,0.23361199771465657,-5.480376633494847,1.59374759404403,1.2538285796543074,3.6678246813299187,-3.5320032730607007,-3.1679902113136444,0.9860721439261362,0.1672976039090961,0.5225971530633636,1.1182576612329913,3.626712153053117,4.255111443866889,Type2,Medium,2
0.7722082206659987,-0.7485284199200117,1.3005415956351338,-0.5851427286063158,0.12367927119511847,-1.1000578267202443,0.6606628441828515,2.146835697997717,2.523691973875296,0.22070434123400506,-0.3005727848484845,1.4971961687651463,2.039765802737383,-4.221762627532698,-0.34718996720115214,Type3,Medium,1
-0.2829085692944804,1.527988346458692,-0.6457477578009876,1.0405753208728326,2.682968275463645,2.229153624323529,-0.990840494975215,2.3744778743707045,-0.5556000654422113,-2.134866563324723,-0.41106810106849245,0.7397581839774379,-0.2968157848228322,-0.5151804218512345,1.1138762357996885,Type1,Low,1
3.918787873608316,-1.3331562251295084,0.9441312664953921,-2.772612651608554,0.7952768100390041,1.4099785588022509,0.4485251026968685,1.6457115827747397,-2.3164181162503747,-1.5175452417733206,-0.49857464583825517,-0.18803751483960232,-0.6968821209695593,3.4155032967986387,-1.5486148037929652,Type3,Medium,2
-1.9480716222756713,0.20629638054916866,3.77281907471622,-0.770966393492573,-1.1768813204315556,-5.742191122627013,4.388984228388662,-3.452281915753593,1.5796566797260232,0.9484852849827419,0.46750333167592295,2.4764062313852637,2.5400525661820517,-3.1483553050040007,0.24754395592549983,Type4,High,2
1.9749387007954684,-1.813427833793201,2.8076088588365646,-0.19009159925556862,-0.571229539935257,-0.4519144629918128,0.07624618110321835,2.0368550958399947,-0.9209732268222941,-2.5218041391798245,-1.8909814141301617,-0.8223396341474432,-0.5130772889712998,0.25364203985659395,-0.37285416464883037,Type4,High,2
-2.856274144018484,4.200157969577608,-1.6711165463337931,-0.252580741858735,-0.12964070924560472,2.4353074601363733,-0.6082108383116007,2.306294218433078,2.4173730645536886,-0.7995799304759157,-0.924086486599375,1.8196725713055433,-1.2927021612872713,-1.5554553324280491,-0.3967867196134198,Type1,High,0
5.3981253888181415,0.07801849563622731,1.4705739877771438,-0.47141516018812935,0.9852976686977338,-3.064727571473717,1.8253925094121737,2.4622138518075687,-2.5781821450727875,-0.5513188562964939,-0.6501232226336868,0.417800337439622,0.6782218291612576,-2.3122944812746353,-2.9610379159045284,Type3,Medium,1
3.2907342239392854,-2.8318971755914184,2.701307444364856,-0.2732164619499091,-0.2707534915556983,-1.9602167726020432,-0.01945011004096453,0.22958043582060628,-2.8726790720235487,-2.882154487841615,-2.456598418781394,-1.4359266570767037,-0.5589387189900379,3.3038748173173667,-1.9653758644810608,Type3,Medium,2
-2.247040736651512,-1.613916941774044,-1.4155459204514287,0.5030882468257226,0.5521532131732327,-0.5436279316551743,2.8156125097606814,0.6843571839157981,0.06622141685433958,-0.9585199808365945,1.0284895413295105,0.6786840648175321,-0.7669838722020983,-0.3837010554478411,1.0617756192363146,Type2,Low,0
-5.3928570675035905,-1.8934622371445444,-0.3076926275984523,-1.300980686783833,-0.3974410946176139,-1.0775976477822617,-0.134159390716467,-2.233534457860909,-0.04725581330887485,-0.5277395751683693,-3.355067185550509,2.0376524975723016,1.3909151918003166,1.7728844001572,2.216932631817635,Type3,High,1
7.702124704038755,-0.5785703450256843,-0.3562002338183594,0.5210939031475178,0.6842044071306663,-1.3276645939238794,-1.3938262653948552,3.551618464526446,-2.098812599806065,1.5219568325016284,0.4171008350881309,-0.17267733702932922,3.0896138904014308,-4.507860560904865,-2.2510563716103564,Type3,Medium,1
3.6772323803395093,-2.857024738706448,2.3874744728566255,3.1129450261144593,0.8810793262529909,-0.28199590733971697,-2.9821909518094074,-0.04077520354300579,-0.17815249971300062,1.3012076144633176,0.7980479623560569,0.392117915554187,-0.34546763017606175,-1.5116726147460557,0.6404025122128216,Type4,High,1
-5.419982491358173,-0.8845475198550393,-3.189610749911462,1.0577707393212932,1.815210056037539,0.24518712211680646,1.689635638809046,4.934142777326187,2.639992244089707,1.773484667075015,-1.1895990470975404,-0.3567479912378774,-1.4401498261016572,-7.8534433141992475,2.9046190434919317,Type1,Low,2
-0.004911000086893402,-2.20592857225627,2.660815967469218,5.07935929638777,1.0709996607916195,-5.793801124883003,-0.8417521614273562,0.20284394603888056,-2.568270868918555,1.42175785160839,-3.624480895801747,0.20469585913677396,-2.486217503654399,-5.199542195945861,0.552400666131619,Type3,Medium,0
-2.459461992555109,-0.9958155060899823,-4.230659699608446,-0.8916630901748095,-1.5408557889491703,2.2055777534699406,1.7474787571929051,2.780845677500658,1.0898249489285723,0.8203376373545945,0.9834784841211686,0.04398769163394749,-2.273601905015414,-0.6546396062847966,0.3676150079538649,Type4,High,0
-3.8692462810728103,2.281185363783113,-1.914389103958178,1.880074251221855,-0.2693538166732936,3.0698694509013897,-2.398621882631632,1.346944547945407,-2.0926578145088395,-1.8039633269406514,-2.4421587249651866,-0.055488604367231804,-2.3293675243327963,0.8878369157821493,2.951705366193608,Type1,High,1
-2.3667978399177967,-0.4440627496028633,-2.00534637550438,0.37105565076700175,-2.633143044022036,-1.4968916628498357,2.626025157270165,1.4623810016798542,-0.5864551025892779,0.3510442155824801,-0.8947997551234943,0.6707034588386055,-3.3139854539310627,-1.1051975708922084,-0.7311204976682945,Type1,High,0
-5.964839786692367,1.845860488377837,-4.498480678419673,2.6636217109901192,-1.1628867101227327,0.003954452751294022,-0.5650205237394369,-0.04047361871868982,-6.170208948888352,-0.33487022059268756,-3.5847392553443473,0.49729318213321827,-2.5991387562432378,0.37763779065634145,4.026244570327982,Type1,Low,1
-1.6301285320418617,4.244178994215331,-1.2760187889163548,3.67224263323699,-1.1543274993622716,4.794411503166941,-3.455404728531614,0.30076210425468464,-1.724171893631123,-4.843335372458153,0.24214338192530915,0.24519709018183813,-1.5802888567636657,3.939929080739368,1.9861014458871298,Type2,Low,1
3.9350563425170493,-1.1178498946154627,1.1063838377511925,-1.1674070474399307,1.0429093955848912,-3.5726477730508264,1.6496845316324484,-0.9627572134933766,-4.499587186236192,1.2411951639089651,-1.2219422124627184,-1.868083748368918,-1.3334880497522863,1.5524562776424247,-2.6273556356270165,Type3,Low,0
-4.570383978312669,-2.56696798144541,-1.2357198214666225,1.409097165858509,0.16987942513442464,-0.8237587288353128,1.3452348548134232,-0.3951880617663661,-0.2901544316238165,0.11607169665760675,-1.1978963241933567,-0.5767636673049116,-3.90324743185234,0.8006679385947637,1.4235068276869114,Type2,High,1
-0.5727564547529376,1.435859792640683,-0.663080368342122,-3.667359313018477,-1.9038885318519851,-1.6460044036864208,2.2514373706838375,2.509835741099744,-2.632092810549798,3.367228739332109,-3.1666292293425813,-0.06407631734001577,-0.3868357088853326,-4.422360431203225,0.4668483721359986,Type1,Medium,0
8.834611802343183,1.628366918561451,0.7635892515096799,-0.42463979067719415,0.08836801975427087,-6.10763505937664,0.7744072482485254,0.7480895509569854,-3.563957196171843,2.1201722894170976,-0.8518533521505731,0.41781564850595193,2.452497722595861,-3.202774136172943,-6.467260995267473,Type4,Low,1
-1.7279406880598762,-0.8632919418998226,-0.5969387442650438,-0.6883399166032895,0.6644994845485601,1.8598667136808409,-0.7717382396406562,-0.841475442996708,0.06569277445595723,0.7728016742813633,-0.38103401959689587,1.203788656664959,-2.7550265480505645,2.8516809944889516,0.5361407322695577,Type1,Medium,1
5.185806454078569,-0.2827243000054326,0.5763316480528545,-1.0754216396195493,0.02424177251554789,0.74944660658297,-0.9051339359904296,-0.6464962120234856,0.16838051477809457,2.6386630136590394,2.877776260265427,-0.49209296363219646,1.1575728203516726,0.18490311092008666,-1.5721765216952237,Type2,Low,1
-0.5828840467081304,0.3833437294533998,0.45823020137572357,-0.08594023472217716,1.0331771413689799,1.153676982994732,-0.5260523200218514,2.636499940161783,0.9361130796281263,-0.8400083808482985,-1.5919901973392663,0.30015797644704756,-1.6243580472254164,-1.3306435155817435,-0.05974791009569924,Type3,Medium,1
-5.143667267613534,1.4663695700739436,0.4465160742301131,1.8786410805225269,0.3960289442412771,6.457046623814712,-3.558538432520462,0.0937846478954395,1.5062479904040091,-3.847131603627445,-0.7139019089763012,-0.037599152861953644,-3.513165476274965,4.453994154210179,3.935259043235217,Type2,Medium,1
-1.7644943473722876,-0.807622239725726,2.5138981173628188,1.1831512970201017,0.45054594569390183,1.0165434410811636,-1.8980948952803116,-0.07609492816063224,-2.0699784763558733,-3.7670301664054953,-3.0156896282609,-0.5557051247840179,-0.23496041712844307,2.3897346288912424,2.838720115838815,Type3,Medium,1
-3.897956245718417,0.4794620188580312,1.1521324238958597,-0.41205247993536065,0.20470252423791846,0.6936945447776344,3.902936445331761,-0.10196774016382304,-2.6837575882968956,-2.3556004338284353,0.44194691864776314,-0.18954314762500785,-1.5953513359775888,0.7923914390323333,4.519939779505801,Type1,High,0
5.8279167524874875,-3.397082993758059,2.68412864573813,4.350718801225893,-1.0102971245851835,1.4573351633456553,-4.2124985076920805,-2.300924808029485,-1.0648534792974735,3.3648116783713933,4.1955423874187066,-1.7633515518113385,-1.5621243904187203,0.4282957546063047,1.7450307423206008,Type3,High,1
-3.657322983080849,-1.9230653098546189,0.30322276010012783,1.361198649278815,1.5061566141529685,0.18799081813717017,1.5294912183227027,-0.7846117018026904,-1.0851865371018452,-1.0147450477802904,-0.12770633519756303,0.41889320915075695,-3.4169980434706777,1.7005243624181376,2.6313739811290553,Type3,Low,2
-2.3382077601711053,-1.6670678250716446,1.9783621748585398,0.8028188332996251,-0.440420127574344,-2.4444360435953385,2.9150502545736683,0.8460160772932779,0.1558172488306644,-0.17341093162298304,-1.2915059615947193,-1.346608626889406,-3.783129116122955,-1.867805522156721,0.4580482045132894,Type3,High,0
-6.842274656449021,3.8738933983734705,-4.852980832292415,4.0207606935382625,-1.5989273659421095,3.7487807211751814,-1.931919618760294,0.567068262194071,-1.8795367247658818,-1.7913640331907779,-0.927411323189628,-0.7144720063859485,-3.978099644604007,1.2687229955574495,3.609198921184827,Type2,High,1
3.3094802213228065,-1.1621107549510068,0.520225529558483,0.04905393842033878,-1.3184346311646222,0.9429682222642721,-0.692139921320326,2.9183928061290265,-1.1553331205622859,-1.6350009811693482,-0.3164628651211472,-0.0054566218131444615,0.7788384707460736,-0.5873775472952976,-0.26610570314551074,Type2,Low,1
-10.133423450661748,-0.3644315914496561,-4.374276303598129,2.9381477125469484,0.2757755205987887,-4.177244928966655,5.489774995307657,1.3378607807237417,4.417139366006769,0.9000042552706529,-1.4553981139683145,-0.1794125499929276,-7.658293661291027,-3.967887765765575,-1.803388382106389,Type1,Medium,0
-7.097003982941788,1.2282952574673236,-4.324755556615806,-2.0272247026507975,0.6894329817648569,4.341736901997919,2.692465970840823,2.399615535717473,0.7710774491246699,2.1856094606170293,1.113594376075767,-0.4429908994405326,-2.5176590303876836,-2.4546089816050656,5.2351551207100755,Type3,High,2
2.618303831229123,1.89505834266945,2.474497059641739,-3.00301682795264,1.0645358472303923,-1.0820386728587206,2.820512661123991,2.5694561785994825,-5.1920837959614925,-1.4038777217842502,-2.43249070732248,-1.3990352965905581,-0.03586859471431558,-0.9980157703841577,0.4497910970558381,Type2,Medium,0
3.8026588579061973,-2.3951381396343416,1.7625322647771502,2.0712568686466066,-0.606222548585636,-4.063820704225601,-0.06903421820506017,2.370674280199859,-0.9361503064762784,-1.0712322203050553,-2.2249838199301397,0.8872964225375415,-0.04080633916781817,-2.842383374111944,-2.9294683135534907,Type4,High,1
-0.5498020140551616,2.1979688839874036,1.0243266371043407,-1.5924881450531059,-1.1197898753354474,-1.1016943908626267,2.0895295889174186,0.9238076776897824,-2.3613098275264823,-0.803895082513113,-2.0099931931090405,-0.6060691790963968,-1.0073670128222931,-0.5211697996356595,-0.03462847648288159,Type4,Medium,0
4.18956097186948,0.2522369908286334,-3.0036620440579855,-0.36948577733402144,0.8979242526661779,-2.6226061874853555,1.1329121319940318,-0.6437238324490762,-4.6756434498705035,1.4453158366049474,0.03711408544609629,0.8910932893313768,-1.5673695804881156,2.671048488638408,-4.4344337748828355,Type4,High,0
-9.365685498944586,1.8898743641698417,1.4596278380214844,-1.2426593411464835,-1.1537834750191152,-0.4122658170806833,1.69124954442728,-2.3749745468934784,1.8646773551601368,1.9455366163149939,-1.9487913321541535,1.2887121948033933,0.7247445171887101,-3.7453460714382407,6.3254624179423935,Type2,Low,2
-4.17713647691176,3.070553590670397,-1.4283517092544553,-1.754090942743027,-0.26203254698631534,1.348792102160001,0.22349148649546224,0.06967780003546697,3.0332574870080973,0.1097118696492847,-0.9539221083606264,2.0247244208160087,-0.13148585019050363,-0.34453195204892445,-0.25298099295938514,Type4,Low,2
-3.0206771189712556,0.04973494522384503,-0.1244199484491132,-1.0963439508204753,-0.45192028309850685,-2.6219787346291317,3.1422650361545545,-0.9903076050273635,2.069232842416295,-0.5472905017787275,-0.07614782382965035,1.3791869793847908,1.6759321108013472,-1.1875400055217111,-0.4695413118834766,Type4,Medium,2
-8.119883248795269,1.0770373237253914,-3.768791746454604,-2.7450134678785187,1.721104096603201,1.1117838713447563,-0.16542567413175058,-2.161658043707403,2.7170286407472615,1.7936062312374086,-2.3611090263335024,0.4016529237196372,0.12258368011398191,1.5015892839718183,1.2274159779016405,Type2,Low,2
-2.6928451609594464,-3.1228350984957296,-1.3770181571719504,4.729136976866458,-0.2870543011179178,-3.3568233089645845,-0.9715463605128407,0.4982180336421701,-2.041167291027059,0.8733067431319019,-2.1061953633960404,-0.3941123750491345,0.8573776720870763,-4.897369679856116,3.323173945580071,Type3,High,0
-2.2470873730325587,-0.9588400357717505,-1.6897148986919415,1.7079857121126283,0.44667962805067185,-0.4738668135193102,-1.9294380650025342,1.3546947866676464,-0.721284820423963,-1.926547472997345,-3.679089430574166,0.7679089673716136,-0.7996157826270401,0.45481441207427753,-0.30748762280126796,Type3,High,0
-3.8071855357314095,0.15390495781646507,0.3832569647857784,-1.222841412852567,-1.420153802093573,-1.0123042737952654,2.6909254110916168,0.004580263710304511,2.1800401004592134,-1.2907631842368708,0.05007862633810434,-0.3720009405150993,3.3716112400283285,-2.5469522639521323,2.2350055125214334,Type1,Medium,2
-0.1288825691506016,-0.07751366707333318,1.2950363525157762,-2.5812276256037987,-0.4245147445112534,3.8666918730367428,1.3614753816105587,1.2014535266534783,0.5282964321026828,0.13582073899396496,1.9372600264970088,0.08296606863183595,-1.6686125409494292,1.0048353336361942,2.374510680664933,Type2,Low,2
-2.071374031543776,-0.045668659559436,3.358742899463234,1.2155257780439417,0.9149506585392493,-1.5374848395456568,-0.6552384548013421,0.381124411067449,3.2337162081155686,-0.04091140174560848,-2.13045428487555,0.22077121842169808,-1.244139232211921,-3.145414804638697,0.09737230507741046,Type3,Low,0
-2.049588527606363,0.08927319079338525,-4.796777130440491,-1.9479156498476233,0.062343519956018,2.916228384891206,2.934989661700451,4.387505273054286,-1.4343113109938046,-0.746715481210572,0.49590238866918557,-0.20407453278885793,-1.586409274028159,-0.5321771730813695,1.2893662099540604,Type1,High,0
0.2631075649365578,-0.9384541173457958,1.4987298071294533,-2.2947003114768756,-0.7643876978554843,-1.6675738686145511,2.9631056194517598,0.6641205194231771,-3.187720755759976,-1.655968015565894,-1.7643897055402888,-1.734907476651366,0.36523143753756027,0.7712431861458764,0.5968531390933092,Type4,Low,2
5.3148016872457795,0.4233329917543591,0.11032281395796995,-0.5347369744366639,0.36485122092911765,-1.7192369819461815,1.4239856144108227,2.075015851645789,-0.6522097408424525,0.5019714933220631,1.1810618133126678,0.23001673775495812,0.4215708174191215,-1.8754033350397468,-3.6111102416359,Type4,Medium,1
-4.591989661084589,2.2128481761917236,-3.027114031066402,-0.05022301062911949,-1.7841826471992501,2.706164685136749,0.773341986043528,2.509455858284275,-0.25612105308960165,-2.546463188288109,-1.3120114413658053,-0.5849761029581865,-1.8528342429023756,0.484568924685523,1.5951506137661933,Type2,High,1
-8.808292640251437,2.0322501268748963,-0.5768681290422877,-3.990791105199873,-0.060988186421360266,0.26758848197687307,4.010079003097477,-3.477930240333604,3.8948217420667306,-1.3421257743503618,-0.33720325030685416,-0.2989933481727581,0.2736893466353414,3.2522740485965445,1.1518797723009562,Type3,High,2
2.490350997918243,0.20683461776145595,-0.5582296148397092,1.031928353599875,-1.1494154736946978,-2.64511153175457,1.0118165855856156,-0.45391447180719635,-1.6003218202273968,0.015845084816401234,1.5618328462267175,1.1990837397052172,4.633924338831982,-2.6440390938964398,0.10878104026598623,Type1,Low,2
-2.833229482121286,0.29857899652947717,2.093619183534158,-0.47489507358485616,1.3552361767718226,-2.7989859862590265,0.9491467526035462,-1.0230539208114826,-1.8727666440773958,-1.0463434589405733,-3.8605601258767543,-0.8211319604881048,-0.19144221553820273,-0.1773625365944978,1.0004313101004312,Type1,Low,2
-2.8087361603214034,-1.9931419058972115,1.60209384959336,2.5430763670402285,-0.8765839884347106,0.48362682643793925,-1.281177832966402,-2.083887226788737,1.2492522414811682,-1.2833317487615263,0.23032499560030928,0.27989566898186896,-0.867049970897845,1.5598312168654802,2.4769951647300483,Type3,High,1
2.657518407572214,-4.379459914073294,5.4206350726024874,3.219039991161016,-0.07849940549693891,1.5903357218229772,-2.0277151426110347,-2.131509534822695,-1.1708595834405024,0.7281034984471937,2.3554154660543727,-0.09768069646121723,-4.294739309782833,2.40748358147283,3.2528859890257653,Type2,Medium,1
2.390551720236081,-0.5945682938336392,1.6450778853176966,0.5310653873878199,-2.3596116016658097,-0.27708474544907913,-1.283862845367332,0.7790937813410151,-0.0427032946765562,0.16862611390823845,-0.26736513062845946,-0.923559320681498,1.0887480236230822,-1.5640186791613122,-0.002387659753758653,Type2,High,1
-1.348618416621504,-1.6930295447103179,-1.9431688144383852,3.0792177611071727,-1.8510105009183744,-2.730519444094695,0.5638390419862221,2.4500023758131726,0.04559092205550441,1.1945454458841516,-1.8714095235203265,2.3292477031701004,-4.0555553268443285,-3.53474386351951,-1.5608393894255808,Type3,High,0
8.681274962164656,0.5327719144769418,-0.43508812319394874,1.7513412831437887,-0.7024374010425293,-0.15834629034984163,-3.3778870648613624,-0.7520646402817275,-3.6769870609592035,2.4316159368202626,2.3461946979535,0.4427595803888087,1.2586632735987595,0.7507124558709272,-2.716165098651923,Type4,Low,1
6.148012059308551,0.0695725895897652,2.4770626250067,-0.44078893937245245,0.425536792696028,-3.971258855407235,0.6598807226562176,-1.2928063915763581,-1.376043438421984,3.4688416218296325,1.1577426780744102,-0.16390291002517046,1.2908628713912755,-2.4749727966655684,-3.0018468950008406,Type1,Low,1
-0.46969926980206694,-1.1808188578892098,-0.5454658324257533,-1.3281366187109633,0.8688833600885858,0.6215139719235565,1.7510014386992714,2.5492217107127217,-1.097369784886177,-0.6282647006087172,-0.7566509835556824,-0.5805898008472249,-0.8863284377192961,-0.766077281646204,0.9609473435897792,Type4,Medium,2
-0.8850450523451467,1.5162997030695626,2.1999564008514665,-0.332428144097365,-1.3206835510444115,6.8331952373328715,-1.0793056079638692,3.845429612348431,2.499178023466506,-2.157139499063521,1.5042358243420768,-0.9808593282705529,-2.807507703446844,-0.4949481659660084,3.5919267789373235,Type1,High,2
-2.414838378668781,2.34947002468048,-2.465337053419718,1.2257674753624959,-0.8608830970835802,1.2179511162730046,0.15437072789811257,0.49296626856151626,-1.7386831083378471,-1.402928854307742,-0.9911638124612505,0.8205262083872951,-4.390925319765886,2.6442587737003356,-0.747018716995373,Type4,Medium,1
-5.901229188021328,-0.066656893193202,-2.249608626282863,-1.8771350350210196,0.28716794414069463,4.284445406262992,0.14011807648735364,-0.2788585913445565,2.5872316964627,3.1149224178432853,1.160117457303297,2.484745045695931,-2.2067477724139284,-0.2464372002790491,4.1593367406529875,Type2,Medium,2
-2.0979766507757382,-0.06886085056166436,1.284575008909727,-1.6492600600011789,-0.10119697162161273,2.092257281545593,1.6074745872122258,0.27041031714470676,-0.4338577268504441,-0.6202631205587974,0.3307812494634388,0.19559742870109828,-1.4783421340838345,0.9940053461413784,2.864825965717167,Type4,Medium,2
3.22930516378601,1.57101451758804,0.5820793044819469,-5.5792205510901605,0.5666351370150909,8.228742746428415,1.368860252943546,0.14212659182817455,-4.2273431556717656,-2.8162808403324764,3.5155028337603564,-0.6883402892486052,-2.557346582458247,9.936791649680396,1.8249169217200953,Type1,Medium,2
-1.9518322904643146,-1.352098940152322,0.15782511163980417,3.924963002681924,0.3985507704669513,-3.3012395845720874,1.5553019924670042,0.894573598231675,0.6691796990296681,-1.8590137459438165,-1.5124824631883127,-0.827246058792064,-5.360340119698704,-0.41630456619865647,-2.5438225150900857,Type1,High,0
-6.882840570247695,1.6481975113960918,-3.665328714691383,-0.577845513371338,1.087209461771397,-0.7987654102341144,3.174647588900816,0.31230228428984375,1.9650138494749085,0.19264265683038395,-0.9288092197640114,-2.2053448366806605,-2.0475537143411877,-1.1421396289073271,0.05463742102317681,Type2,Low,0
-2.4497624456676026,2.04849082106588,-3.1674608019067536,-2.277195418296092,-0.8538150667118378,3.6087610127812413,-1.9327289542438604,1.2666292183614198,-3.2454426994807326,-1.9743644308600286,-3.8549186003981744,-2.1596417656784386,-1.9612084505008265,4.970894916921317,0.2201350465472578,Type4,Medium,0
-1.4274507935553604,3.267803648887626,1.769845839285051,1.5138694635068783,-0.3171112807510508,-3.4330506307550874,0.9953361255401949,2.016077250006199,-0.6536466173396425,-0.6919798646119331,-3.559054365314078,-0.8415008715393107,-1.1554801016329108,-5.122958218090492,-0.6569909575398761,Type4,High,0
0.39942181621897643,-5.957879282969955,-0.8612046652903242,1.4114820290637695,1.1114422463806588,-1.469763128642283,-0.9546361972850899,-1.0286502261375121,-0.8560864147760806,-0.30224104650115624,-1.070755178274982,-0.4257781623144803,-1.6775395810731484,3.524365816199371,-1.1703607927330824,Type4,Low,2
6.386007579324095,-0.016971285450068208,-1.435726619282427,2.768727234527873,1.0464119671796868,-1.2135475633184194,-3.6439886771484167,2.4621146404596033,-2.0265934482206647,1.0955656578685304,-0.1558576852635798,-0.7046361959596328,3.5024440333995184,-4.006118591136666,-1.8546691243357336,Type3,Low,1
2.1431281187919935,2.0743794883136775,1.711904825238173,-3.4896442432097325,0.9589306885694545,4.722483959122149,0.18757521002257949,3.197177768597068,-1.6675965311422227,-2.602952256416919,-0.3502679091617118,0.6514498360132249,-1.0165292922965148,2.3337675035300496,0.9451711323826578,Type3,Medium,2
0.20267775937541496,-0.6302915742742039,-2.280958866535034,0.45210132773190415,1.3127606590060419,-0.4051702480300851,1.4553277430848475,1.6783163163379315,-0.8709741763973862,0.7592720238050064,0.4366330765937245,-1.0755616972612017,-2.1748262915718355,-0.824152164732172,-0.9740817763953257,Type3,High,0
-0.24679349769651387,-0.25130028433283647,0.08621810313162137,2.0663612093665735,-0.5134109244564404,-1.8136383822371644,-0.8979143325737309,1.6644155587368183,-2.64954715017569,-0.848062034355459,-3.288507813167113,-0.48832767680027656,-1.2547268905876745,-1.7563955810542875,0.2104801851877568,Type1,Low,0
3.68760059751079,0.4218185924291056,2.626942283016108,-0.7812580354082217,0.9179304668533151,-1.6048199212790146,0.13837898094637913,-1.367432275181351,-0.9463863496210769,1.3871514787027284,0.696141482965493,2.0693246878060867,0.8447475312914682,-0.21988015693623233,-1.2604946640984185,Type3,High,1
3.9447990152311374,0.6268545079898453,-2.313549659866965,0.8917170065193716,0.5908688904778764,-0.44898642096670727,-1.3565805638011725,5.128630328076778,-2.872108678978408,0.2811682826343762,-3.327538072260982,-0.14944257774083314,-4.780783067345576,-1.1368795270637058,-4.641227060240427,Type2,Medium,0
-6.458184707740056,-0.09674741486621063,-1.216974789924066,0.5301804114883829,-0.41361550552956816,-0.06039208422109622,2.365411430322589,-1.0672467494836542,-0.9504671859043929,-1.7386137469350418,-0.6759320522601311,-0.09298728302425228,-0.4260623577474667,0.5803787623622623,3.9983703839322478,Type1,Low,0
-3.6271516888236057,0.6273850706595274,0.12616563663968616,0.512616413296799,0.5151195291091405,-0.2815144251401163,-1.4418460010274758,-1.5866133596160128,-0.6139264363838619,-4.086815745399065,-3.58026046177488,-1.4509317840801823,0.533581574043323,4.071961775520401,0.07204307780985442,Type3,Medium,0
1.1255670456354385,-0.7443795313881783,-0.3436351932521843,0.5721705068953837,-0.8661583665260716,1.3031970899985192,-0.7107503067920147,0.9581768187643205,-1.295267926105927,1.1155197010543096,0.2955186260716993,-0.7491898614388942,-2.675738599625947,0.3163742111546244,0.37092181256864865,Type4,Medium,1
-8.571033080836546,2.8093959186496904,-1.6792406455358313,-5.78656432504045,-0.4702004474082574,-0.6252150336469758,3.860225459550267,3.128880752609506,0.7258528410651348,3.8920521780820057,-4.629876475789346,-0.11654340595968071,2.243614194430957,-8.691179896146688,5.2006648148395485,Type2,Medium,0
1.8980195814596477,-1.0701756590480387,0.3224018153599789,-2.9223694329538104,1.8890496927796812,-0.5056703509386397,2.9715050518207295,1.5905704793907702,-3.2592908559376745,-1.1410324994893313,-0.6747958914669605,-1.0680834396073868,-0.09833940607619296,1.3204615428251025,-0.3369469392429145,Type4,Low,2
-3.267813299499014,-2.519739844120784,0.5667606404356977,0.23805014033785865,1.0096967202535028,-0.6840026195676477,0.17099514873875887,0.4126194952769717,1.918624163207296,-0.13166813566419144,-1.1691626650461118,1.9814787708644557,1.9391998847357517,-2.6843905723413486,2.7482696577167234,Type4,Low,1
1.8321170995417444,3.53466237635725,-3.177771860632504,0.18820770510096652,1.2464800012775776,2.2023445923708795,-0.1355988740225229,3.2586330584888366,-2.2946509250340927,0.5352157621300917,0.8770842006315283,-0.12148613053298399,-0.6243780635024614,-2.0444873518996767,-0.14352565504929204,Type4,Low,1
-6.7850376134915065,-1.7773727881332544,-2.0147905641922437,-0.7568584731121647,0.3012963493157382,-6.433415392058829,4.143369936766135,-1.5280952399438885,0.8096525268277941,1.7411965722399558,-2.545178242420917,0.5935551388401176,4.777779109858887,-5.74469968260894,2.143726895935983,Type4,Medium,2
-4.69962719206434,2.9480965964053905,-2.797221353408609,1.5161227471702041,-0.8205609429028039,1.0302885647452165,-2.426953586439154,-1.5593963313997738,-2.6132408431290264,-0.7954320980505065,-2.5392561601822177,-1.7078935349386917,0.7814468239901173,1.2271069813140871,2.857187156634489,Type2,Medium,1
-0.8356278940219393,1.5420271321862504,-2.121370062641158,-3.151771355245027,-0.5996014488866775,0.540713772956242,-0.671783058099523,0.2350579432831641,-0.823957677476876,2.624272583900603,-1.778917364394537,-0.21068613770371605,2.0870439178582396,-1.1058950811562192,0.3484009825509373,Type4,Low,0
5.011728472596654,-4.607783822651625,3.2513980613678086,4.5966019058553815,0.3227610568764579,-2.598143615724233,-2.245615751082581,0.06983784707806984,-0.5254827454895272,1.6527463859093519,0.6986096505809444,0.813907117439669,-2.075255687571263,-2.228282540326533,-0.7997320171391818,Type2,Medium,1
-3.551623480505403,2.525193081393418,-4.196504353423128,-1.0412831075865974,-0.18113676299268214,3.0112772640826257,-2.787163571027203,-2.0696407345130776,0.24510190241821983,2.859099620415428,-1.17334832283672,-0.43354717207539323,-3.7831021253588295,4.199986249874668,-1.0470460040599283,Type2,Low,2
4.3589931288784864,0.9652331599107276,0.9444598780541767,-1.7612956541572928,-1.7215056469395473,-1.628940979790067,-0.30248249362789614,-0.8374940112090163,-0.5998722665942879,1.8811137102752824,0.6181187508650033,-1.0553130297365483,3.4476340228105937,-1.1393388508888749,-2.0022248803241935,Type4,Low,1
-6.958000400179035,1.0474130862617992,-0.8697209018402656,-1.893056779793799,-0.40770543623022304,2.6549698006413167,0.016352576049319723,-2.5367080026895623,0.5131630271245451,0.9118758441052228,-0.9434279828285224,-1.7582160032045422,-1.1111258905543768,2.3391095968370683,4.22228306681126,Type4,High,2
-2.7466294631152395,2.1547534251618954,-1.3873251687077215,-0.0800684698356886,-0.6314322303874383,4.4214144880783435,-0.17174995054646158,3.285981268525637,1.5237478006688252,-3.224746307731187,-0.048883621349080975,-1.6551349653786696,-1.5337347698290777,0.46669485810643285,1.4621718523782503,Type3,High,1
-1.0433325528025486,-0.25340574354110745,-1.892191028797666,2.1898632215301905,0.8791921864265351,-0.37473850337732967,-0.10132444911660987,0.41343936505283696,-0.37646798343843435,1.0477204376189042,1.1394327791008694,-0.6424852093089086,1.449129236983885,-3.2240373870633827,2.1876728179025395,Type1,High,1
3.8969209007859957,0.9108125934180462,1.1111041070110332,0.47961848458682255,-0.7074400802225478,-4.220501007353744,-0.7212311024826823,0.5215048506116782,-2.9164495594495525,-1.8625349227482606,-3.5398377829928993,0.2584695632726361,1.718204655198182,-0.10139763112687303,-4.089265161986793,Type1,Low,1
-8.797079139248753,3.8120440036827734,-6.35016620519524,-2.5949202055979983,1.8723208407197205,4.048654512665268,0.7531982257306442,1.4806895988762339,5.021395259747836,1.2695371290523922,-0.10193091755614037,-0.8930573046829074,0.2562445502927111,-1.761849985830602,1.6820501463620987,Type2,Medium,0
-0.13640582210995816,-0.1460982412330385,2.1414101567089867,-0.41633076080082854,-0.037225900514114105,2.7899060226801295,0.06544816427089317,1.2356509567633531,-1.6406695314244488,-2.855120101526122,-0.7971454978992552,0.3137168540253303,-3.5582159044194226,3.374157595800802,1.3243703091419141,Type4,High,2
2.516399140418139,0.5145481662822748,0.6486269160145712,-3.928176340821214,-0.8800028940083993,3.4421174532805843,0.6801116389233373,0.2236055055059878,-3.4060463131231495,-1.75097228312961,0.22914891698630968,-0.7742561050627675,-1.2273655257783989,6.016902985086822,-0.06531291744043766,Type2,Medium,2
-3.0165848144349354,0.24228952633291556,-1.603352842113614,-2.685259266595561,0.15880393130355044,1.7257146500548783,2.9606328515692084,0.9701868586301515,-0.4143611366135479,-0.15163278042282102,0.30147028302829204,0.32806287073597984,-1.471593360880394,0.9740611833819519,1.578192053347121,Type1,Low,0
0.3428538232444014,1.0315106093312278,0.4761767634882619,-3.2585868999333347,2.2115354099435893,-2.1375395286999885,1.0718775246016965,0.7864771121000247,-2.537123195155604,2.8762061993235974,-2.9182271733812004,0.9785886133918077,1.803252459811358,-3.456346726172273,0.612100098453918,Type4,High,0
-0.6934460955750298,-1.3248902508616882,-3.1086284056207294,-0.9278615069351303,-0.059131050359578614,-0.25376132703276294,0.4050933987732963,-0.6174572259044682,-0.3010892283136438,1.291621058972661,-0.026978456176683485,-2.10685572769888,-0.7693644772092705,1.978136943780712,-1.5072904993959346,Type2,Medium,0
1.0662916755612308,2.3875074000476015,-2.406283641872966,-0.9741319458684796,-0.12561757942609217,-0.5684286059412929,-0.6775723549557844,3.3806377902841542,-0.568931380125677,3.3684481338050682,-2.1646702157467326,-1.4606613655599547,-0.6401562681916073,-4.995574802218996,-1.7174311011977133,Type1,High,0
-1.9458432277730835,1.941166794249019,-2.4249900686873946,-0.7772529614997605,0.6565393821360263,0.8192967153314795,0.3607400455185955,1.3162577045564114,1.34569226291921,1.5762913649230446,-0.5507122273876905,-0.22387475118136693,-2.3611518534107376,-1.0847836579955288,-1.2742915302454432,Type3,High,0
4.451397722577423,-0.26696140403093727,-0.8123006021845771,0.10626550545423874,0.6363793285423056,2.208792412194173,-1.7137119146533926,3.1689255363364572,-1.1101712164394926,-0.533455563586279,1.003450066074755,1.1281889946098111,2.056011417544461,-1.3410806032975113,0.018455350062067,Type2,Low,1
9.089308298275864,-1.1963652026268488,0.42650658212129033,-2.06414715469925,1.096313912250664,-1.1422205425573344,1.6589985317460285,2.209450476189361,-3.506703068139689,0.8696101562738223,1.9771602058718551,-1.2577629585617285,0.6761102462053855,0.27103127116227355,-3.90763427478645,Type1,Medium,1
0.6646858182027404,-0.09172957156526951,3.5942508134055546,-2.7334400877762928,-0.2941077709239494,0.9785039939240613,0.45265481432038546,0.21408054704256185,0.9049825414871717,-0.11928649677550196,-0.3407678947112932,-1.3878774628873716,1.1037085470048331,-0.35915763807579154,1.3402244209605703,Type3,Low,2
6.800224601427081,-1.305638030119519,0.9124522367152189,1.4132214269426926,0.08497206159438697,-0.26440608307904995,-1.2348721363674728,3.3340984315907796,-3.44690480345494,0.7098512225371488,0.9821972933637297,-0.1063579974297973,2.763910866053747,-4.351804253512623,0.959992453750939,Type4,Low,1
2.7769187983778947,0.8758655144937821,-0.9755358967394154,0.5666653653951014,-1.2281537044314965,-1.665948895633859,-1.9746188734949586,2.89970890406127,-0.6415468994485192,-0.1531573371642927,-1.975167490509818,-1.3434584479408478,5.664839703760938,-5.376267821510153,-0.49430455282208463,Type3,Low,1
-0.8685913427198677,2.102859659006281,0.6308697663582978,1.4430590561206604,0.4787591059248104,-5.822879790715503,4.383429467811992,0.825393926175092,-2.393526149655032,0.598657849895613,-2.0479881701615943,-1.1884272089588124,-4.030884711042914,-3.6999631218100557,-2.506140919805803,Type3,Low,0
-1.4586345048856137,-0.9511543777182787,-2.647898382008587,-2.2044516442810056,0.5910505791592214,3.3206680921050635,1.3318955573180835,2.58832738242634,-1.6462815128417083,-2.105661692821242,0.27076319160648676,1.2587476574216843,1.5022461128656737,1.201833494595827,2.8760211195160537,Type2,Medium,0
-4.361132642697757,2.962925079039879,0.6361492396633035,-1.197762510771883,0.8491543040802064,-0.2978282112687866,0.08462659754892587,-1.0150756049567593,0.2177825176357182,2.2597712309435645,-2.1395509690463874,-0.6213834467477355,-0.15158922285768384,-2.705460031038053,2.5472200643325644,Type1,Low,2
0.03529209542262641,-4.843995482337594,0.5200316016951091,2.797421524442573,0.9248808928622517,-1.639081064989379,-0.011481809264285436,3.279111286030994,2.338288069604674,-0.27344457165612834,-0.8451856001129241,0.5014692742032589,-1.5362679142765383,-4.0158436616157385,-0.17439908301289364,Type1,High,2
-5.000100350186315,0.023167352320317858,0.8449459894242957,-2.9789329046134494,1.8804628501481804,-2.2338564625712354,3.6213309799160247,-0.5976909736233074,4.308288711453459,-0.8743780842726219,-1.3219834910370214,-1.3121641298553959,1.7273814854843075,-1.3777775684849618,-0.4563785217287313,Type4,High,2
7.470079209359141,1.8336787383253856,-0.0986313031372037,-1.4310650417050068,0.44889978614753057,-0.19525159447893084,-0.828937814956188,0.6228246263189512,-3.4960761395812634,1.8973391549063492,1.6215033429218968,-1.8485162198537257,3.2001620974113134,-0.9100846651611214,-1.8899695354441393,Type4,Medium,1
6.288200065375944,-2.945451602165217,-0.3885386717757595,1.7354327676855217,0.08675888582924589,1.516803164758925,-3.714096032962773,3.060947463212387,1.343166897041725,3.0302173528471386,2.0250044141814207,0.6991883786529121,1.3154643507584631,-3.9820125239691846,-0.7741716074752665,Type2,Medium,1
4.454338282403251,-1.0249562632906652,0.2449049280719261,1.4238057559112052,0.6569044226843329,1.119317936560023,-2.582393100824241,0.32540656273446034,-1.4783620193519766,0.2901050417768636,1.2675676595708918,0.5853592400667383,0.8205869030734878,0.6301097952288558,-0.2843455293253686,Type1,High,1
-3.94031195050558,-0.41323694081478934,0.7101338336527971,-0.08870276326551829,-1.2948998905100728,-2.0870996667305293,2.2896746368172476,0.32876567245328026,-1.685212364857439,-1.1186561815928908,-2.6888586940270436,-1.1080545572959022,-0.4544572678301909,-1.5363917250749184,2.3861849400796458,Type4,Low,2
-1.1656737134817687,0.226171811649573,1.4380878564451414,-0.17849541047922268,-1.4362158035718935,3.622387811230144,-1.2736690877115795,1.3689237169284234,1.6071368101564452,-1.5901126860810695,-0.35802781168755515,-1.499538348973508,-3.0907286811739247,1.837141239256396,0.9438583649550841,Type1,Medium,1
-4.130182091950073,1.5936127645500955,-0.02772975205129602,-0.014482102926693718,0.7274133525180659,0.8075807961992334,-2.270607006139312,0.2763845786653185,-2.6252746745551874,-2.449181399018397,-5.0220910978710345,-2.0825341324378632,1.0329100078236717,0.7521952750983784,3.088959833702179,Type3,Low,1
1.4157804080214889,1.0405294809685657,-1.7184294578817543,2.301847808737563,0.20276126907626296,0.6389302928997524,0.07303698842828443,1.9952359688780308,-0.26611884199617764,0.9869968400598106,2.0257185495727477,0.8458011890203355,-1.478136150720842,-2.763881071824689,-0.10122852114865899,Type1,Medium,1
0.6096314597170387,-2.347488851203967,0.2724552959854254,0.9325913096572214,0.5134324114993294,-0.43866732384900436,1.090329252253606,2.0024777387270065,-1.8276452006485964,-1.8674810113554916,-1.2440708030811263,0.05157459095266477,-3.821302444336586,1.474704916048218,-0.8889440754917304,Type4,Medium,2
-2.1432001949229855,1.53158272085573,-2.331892066994218,2.623029402272689,-1.3622442105250372,-2.156784972300395,3.4517004276766725,5.189672083053985,-3.3128954193625897,-1.6020164868898195,-1.971197610133435,-0.7640855342637003,-2.643024132468292,-5.849460215244328,1.185911346925784,Type2,High,1
-0.5438638337794518,-2.9196014947352285,-0.5231706056091923,-0.5107176164215698,-1.3670635950003,-0.633185707974566,3.0481255328759995,0.8557386480750938,-2.2343400173740786,-0.5803749255376693,0.22348315974789545,0.09689811852783257,-2.353797121956079,1.2080468542693292,0.8073771400799918,Type2,High,2
3.190594873898933,5.92136162048054,-1.8994299627131679,1.399505000411228,-0.8202117199610012,6.335297793645395,-5.532351899941219,0.05288869303954846,-3.3025976857453707,-4.232733460191195,0.4438845676485248,0.10805825079478931,-0.37941410986020274,7.037955565591824,-0.9675652819093012,Type4,High,1
-2.094402413855482,1.1943513572479194,-0.1275399583875675,0.7892660641711258,2.2497840227814425,-1.146668809923098,-0.4316577903176154,-0.25105324754591196,-2.6822765837253746,-1.8725971105337949,-3.353669670021001,-0.19215393550685142,-1.1072491224397292,1.3275288612119356,0.22052405325543933,Type2,Low,1
1.2822646244970115,-2.504762097820149,1.2395702353947988,-1.1086545538114634,0.10528354744163662,0.18064280438068422,0.8895980490082356,0.19728902268468707,-1.5365041940575062,0.6358154439381611,0.3432011366278318,-0.44185108950097624,-0.41729769704194686,0.5002842774073866,1.330644615512785,Type2,High,0
-1.1960508188034424,2.478337591641098,3.5528717560328613,-3.2105489585164535,1.6298691547510749,1.322952118541661,-0.6237870624197754,-0.2917080873858615,0.12798420947227895,-0.4312081809758782,-2.509033271473794,-0.6740265472699329,0.9807093654294297,0.1312154755755024,1.716341523275597,Type1,Medium,2
0.7301656073177268,-0.268719677494517,-1.2902951953687203,-5.23479237067129,0.3412659454726392,2.5695875132788153,1.933040268425699,-1.3742147727790708,-3.5695072675580954,0.5404131204007623,0.7562801812078652,-1.515388026479296,-0.31884030783475226,5.9668623872607505,0.5758260491915831,Type2,High,2
-4.641254272482121,2.6646667792296697,-1.2020979353032537,-4.2350404423820915,0.7524865538119101,4.239594802032582,1.5055384662546691,-0.40796733209303615,-0.46459193631940854,1.5555292984813294,0.39376398946767055,-0.6873364439212735,-0.6623041650429603,1.140487322073468,4.257843260012661,Type4,High,2
0.09489551321986331,4.653715350979825,1.64812879183008,-4.499756330171021,-0.5742089704217842,6.142626727992319,2.014613786186786,3.667240788377357,-2.0357180739743805,-2.301974783412435,0.32396395863268923,-0.34572367349003025,-2.7795596701613805,1.7245852000240358,2.545411962717691,Type4,Low,2
0.17533162229635654,0.7713583211441859,1.5354715919595057,0.4270866982270314,0.28986929354256397,-3.904610690106294,2.012743415769392,-2.0760229409365025,-0.11319870509030583,1.5101928010389805,0.430250640497309,-1.1190463782488422,0.8298646881014671,-2.206087182464488,-0.7761608022346678,Type1,Medium,2
-0.47592239650037355,-0.5203372370374038,2.6060222135693007,-0.713065987455676,-0.54548453585351,1.5840403457295698,-0.7370699032151395,1.243355504314933,0.8537071999767099,-2.9816763855800588,-2.015998069309447,0.9239322440179008,-1.7699564732365438,2.2177670176723283,-0.09825054761307705,Type3,Medium,1
-1.444534443329987,0.9955385847788136,-2.4997058474683733,-2.907787486929223,1.3794609163016796,1.0665931452199757,0.8005791785727885,0.14820072355320824,-0.1575895425649012,0.8948154516290248,-0.21447861496193066,0.09025389234465608,1.8260039906170658,0.38215146890539897,0.36951501245416973,Type2,High,0
-7.2878442692727265,0.9137083958242052,-3.4068728828355765,-2.817804012452666,-0.5475413964451052,2.884873741077413,-0.4727976791594988,-4.204883538462665,-1.3686977159265634,1.3230571405893563,-1.0985679656203686,-0.7266166999350964,-0.018013868261880894,5.299796939121006,3.955493913844625,Type4,Medium,2
0.8041596812254423,1.2636454677070006,-2.3710571185174105,1.0472545525847556,1.2759319858607252,-1.6742709333068766,-1.5703135249449702,0.10696779958530211,-4.163349367379842,0.41680338910674797,-2.1601883306721,-0.7493414504516045,2.777130774225879,-1.374438910647466,0.4449782687778914,Type4,Low,1
-3.2106705692802255,1.5074878481305527,-3.3848952974603557,2.057848213719515,2.029252061158681,-0.43386741265444917,-0.8515677108388027,-0.6067996256017496,-2.8156039842664207,-0.18809663503960639,-1.7511398848060347,1.072406086496827,-0.8280578079500669,0.48074733370193456,1.141891954522415,Type4,Low,2
-8.432631167261142,1.8554593200381024,-0.910399573173739,-1.1865036813031637,0.6212403921323417,1.8374705182811892,3.5369041782193484,-0.7260650177421679,0.9329924422857332,-5.434214852928077,-1.0345619982974186,0.5698383756449638,-1.6379921872169512,4.281734422827369,2.545944009049828,Type4,High,0
-0.6484466026071832,-1.2988742769645671,-2.5970684201547254,0.4624676839383156,-0.19784127376865898,-0.1717034496098938,0.7659353302203432,2.876714044548917,-0.6327773834156818,0.5252794262429328,-0.9585028111541288,1.629461848665075,-1.8735279687220927,-1.8553947607657453,-0.36927900418707904,Type2,Medium,0
-5.346747608364941,0.7633468940746377,-0.3995159956308372,-1.9541446282087314,-0.5040868291301743,-0.5805269855082066,2.335105190518385,2.911870472407367,2.286153809004851,1.7401360251308913,-1.6748930069247208,0.9715217651023007,3.541220297044796,-8.440188499878662,4.653226187657671,Type1,Low,2
2.5666483058795735,-2.296016237320361,1.3263567523149091,1.9035117813699882,-0.30299237387282485,1.9629050594232165,-3.0872567680501004,0.9005968456072727,0.004437013967864445,-0.14256078665933503,0.5562107140959075,1.779611573735011,-0.2805146876491269,0.11825087620040792,1.173590307510279,Type3,Medium,1
-2.3561486807896443,-0.5728178483302819,2.5617354397593006,-0.4716084476921283,1.9626640979091399,-2.2510487905642953,0.5730405916974401,-0.8185441900428037,-0.8227792678244685,-0.9276651744568871,-3.1785993970009203,1.8535430119918523,0.4697257414186815,-0.5988966208181499,1.3799441025472174,Type3,Low,2
-7.0702522030100425,-1.7957614596983311,-0.9309303799763937,0.8742999706040471,0.5619176094750099,-1.8050220669105186,-1.1446627515439889,-1.049514089486193,-2.0041072651999454,1.5866606041650102,-5.210273398042233,-0.9751547490361389,-0.4230737010076109,-2.0382764238001454,4.609943571402605,Type4,Low,1
10.482945043139836,-1.5204684136810487,-0.6804258031689716,0.31898992274552174,1.9712825395142675,-2.532609865850522,0.5091860096595227,3.112532450591599,-1.9289618162184268,2.11992679579486,1.9183979136730405,-0.641604951056615,-1.7127979003574132,-1.19419228712796,-7.190702299636896,Type4,Low,1
-4.1850592239607955,-1.1645659759780331,-0.6411581158847237,1.2726147926585147,1.131354565524231,1.9660688652828808,2.6864910307953678,4.92558819407914,3.3560050287508307,0.7179381836625598,1.4676749130517148,1.0374882160472316,-2.562768162149492,-7.0441258164494345,4.152234890163676,Type4,Low,2
-0.6012612942704629,-2.0303455497393887,-0.44079757986572343,0.5650481487973684,-0.1194984581539616,-0.3875392880915716,2.1622719486637663,1.6798115565754133,-0.9695014953720826,-1.17358824873174,0.6966886728137534,0.09511996898559305,0.5294294943683371,-1.6178607832875922,1.9851766490948033,Type1,Low,0
1.6148721401357384,0.23915587337084698,1.7044680145303486,-4.430412588135126,-1.5564634918343625,2.7436598348259396,-0.44979163216605333,-2.6730226712491967,-4.240177993629641,-1.9142061717309833,-1.1162650216077195,1.4044972780946012,-0.49605930901647455,8.88315056795836,0.1672483237143778,Type1,Low,2
-4.734882968409351,1.4944183479802184,-0.028633783705341087,-1.524568236361441,1.0691294360742993,1.0739738390535247,-0.34410587860875186,-0.6948924967626617,0.3393714701916235,1.5220200584127026,-1.7596438274631245,0.9218900548156326,0.9966778401251215,-1.8179113506205595,3.816185523531381,Type4,Medium,2
-2.386058001829255,-4.353867315243935,0.16159494383161244,3.902406836850774,0.5007933512270392,-4.137094318760625,1.796817561523944,0.42746288503191565,1.051927457016344,2.64469934628438,-0.06302655685921899,0.6162829123272068,-3.088854222389327,-5.20766149623942,1.1414457954907673,Type3,High,0
-4.795767631799816,-0.6376356262885603,0.6991384074801046,2.0849387842126808,-0.046138365790440256,0.08784582676515328,-2.3828963722375858,-0.9311653296720319,0.16937709556319858,1.6874987634373824,-2.3981663642732594,0.5264675646146835,-0.34775447102972434,-2.83114495209804,4.610989649950187,Type3,Medium,1
2.570984708058965,0.7712599730642136,2.4510542686341896,-2.0613964574258077,1.3408216152681238,1.9352205986835327,0.565586900524297,2.905901748778929,-1.8979032584268198,-2.727793079826841,-1.2976174072323208,0.008486340711587777,-1.382328452273296,1.4215727458873093,-0.259313350675469,Type3,Low,2
-2.297822599793694,-0.6100740274647206,-2.467985723891185,-2.346484581608608,1.1853146765987381,3.932177515195529,1.6221247147369677,2.5541060348305686,-0.6844032145674588,-1.6781605445736467,-0.008844175560001055,-2.0198088751700762,-2.80328310154504,2.963877074420357,1.2380726572551157,Type4,Medium,0
1.051077747246858,-0.22108690748496984,-1.5052987386529804,0.7045638503922987,0.7433982336448763,-0.34021430236690986,0.4918549525808912,1.1393551970659015,-1.8338456271063621,-2.8494830581930755,-0.5429178715346465,-1.1723863657853573,-0.17924509073711337,2.1027889661503956,-1.6362497261623297,Type2,Medium,0
-1.7426731176522816,3.7793110906130294,-2.12726899478269,-1.9655723971878079,-0.8284815597870121,-1.6740051223131536,0.27163101237517406,2.614939549109624,-1.2130697304001548,2.625123387700059,-3.643238500862819,-0.5718616155932046,2.4245758398236994,-6.40758853131617,0.4586288582825748,Type4,Low,0
1.7639424255282143,-0.2729866326544298,-1.6266973423395574,-1.0065062158694356,1.4762230044946576,1.0570163568122521,2.9563135421707516,3.7718705766756098,-2.306510327649133,-0.588552887294383,1.0173986765196399,-0.00514452773822704,-2.345279085409968,-0.7180238282750722,-0.2670636963526418,Type2,Low,0
-2.7801301572624513,0.669484569410689,-3.0103043408051566,0.48035759019534396,-0.15004027240982856,1.0464614297500598,-1.5512156477293737,3.429032060629626,-1.8732015677435854,0.5151564447862589,-4.451357498627283,0.7853767093802351,-4.302259609453019,-1.013120623328815,-0.0382075629651033,Type3,Low,0
-8.764860271496559,3.9224171838041837,-2.0718429225561383,-0.7964665724357713,0.830696394508142,0.3669047769550548,0.5042094833305837,1.0104261266254297,5.925324960474993,-0.027898053776879816,-2.5785881954956533,-0.9335936059468981,0.6427662229133118,-4.300174286461112,0.9621119377963654,Type2,Medium,0
1.0391428960042848,1.085815661672523,-1.375765460282956,3.0444202977527626,0.13880737873873936,-0.6655920503556453,-0.7683055621238379,0.7187654393810129,-4.241032241125856,-1.1274062528539819,-1.2349100601840421,-0.11267650140146543,-3.5197309496581646,1.3394768813087248,-0.9436254772283197,Type3,High,1
-3.064696782691447,0.19703422994679132,-1.1934341891486593,-1.5704523799623313,-1.2816182421056763,1.4414181590121282,0.9397412536455233,0.13462163525914173,-1.7058322141277784,-0.1806722837086071,-1.3379737178719375,1.4110710623455225,-1.9389455332096839,1.8905313157615566,1.7857364683665136,Type2,Medium,2
2.236691388053308,0.603490944270793,-1.5653198037265792,-0.7635000543441923,0.34993083998435953,1.1619131531328095,0.4261620494869167,1.3908455278013403,-2.3226280061152753,-0.8608971454738776,0.07602832964531214,-0.8940818499158115,-2.246530294595656,2.7102570488218514,-2.036784151784417,Type1,Low,0
-3.7624559792738603,-4.178900739826547,-1.456184188977065,2.95389472098213,-0.7966556097979897,-2.26633502103698,0.05374809853230156,-0.5660595741494889,1.80928506115605,0.765767014272793,-0.8971003967990723,-0.03611607551891809,-1.899228819016919,-1.1531255716225852,0.4856470409265724,Type3,Low,0
2.2741639536291873,0.9067175329883495,2.4796985158143077,-1.3858897628295639,-1.1257607399200642,-0.025436476530129055,1.2952376130332721,-2.6232748153528624,3.1187444679794742,-1.5097835493545033,3.173711485042631,-0.47780647420021344,1.0884933681370446,3.4608452866976225,-2.976268321832016,Type2,High,2
-1.6076107925888334,0.7158393218344521,0.5455806201772808,-0.2751961695933083,-0.813555652147612,2.9732594777576904,-2.5946519638965624,-0.5396389709982348,-0.7815380328571927,-2.4158441588638753,-2.254023859894924,-0.23302899352814196,-2.3725184648995556,5.023286875784027,0.4066935687049893,Type4,Medium,1
1.8248995347397017,0.35405283323092984,1.5564591305833506,1.4089068476296638,2.015059575832491,-1.583686493070911,-0.9227974332837808,-0.20026666809858695,-0.6070126476490896,0.9220331692297049,0.305800543921263,-0.3842111695953622,3.1691795983023283,-3.732771824872583,1.3612627854581176,Type2,High,1
-9.865889487408074,0.33441297171107787,-3.021184711190073,-1.9159557246510948,0.207458013598411,-1.4998120981055125,2.957718487420057,-4.22177210698,2.610222565257353,0.951313825954627,-0.7936221799493136,-0.2543592541723125,1.3974258321382775,1.0754986423932529,2.4190725879703976,Type4,Low,2
-0.0919270672623306,-1.7771208954162923,1.3293685009904082,-0.03799365754715733,1.2825719892295757,-6.3123168383409105,2.142341328438501,1.5792662420528987,-3.208193333275321,-1.9356278974156984,-5.378922957067748,-0.10694102804136375,2.07832736880238,-3.1304455873347914,-1.1482297705247513,Type1,High,2
1.0219021240805455,-1.3255284805652887,-1.7173977877100568,0.7442210117187045,-0.6038181582207843,-2.9595416446247853,-0.565068795512023,-1.4262046868674272,-1.9912674737819325,2.6239341444539983,-0.6994453621233734,0.54537558677868,1.4788376964208292,-1.129385366491942,-0.758755466817473,Type4,Low,2
5.126621579805693,-0.7058297264986964,1.7220038291692141,1.555672906709865,0.2816685698427734,-0.3005655615791335,-2.872046337465023,-1.0945531798147834,-0.6429934370652763,2.331497817964846,1.2421404378307388,-0.7436630983495965,-0.3404698618320794,0.009889061586631661,-1.5114360233341635,Type1,Medium,1
-2.3278196992125904,0.20386875799518878,0.8316055793208562,-3.13531887460468,1.1450471949323704,3.2809414001618737,-0.2593887548630742,-4.726447752970674,-3.815423263974528,-1.3140889600531218,-0.434392481360796,0.9309591388148828,-2.116995701668845,9.838877789544519,2.3604680283991843,Type1,Low,2
4.23899250938733,-2.4088054627755264,-0.3315926699838362,2.4683861080696303,1.7763423118757484,-3.304185770625971,0.42767262777391624,0.01653127745168881,-2.3949063898211556,0.10141116370902592,0.001491868469178259,-0.9483379815075013,-3.4842168838846135,1.690434895216376,-4.405528881106254,Type2,Low,0
3.1958578772938315,3.3422897958259394,0.2887835288610521,-0.48394455287480753,-0.42979643799860356,-2.464523104666859,-0.12629955759564826,1.1021615763483745,-4.626979432030948,-0.5071425004729506,-2.931505240872095,-0.928491260682534,0.992512157910987,-1.103316847706452,-2.058335771792181,Type1,Medium,0
4.011193519484367,1.7476452186908924,-1.0983151873715014,-0.7046319072833549,0.04298489309235521,0.840743436594518,-1.4965014446000315,2.857499041301682,-0.6230393783558299,0.9374388772091913,0.0016536423571866798,0.6208041800195778,2.330592638301577,-2.916260879547808,-1.3111698356479007,Type1,High,1
-6.74537461836177,0.40522405193323674,-5.114999060376833,-2.3297809028307865,-1.5743633573235716,2.159652981316202,-0.08578544310641734,-1.5995045989632506,-1.063643432573798,0.3627485905272785,-1.644581310590262,-0.47889622967824036,1.6144859445752027,2.82107894295673,3.1848286081696484,Type2,High,2
0.044044032243532094,2.7577468381848025,-1.8692086969340154,-0.9598734442298694,-1.205174520483723,-2.4852995659551667,0.55623147097837,-0.9251952926905913,-1.134952560371275,1.272767703760867,-1.5996143918094556,-2.0786569163582502,0.041561621135305815,0.047629335969066974,-3.178728646938134,Type2,Medium,0
5.182044305994564,-2.126215470354521,2.4098250377662858,-2.157682001791576,0.016989280384034702,0.9691471534724221,0.27408002852265556,1.52650211134988,-2.7174595205630165,-2.5188210637480752,-0.6358748961725137,1.768661239579193,-1.3227864932715998,4.352175307050618,-2.08649514850903,Type1,High,2
9.610633282016357,1.6339623374315009,-1.6487266650410293,-2.1540456044958365,-0.47554158539872265,-1.0000376759077854,0.3100053051722509,4.285411539374323,-2.9800500268691072,2.0419884116260993,1.2618938672978903,-0.6135114919120409,3.710157585662609,-4.048172959909308,-4.182650744063533,Type3,Low,1
3.145866225855882,-1.93657659452631,2.387357003296044,0.6308084088438632,-1.966638932713355,0.38979584548733753,-0.2890742177948026,2.1454209690854116,-0.7453292661589014,-0.9877577799699018,-0.0629122894788341,0.3520515109518273,-1.34239731270323,-0.528256047530877,-0.060901063983927806,Type3,Medium,1
1.5463540257224964,1.9183351719029655,2.848995100266255,-0.9072744358837648,-0.754080114733209,-3.3151731103465196,0.1908497178591131,-0.36662440141812236,-2.8980415882614383,-1.2343545567764176,-3.5380942613888458,0.16108736892718167,1.8272288466710798,-0.752722832934178,-1.078107651777326,Type1,Low,0
-0.3202146603238132,0.40898651797753627,3.7048504389290065,-2.372971079200676,-0.04994061428175437,1.6225907403544886,0.07680415703711152,-1.5566502638781836,-1.6381905750678223,-1.9307861209258637,-1.09469284937889,0.7473903585930887,-0.37480517541980574,3.9275930350444286,1.9109602817589866,Type4,Low,2
-0.8573538188986326,-0.5389403626546874,0.38574360091277504,-1.7803946953070793,2.3374118030770306,-0.7100738349629458,-1.9468310263866169,-1.3927755709801026,-1.8881438893371785,0.9126905135278562,-3.769097368106729,-1.8027356300181465,0.6303130331710025,1.7865377276629728,0.1516329911390053,Type1,Medium,1
-2.925565776937573,-2.146860600293084,0.23307142003802994,1.72515897303981,-0.671867261992875,-2.0156773488663156,3.6207114113091334,0.8590642659085584,-0.333235957135846,0.9921067204439533,1.0300328741896334,0.031291483610775904,-1.7011918915432105,-4.174441821443063,3.171963847943889,Type2,Medium,0
2.388327499332552,2.615712186284758,2.704317249544968,0.9794047095489096,-0.48154425786104943,-3.5189574745863434,0.6332358450255615,1.592952484242116,2.673970091754463,1.7355436937782642,-0.47530838287777766,0.30354364700293107,-0.044804021429241114,-6.427207364683627,-3.1092725637552094,Type3,Low,2
-2.1577913613878548,0.9139687307726092,-2.6295238321015884,-5.497570825671674,1.1633915627249158,6.172765567232641,3.3543467018856306,2.7696933731885087,-1.621246716286994,-2.300331007431727,1.3469616317843989,-0.2614990216374043,-1.23469953046843,4.343003958902435,2.6558706843858526,Type3,Low,0
-3.6691715407651646,-0.1212335303425287,-0.371486548483699,0.8242975602215372,0.7366430399659643,-6.211483857973212,3.0413187004582856,-2.320951536706356,0.27874516327944,2.9987851142935407,-1.365683009350015,-0.8411508791142853,0.5481732758959108,-4.441028004949292,-0.21670170063868244,Type1,High,2
3.917259821881018,-3.708829338893772,0.20790008788865966,0.35181820540623554,1.3782347600030314,0.3383973256523186,-0.0473911072140385,3.2925822254888146,-2.4366103916861164,3.4631328021703123,0.005778433721876031,0.008066881859585947,-4.7848801811160975,-2.1403909486458477,-0.11222463975918262,Type2,Low,0
-5.543944190773735,-0.27278226842889586,-5.529709648428129,-1.556088432618342,0.9908157774907052,1.8048953144618574,3.3805418031407024,3.787172596610807,0.8063653386712089,0.8786124948249906,-0.39380071332060085,2.167017072484586,-3.3217907799122504,-1.9182222110355092,1.159031035456413,Type4,Low,0
5.990137874304638,-2.311497473400971,2.0433530749279933,3.179957071297363,0.3611053582364322,-4.82322752896308,-0.7124185566344033,2.4858629727408017,-1.9501210910496511,-0.9003994983560841,-2.334687622438863,-0.9111255231923776,-1.5016991464032126,-2.384215542740857,-4.665867577889676,Type2,Low,1
-8.03184249145583,0.49004776661793614,-1.640237981212374,-1.8902709946724343,-1.1108086237555441,0.40119879601786623,2.2353225379337833,-5.153539755002879,0.448176574072951,0.31061745375369754,0.5138236225690689,0.7818433132435716,1.085859780858012,3.594537331277946,3.9640793638968423,Type2,Medium,2
4.624498780904024,-2.0960824896727495,0.9551899588019299,-0.44321211554812634,-1.297961656465402,1.3697147300003005,0.11242925586273267,4.5580534357588185,-0.9975465544249429,-2.28880545076077,-0.5675377271249984,0.5950826926233389,-2.485522677087351,0.7234579187419791,-2.280024624180055,Type3,High,2
0.4135572912209297,-2.3167055113759987,-1.4505540131019556,2.0744049794645427,-0.589031650398693,-1.9942540864482008,1.354053269033963,1.4570917836228117,-2.3255058841760023,1.7516544759791355,0.2893357393922853,0.5930711132280979,-1.3219386435143878,-3.2638288836324625,1.1035439486867178,Type4,High,1
-1.0277333297432978,0.17552747723872641,1.1081764726730539,1.262094739576949,-0.7741152295185563,-1.158949728386633,-1.895120192728937,-0.7554753180836518,-2.462000057316324,-1.3788644827084227,-3.14041146250446,-0.02661190196113309,1.1369888224013018,0.22958402647351356,1.5209011021311856,Type2,Low,1
-4.233206511992466,0.7211040318017887,2.064223048736921,2.260069763719298,0.6742317925034584,2.7488067121880646,-2.8374501235785248,-0.4971683438854102,0.8989011746089521,-5.359362064554018,-2.99234077319457,-0.48291284722839156,-3.460314764964121,5.012899683667997,1.2000379368357317,Type3,High,1
-2.364581789701754,2.2879582950912902,-0.7244722482550063,-0.9013019142010537,-0.25081776760670776,0.35012268332276403,-0.07235014883837465,-0.39822414922564553,1.426552449598323,0.8844153599800451,-0.6290420471958513,0.560506230141569,0.18818671746579752,-0.895384919816723,0.06952447619395985,Type3,High,2
1.9822689382675662,1.1076489823842262,-0.010999122987629173,1.7720250767928833,-0.8187041034273156,0.18500588799825218,-3.0410560193337957,-0.7282424916684875,-0.42147024166300184,0.404147625830681,0.3321702032628343,-0.39609403795107484,2.874906287555893,-1.086251104673611,0.3947380602863444,Type3,Low,1
-2.8361665833208387,2.95952011311544,1.9396333261545435,-3.126324363194876,-0.9279036657590679,-3.879846040373484,1.1886924485108825,-0.5144511416505502,-2.408073676836895,-0.1764754081789478,-5.998180978230226,0.6876626237950153,2.63362113354851,-2.2750469184735187,0.3813230840452595,Type3,High,2
3.3140843595578295,-2.637142157897033,0.7833701402972523,1.7001418055773447,-0.1485462821404375,3.1427832911718734,-3.046807210008478,0.5032833458913293,0.24732954645669558,1.2873672791393729,2.921197906135296,0.6145533722417159,1.1117122177364291,-0.6602574195309838,2.6848387346302207,Type4,High,1
-4.311634267959154,0.6388280479225746,-0.6501088411508066,-1.569960379324398,1.1758142234156344,-2.282178566745802,1.7570692101330834,-1.2052394849744341,2.85023286518219,0.9813642796225043,-1.2804595340817346,0.4094854578835981,1.9527311567589476,-2.1330748555879353,-0.10512629176243182,Type3,Low,2
0.6064621313440405,-0.456010512952025,0.3397186029996164,-2.377572350229067,-0.6982104762422492,-2.075066248506346,2.8348156208003497,2.6963028264492657,-3.2639840059815586,-1.6518579420987378,-2.814603966364973,0.054048139819834744,1.4281584595828467,-1.5891593238519126,0.11756777647033445,Type1,Low,2
-2.258699999083581,-0.41168332366700033,-0.720523119695164,-1.0277127768023167,0.48116640829861995,-2.9942872803795706,1.2503439926766118,0.18973596862800535,2.018207196234722,1.270471595553445,-1.6174927113494535,0.13585784955288796,2.9705067711183943,-3.925736476502893,-0.33128802252251166,Type4,Medium,2
-2.2736009624735707,-1.3098576136023585,0.15510604662804628,1.304382179307766,-1.077868092936311,-2.2658779334342696,1.5223491617096636,-0.684745316678649,0.6275069992734899,-1.7304744554462572,-0.5846743925134557,-0.7475070624641847,0.1518095943069364,-0.03783482522559104,-0.02213024819125664,Type2,Low,0
-6.182812650696289,0.9236964473468663,-1.6571167647988005,1.4945962402664397,0.23922820057249836,0.702009521139161,-2.474271675702149,-2.8425100015805866,-3.401261180657506,-1.7614827497063485,-4.123643853943512,0.45260934964476973,-1.5719176491911382,4.461593039559172,3.0385240216889233,Type3,Low,1
-2.626455177985228,-0.7907868011379655,2.2430164122897396,-1.032120389990467,-0.4997156716657063,-4.313640055549453,4.437166387217595,1.8512303551783433,2.6721686230371136,-0.7531469896290639,-1.5774035628144571,0.623951317876599,1.7328567967013653,-5.878342214995779,0.10800290848251859,Type4,Low,2
7.61102544682176,-2.488357718104643,0.07697834033480688,0.7054410115493772,0.15019083715519255,-1.6441870397905465,-0.5738332297145553,3.39185432400142,-0.8028973810679758,0.7724992565109051,0.5175571302148092,-0.4714913004787184,-0.22155125987316837,-1.970958347571678,-4.423508491897081,Type3,Medium,1
4.194264998238738,-3.2221714677575815,1.3671809171654687,0.9272901667560116,1.4672231497130366,-1.8060611043914654,2.0032743513435385,2.0935771847877396,-1.3457495546857474,2.0542398060282205,1.3920023450318944,-1.4835722481992117,-3.594739632152574,-2.2655011401160623,-1.335354885043189,Type1,High,0
-2.6600864873493704,1.674953980396833,-0.02936999448397637,1.6761454951845567,1.2474396287007097,0.8343401268236269,-1.1123556759511501,1.4880576658439604,-0.8076920303169882,-1.6174309660644866,-2.3108029637433107,-0.0652490560011619,-1.4526773195718332,-1.140321939184115,1.7561095935303324,Type4,Low,1
-3.7302804361915105,1.2006824599482102,-2.592669230952067,-2.095511865979898,-0.46502388510258014,3.3745569029041262,3.2788582158427286,3.56187539319871,-0.5982378430262398,-1.8693144586633903,-0.3285498001438061,-0.47566009057847974,-4.668684481154812,1.4271883942888357,1.008520222513704,Type3,High,0
-2.938113666653033,0.0253948985802821,-0.6021457688147303,-2.0260385876522715,0.9487362744277312,-0.7869546123994913,3.8233370367555954,3.078335766290556,0.3066367919938411,2.255812717739608,-1.2629969760495627,0.08198313873718953,-3.4260094583383336,-4.302403875427678,0.8496442690653008,Type2,High,0
-0.3926681918342215,-1.230166227608879,0.9585402868104591,0.6938977542570337,1.5539154154555064,-0.3352434770538243,0.017963104241767502,-0.11572049693852637,-1.3195059921324277,-1.3018102088292132,-0.9949447523782442,1.0715439701706324,-1.0286766946742414,1.237243234474498,0.712764309012797,Type1,High,0
0.2542345788364705,3.390426042641872,-2.1170238449488563,-2.307894945057152,-0.8676762879118334,-0.4506116541655757,2.1927456108082244,0.9221816698079853,-1.852112690656047,1.909981782720176,-0.22480322780627926,-1.3922280129516678,-1.1989253585130522,-0.9799664726571559,-1.5842357826888815,Type2,High,0
-2.5561529914397148,0.5189915703279364,-0.4122679875614912,1.7186504339008861,0.21914533865734734,-1.1258940700849096,0.13073334689749805,1.0135943105924872,-2.5451405241527274,-1.9777135384194815,-2.633594839072429,1.154162780421457,0.14242217569244064,-1.3904922279189589,2.121508742082872,Type3,High,0
1.7459366089584578,-0.8892930177133213,-0.8091881527777205,-3.3882352529837054,-0.44740315581303597,0.8875929323034503,0.37516027335653335,0.9058005230964753,-2.6050761182443796,-0.6045039492117483,-1.3886963016346912,0.11629513511427116,1.1458322067631688,2.666254368388202,-0.5615302894923804,Type3,Low,2
2.1132902965804847,0.24558721974273579,0.4256776385710097,-0.5904578851581426,-1.0666453450909712,0.005411503805674661,1.578376623602602,1.4029961376282138,-2.9774738044589943,-2.8499349097384616,0.15108932685275867,1.6194097838938561,1.4628281210447671,0.871413867781702,0.37370593431571764,Type2,Low,0
3.2439150345976215,-1.9465778460403584,1.8920615926593953,2.7857599029892492,1.0988844279922962,-2.8858644592435367,-0.8852973768087558,0.9042125949328699,-2.33093474007167,-0.2510537875418629,-1.5370020482539177,-2.8233179523676903,-1.35810882442473,-1.4568866180585185,-1.2311119657210843,Type4,Low,0
1.59098752840372,-0.25617501153748967,-0.30516849227911935,0.44395973431408375,-0.38991119307998706,3.796159882211386,-0.934352622751387,-1.923906405911712,2.1408588393601806,-2.007988040216807,3.865834943720669,1.6586360776165816,-3.0486031822292885,7.275708797905335,-2.3801201093462367,Type1,Low,0
-2.7228329949714962,-3.527744285109714,0.8000936830081069,4.812892416580777,0.8424447008310508,-4.352375756137692,-1.3507551756923406,-0.21033233855790767,-1.0767201990317516,3.282295895969714,-3.1722457437264655,0.2884164713787953,-3.1593814240633664,-5.256281624202552,2.0898028141222857,Type2,Low,0
-1.1232914143974848,1.7020871327982705,-3.4990911078577738,1.8048435320994352,-1.9306522347345203,-0.05570195635809831,0.9010514375240067,2.211404829229929,0.5529776628027687,-0.21856968297942414,0.14957264815278437,0.6567619783725123,-3.5375488094228325,-0.9127665342423568,-2.4815195440977216,Type3,Low,0
-3.9310400374845913,5.157686768223503,-3.943617320788572,-3.211288599592253,-0.34779736035438075,8.539420923159803,-2.8606954909713855,1.8528228896518604,3.071590305448801,-1.9447918236127135,-0.3275346144288177,-0.9810787823929151,-2.166457858023591,5.065616581117194,-0.13279879946950723,Type1,Medium,2
-2.322692862161794,5.289068097535381,-0.715421641351618,-3.925807618019331,0.8683972296875326,-2.9639294528356177,2.9072898043185527,-0.08600063489363485,-2.4403766658458377,1.9645413931328508,-3.367093707952874,0.2186656225918904,1.5069578911643355,-3.074237033669946,-0.5430239765128329,Type4,High,0
-0.713524304139789,-2.3556821047494285,-0.33348097623266715,0.9281127657828689,-0.7714973245236618,6.916559612376505,-0.8923473640993298,3.6950700418958187,3.8382686788113514,-0.07949641611460656,3.8454936039812084,2.069088945024369,-4.113278789491316,-0.3224645387275025,3.1842627757586928,Type1,High,2
-2.338713693435548,0.26700969202918534,0.6070514047840427,-2.519672637043342,-0.017581448638234503,3.912437769543171,-1.2312942783323693,3.741009258964708,2.9279960868450967,-1.319873539893989,-2.3184372399264337,-0.24620847683548694,-0.30722226429508415,-1.1555921669892852,1.5316189088197714,Type1,High,1
-4.977764400171645,-2.3979666778144613,-0.39843810620360787,0.42760668259985446,0.5430405441725561,-1.0592827301609715,-2.411379184514784,-3.2590596848793734,-0.6586666429770983,2.158176494353721,-3.1558653545505964,0.883046322462991,1.1152144029679016,0.3601918368094018,3.549904463307497,Type2,Low,1
1.7504662785763503,3.949695140571767,-3.602391791162752,3.3960113537452736,-0.6667236839087579,4.225438060870873,-3.4293169806220285,2.271659118854263,-1.2133003379933944,0.6820860788170944,2.8998693296313363,0.2978660058140575,1.3141970748775251,-2.9685755924690445,2.326768215039632,Type3,Low,1
7.896225581988624,-4.374254790441304,-0.8370559654513254,2.0549297990503526,0.06778195717152705,3.4458037799688386,-2.671325049594894,1.6676493545018318,0.6375022470388958,4.138078258117023,6.135510605459934,-0.9591754295933342,-1.1176116705010677,-1.0209194641628867,-0.19821250943400637,Type3,Medium,1
-4.017391239046878,-0.038182993324544334,-2.005142744938017,0.5208051598793119,0.14471957467845872,0.019168829810692036,1.2973227311217068,0.544300253440118,-1.599902794494835,-0.7714308629302459,-1.4240650487477473,0.19453705809943997,-1.7883426491931065,0.17933502690519076,1.8897174354381612,Type4,High,0
0.44731773473040365,0.5214895714536767,1.7973408864866705,-1.2696335780954895,1.302275857744767,-4.918913244602925,2.9141567647618505,-1.606842182127103,-2.8022530131614674,1.0219886432787477,-2.1851424364352288,0.7324890414061122,-0.8790720913544734,-0.3862928027909205,-1.8968751039441325,Type4,Medium,0
-0.18904494014714301,-0.662896741329684,-0.6701119403035107,-0.7678551482972844,-1.1619200955385505,0.6231134532055502,2.222259670724225,2.4045122833589767,-2.1208234148760616,-0.043452615440911946,-0.023015309530681427,1.0356597806266927,-1.9154936340886275,-1.0008000140192157,1.3761203405662583,Type3,High,0
-6.56859705441465,-2.444679017428576,-0.20100351232827485,-0.1703370404676825,0.7888795811242115,-6.463139789969555,4.809161019641209,-0.8021072789836474,0.6318141605901432,1.4347332814467006,-2.5262072126197523,-0.9202916506641354,2.802427332636145,-6.351987761615834,2.8059659191784845,Type3,Low,2
-2.1337235688169103,0.7548319402022091,-1.0984472114126276,-3.5329135528070346,-1.8588618040055669,1.6464450849361387,0.3362558518039289,-0.4473824539479051,4.181030303333484,-1.6798176033631806,0.21767897544746506,0.511893244861761,4.10163909975444,1.7686004331257157,-0.9317790750747614,Type2,Medium,2
3.8208427913889875,-1.137717991727482,-0.1440043914603495,2.7091535495078096,-0.35422229778063513,-1.5083641925295717,-1.6521888246341327,1.8204278794428816,-0.9075744438759266,0.612394320547256,0.5074219763190838,-0.6618550943636917,2.8503608498534145,-4.323870467772953,0.032177189840776554,Type3,Medium,1
-2.715992193323414,-0.49173624177026487,-3.172167145560833,0.09876843000107272,-1.0386544135280786,-1.5982866350350426,1.9671518244919974,0.3264614583864671,0.3347761091922552,1.0328250849286975,-0.6650792049686212,-0.07831511029616775,-2.4832665461559236,-0.20257863936031423,-1.6332770476548761,Type4,High,0
-2.7882113846845096,1.4263805064250121,-0.4624805433468062,-3.9164195820168666,-0.2806157612343353,-2.1321817877787654,1.6973013110592283,-2.7931821011090436,-4.862841061233846,-0.17252404828346068,-4.059559122485401,-0.6620509555982982,1.232177865266641,3.6055293814069334,0.625973596393334,Type1,Medium,2
-1.123436967194552,-0.36580781199655055,-0.8856606128189273,-1.2952256071007395,-0.6476203340119325,3.5770072384076292,-0.14522068119946052,2.5411205734397644,0.20595780066688896,-0.4328644607746166,-0.06797704888749256,-0.02505639991234336,-1.5567699336612992,0.29375701802765,1.8571262426707231,Type1,Low,2
-6.227384578994053,1.8533736609450635,-0.94337870536234,-0.3824793447859981,-1.6984925816882124,-0.4602104116149823,2.248648978828893,-1.331662819402092,-0.6437183117071601,0.9003652570642974,-1.1957782428956851,0.6790160760438262,-2.272859161004384,-0.5748100124835542,2.751159468218027,Type4,Medium,2
4.768657152124207,1.7990465245108438,0.5206925114145047,-0.3299931806037889,0.02292897210256553,0.14480143857811742,-1.457640400320733,2.2571439323222755,-2.1471455229439553,2.210978013265259,-0.6871863521736459,-0.7453815841608601,-1.1521200218031282,-2.2917023820060045,-1.7686385757506715,Type4,High,0
-3.666041202770105,-1.471715520771176,-0.5229032017642474,-1.0067814892369877,-1.2634485247478389,-2.6675182881135506,4.105745817190878,-0.024920372045129535,2.383775704197694,-1.754539394908322,0.19961019760546073,-1.4081283178505524,2.8434742566851856,-1.8225772381652818,0.4823792780238434,Type2,High,2
2.3093544272568374,-2.2000696235575896,-1.5809686147150444,0.013714632980914576,0.574130050867025,0.09616386602504932,2.93900631553146,3.6362854905388198,-1.6641324145379621,1.3302602779603165,1.8116231448139617,-2.0772440441176037,-3.024977963294111,-2.326680101800353,-0.20407348115153723,Type4,Low,0
-6.532512324434238,-0.5821010249884933,-0.44074319835739495,0.7971936617260655,-0.9538052465586536,-5.561979741144968,2.5981639912894208,0.5343365743270214,-0.20864497998225495,3.297597486365006,-3.7679242962573607,0.05577551511008643,2.2950927710802533,-9.443277757766186,4.147724665542078,Type4,High,2
1.5355440958370734,-1.0540340032416688,-1.0679866353196863,-0.3641021501294307,0.7780969651481896,-0.17019404020643783,-0.9763000103017123,-2.5337436297063762,-0.012019409025740169,1.0262210398613765,1.2658409788970668,-0.482670871941979,0.8754559450408745,3.160275771257053,-1.656234849265084,Type1,Medium,2
-1.877245237787483,-0.012225113896465745,-4.319100594422,-0.9948328034161443,-1.1681339241923536,2.060828335408211,1.4787207633890471,2.6025557317351207,0.55780506534055,1.0650578681104481,0.45176761143618616,-3.4415792471851825,-3.81365630670324,0.3538900763927683,-1.0795958273285786,Type2,High,0
-4.419186836864163,1.8515286024426971,-2.40390781632751,-4.156362038817923,0.7102785391760771,-1.5862171926138111,3.4090213257435114,2.2104194532724493,-1.1859719387762668,3.798502871508202,-2.994672727028937,1.1615219575192044,1.0439986211130257,-5.969588636936749,2.271329704383377,Type4,Low,0
2.2886872521569503,2.514280360069264,2.368011720412922,0.7579503900348146,-0.37880447408405254,-1.0895952884951372,-1.4146078800087851,0.317574423087839,-2.0599671129777066,2.6279927726350993,-0.7588065543912241,0.08589594564948416,1.205069731131736,-4.790513920527818,1.6414617379112584,Type4,Medium,2
-12.139902080492565,2.529706627780442,-5.109488467961242,-2.2210322737855135,0.8444399482528874,-0.004414221196583448,-1.7122429102335603,-0.9573153327070266,-0.8813500847016831,5.685790619269091,-6.935072921260607,-0.6318646048146721,0.17258112018920757,-4.569993901414433,5.883533584861261,Type3,High,2
4.420227913020153,-1.9147704293469539,1.6855952207298364,1.1035643554608758,0.26879942587475,-1.1626431524005763,-0.6453666161983083,2.610960515750005,-1.1877092182992268,0.26706796000048894,-0.22649069667989652,-1.7806202871464176,0.937508478308908,-3.3638327738432356,-0.27784816796693035,Type3,High,1
-4.360961073768006,0.44932479204730436,-1.4820458800187342,-0.42206026313738787,0.33393248703048656,0.1903350299104033,0.5684051238633077,-1.011279474703287,0.8988459476324012,1.0000974504213058,-0.6506817480747019,-0.7377210576914103,-0.601326073300757,-0.21028781352264964,1.5377288541177565,Type4,Low,2
-2.901645575245926,0.1811555028748284,-1.6211664444991831,-0.9821040941357211,-1.7409878956035099,1.300240882178729,-0.17863869429166135,-0.7304076371895349,-0.29848829821232103,-3.741977854603216,-1.5747697184363423,-0.529823015525806,0.8431119909695581,4.748207077485558,-0.06272460366566057,Type1,High,0
2.2892354124469554,1.4053506642066753,1.7430068583130218,-4.629345106031481,-0.4832140905828485,11.075730209298827,-1.334953296056414,-1.4090712386065527,-2.6662312965588306,-3.3164620001893854,4.06799106070858,-0.7741249689515213,-4.223677521476121,12.994957948291235,2.8158030103134637,Type4,Low,2
-2.4479954645102047,1.3301944366045775,0.4229432379017761,-3.517663323921895,-0.42719573274500133,9.41283168210057,0.31039378507115023,-0.8498551081976184,2.056488126049477,1.3526263758133483,5.303090221954519,-0.24915793156608274,-3.9836905529738837,4.86649495656346,5.055491067442138,Type1,Medium,2
2.0269493696460725,-0.7318745435205748,1.1049712640019316,-0.6730147391753991,-0.044346212153086595,1.5495624929181548,0.4419224435751199,3.554043318107075,-0.2734585685839105,-1.5475914610021348,-0.4660703147985472,0.4858331469259038,-1.6947235053202607,-0.5370442410962808,-0.3353235639261003,Type3,High,2
-3.7726176055507383,0.12843440387404514,-0.21001997638552417,0.629672104298699,0.14677901272898816,-0.03286374094053551,-1.2841227055905,-2.507669528826542,-2.8332532207854726,-2.130382893204062,-3.5635759967907026,-1.1593804506159435,-2.9590858640667976,5.58024078945953,0.5427095653194356,Type3,Low,1
-1.4659980280795697,1.756561700581649,0.1841430484091542,0.015202445666212316,-1.0428946936057153,3.1202462117660623,-1.0883690680575795,2.062106579612892,1.0189123787798526,-1.7406337807749028,-1.090462776146761,0.20029656479729016,-3.2243790305779987,1.1376931771077257,0.08202218966413266,Type3,High,1
-0.9204225720453882,1.5852320729171048,-3.0744880246531965,-1.8620065802413515,-0.058691152929314636,4.377731543029992,-0.9907807727451363,2.639187191931497,0.8167467026699176,0.4236883684906413,0.28535090991236123,0.8522934503006728,-0.6246431853640615,0.22235273272637235,0.6138536877770775,Type4,High,0
-1.9497328802205944,-1.5184030185869308,-0.8910028866818234,0.06931569329318277,-0.2543900306421997,0.6876613768912171,0.7755316233559649,0.2909801485557232,-0.1327932568636443,-3.6058385974107416,0.11841154800963816,-0.1502401888175545,3.18189781723704,1.3317553370393282,2.1047338830127544,Type2,Medium,0
1.5838118424227257,2.5589795738594754,-0.5740311656503816,-0.6985602082669178,-0.6135759193909469,4.829293195478969,-2.9023576054660385,3.32184520481489,2.1629308495185393,-0.9817353530855059,0.4532668713909025,0.10843998972747285,0.637956097666005,-0.7653610584118069,-0.052696697814005544,Type4,Low,1
-2.6074110699265973,1.5637412709149705,-0.15166344865673786,-1.234315002741123,-2.4695538281708047,0.4228253412273549,-0.39656619915946634,1.1461153910823163,-4.247884819815381,-2.5981646717200926,-4.787049893552322,-0.4181156745995209,-0.20780199526451615,1.5028037099263516,1.9697063137597253,Type1,Medium,1
-1.497950894692489,-2.184076508515741,1.1231096767484678,3.153272368481323,-0.9660222970928196,-3.4780957923590794,1.0277836478215154,4.178145184191452,-0.027584833351468552,-2.241337920003371,-3.841173198582762,0.644290593102461,-2.0882328100174687,-5.07280737023885,-0.17691044926909338,Type4,Medium,2
1.7564740821477096,-0.6609387833043487,4.480430881378689,0.590546460629093,-0.4778938340167973,-3.0682084263600182,1.1598070854673095,-1.435633183490784,-1.4718082234132805,-0.15382017620834798,-0.576627738042879,-1.3918927300953639,-0.3960372001165542,-0.7263362958227997,0.12829523752210226,Type3,Medium,1
-5.005032136730739,-0.47404026770995045,-0.9403868705277753,0.08453716798440503,-0.798260928865737,0.28714575592632186,-1.477915808521539,0.5229622426472194,-1.5236877779949438,1.4497589550859962,-4.351542865907532,-0.5539640453607017,-2.1894475346713675,-1.235963954492202,3.0975761718938384,Type1,Low,1
-5.958392482112396,0.6453628768574178,-2.3614770943575802,-1.9289146340033432,-0.2973232117545814,0.9844175319290699,0.12469424173675214,-1.6270264179807705,0.7733060618776508,1.0178629392849803,-1.4671266270351961,-0.23260203172406507,1.25710998305843,0.5856509471046373,2.690517431056728,Type4,High,2
0.6253556309366222,-0.5057798201750316,-1.023146427391308,0.03875906548580943,0.2979033663239351,0.11489966525637668,0.7296687384778857,-0.39972362492926594,0.2097568990459293,0.5177537518345532,1.1685269203923383,-0.44434314132028907,-2.3850381901142805,1.9286973384627943,-1.8368053024560167,Type3,Low,0
-4.285524691206176,1.588887470882138,-1.6018259328094064,-0.29516864018922107,1.6141145160942794,-1.265955630301054,0.5359089553553347,-1.5668833330004004,0.2726816045536885,2.285637469121254,-1.4640115788916952,1.1852276940859066,-0.9800413948866549,-1.15310890422321,0.6535982904228237,Type2,Medium,2
3.353444044279668,1.3735149257430073,2.070702126753546,-2.113734853716302,-0.007100122215735238,0.24881838247257815,0.7206304915684655,1.2053280253007694,-2.744455905050418,-1.2803729852401649,-0.6450525089748738,-0.0749326196232097,1.1249527903398144,0.4617796620150491,-0.24441111783892644,Type3,High,0
2.143830527401963,0.4148789839540945,0.6495285431269686,2.3142565407386053,0.6236384220340094,-3.095270674526816,0.7661056830946866,1.664389600670411,-2.6799214424862283,-0.3257556502865556,-1.5658863207140894,1.4940589166473897,-2.4167053273963672,-2.182915766616357,-1.9010584129290904,Type4,Low,0
1.1828302423957093,1.2100529457009057,-3.2152050261628204,1.5612921352651594,1.9101226932652922,1.025330071960304,1.1329347314983242,2.222252388893997,-2.6509098180600437,-0.6601275689690898,2.0708427061160433,-0.9881115768852436,0.13115073155667956,-1.3354898859663622,0.8696911486516413,Type4,High,0
-7.081783911460397,-1.2946936124640258,-1.6129500565536738,1.3046981478634425,0.1224751610484041,-0.4225085574158333,2.7635638728297955,-0.9080322641655851,0.4912402329864334,-0.9908257733522939,-0.023026631231377492,-0.78977125441499,-1.6529775718259248,-0.1528661399612133,3.623695740816994,Type4,High,0
1.7472214700236584,-3.826188426413162,2.493469040472357,1.2160299619047406,0.6954666411386154,-0.9998617592417323,0.5893590768867663,2.4683564475511535,1.0803644146272906,-1.4897829500733986,-0.3048962959357827,-0.9107398715894301,-0.7395851469074852,-1.8970005411462851,-0.07109171658022206,Type3,Low,2
0.2322691585108799,0.7009463098131856,0.4387223837334704,-1.1238894936583113,0.25534688774512726,3.995455293250336,-1.9114760647965827,1.2801764028377831,2.24026186376572,-0.15142464033393865,0.4636573492814897,-0.97647794546663,-1.446745562396702,1.297302453475956,0.11300606992801476,Type2,High,1
-0.016442854003803617,-1.7404415536707525,0.9394413852332089,-0.5808186003873527,1.284803699871247,-2.236532170897951,3.120806097479094,-1.9567574892112254,2.1113857403788163,-1.9054188313445746,2.500445405602336,-0.1694919708072041,3.339075025068275,0.9057326055137422,-0.7713286082628124,Type4,Medium,2
0.4171486560203989,-0.5729850901542177,1.1204118325362176,0.20869403577749635,-0.24237332812407242,1.1073527261896685,-1.427960179842923,0.19585126139104037,-0.7939050965320564,-0.41512870271812974,-1.2250573915984755,0.5272144840151144,-2.3878886222058258,1.8963088955784826,-0.01999244726536875,Type4,Low,1
-2.765018775111243,1.108072983041726,0.9496105294965136,0.13409440538165107,-0.3502961120440016,-6.957925465136338,2.6754676402749538,1.0054428250329375,2.474361901863448,2.94582024177313,-3.0396240114447184,-1.2353632753732913,3.2844948799787588,-10.117515563585908,-0.5617992441465947,Type3,Medium,2
5.7077822886786045,-0.8367905383974118,2.3867931971324476,0.7732531333138726,-0.3122831341298548,-6.761938397726422,0.8803109540726777,0.03496288448749252,-1.1552325684825444,0.9793352584457314,-1.9231421072498507,1.297766359224592,0.3753721690535736,-2.445367915401355,-5.939007819265668,Type3,High,1
-2.3187540505518633,2.3230443643343506,-1.650317733385488,-1.108897038088771,0.42062760605404803,2.708904608277198,-1.1545719930371872,2.960968291217976,-0.11101331685247562,-0.9982550897062069,-2.1045594125413087,0.22077690014097923,1.174290596036812,-1.9159407968761395,2.075726034662111,Type1,Low,1
-10.399810594408372,1.6909443329657687,-3.2084401646852876,0.3977814701069544,0.45730209961325197,1.069059814003777,1.8239647649374553,-1.570888179102706,-1.4418185802111902,-2.5686120416037106,-2.253995087419371,-0.6921374476344834,-0.6555064990400028,1.8267277183843085,5.3409864164128695,Type2,Medium,0
-3.86303776175147,0.2208415761799577,-4.6620352279866,-0.2544691745928448,-0.6719273245915529,4.151297417793506,-0.311004104509784,0.5437797656264252,3.880198427566123,-0.504744163305016,1.8853269472092702,-0.10291352976325198,-2.5753739165590632,3.1836040863129043,-0.843075761055804,Type4,Low,0
-3.3911791075786915,-2.074656318114692,0.6084295086927549,-0.4430644268206798,0.6601882398579441,-3.6574157106833396,0.7455409611021194,-0.5722058626645798,0.5001966837301084,1.2338568555819474,-3.282596324533919,1.1578769144756471,1.9695994794682097,-3.3296447363057617,1.3247040307223654,Type2,Medium,2
4.2722683883143455,1.605115379488272,2.8292157372347866,0.08479567696528023,1.426158300716195,-3.015401482258965,0.9170567203149054,-1.4826398912233967,-2.096665532165336,-0.07086660870535422,-0.10149747802880993,-1.1994765585898897,-1.4750094106936802,1.405878815305977,-3.683599877583405,Type2,Low,0
-3.035418732434722,-2.2395478702677654,-1.477641908617443,3.0947373803450935,0.676946124385601,-3.2579163118274224,2.2854447580707995,0.08534315919646518,0.17995315869395778,-0.6162076780129072,0.1331891066543387,0.6241865858040871,-0.18586115700840833,-2.6679352176701148,0.9605481452301821,Type4,High,0
-3.9437673761766177,4.286727973239328,1.6592218348290686,-0.5602370227515985,-1.3740924970915869,-2.3860067406999232,2.7935778886916856,-0.023679209178413707,1.52515573538055,-0.39100959885544406,-1.793704352932342,0.7379489077517801,-1.0875690574245054,-3.2168575206107968,-0.28357337660982573,Type4,High,0
-0.35425383321430126,1.615796731546054,-0.8780359248026908,2.9439835815016266,-0.5248629381290125,2.61675814548977,-1.9215782887166504,0.2414238705097208,-0.139322943622606,-3.2744624088517944,1.0977026923414575,-1.698509918995982,-0.767306912279344,2.363339781888262,0.5805836961866618,Type2,High,1
2.2002958868252387,-3.1631357580534987,1.483445898516572,2.540384785694891,-1.2427378832094915,-2.825326732332719,1.3068298472297002,0.49981432850190155,1.0714916668502497,-2.9580104106779554,1.057148119180464,-2.530405088595326,0.9785053472605947,-0.31312560995875716,-1.8560279872250574,Type2,Medium,0
-0.17623940403040164,-0.16902110960272898,-1.2654927001482634,0.519466098117968,0.36967215465874187,-0.8596028483266526,2.0267693690055117,2.0325337228449394,-2.118805743144158,-1.174335032132424,-1.056125770427266,0.39277819273203196,-3.59957349878704,0.5071117039907664,-1.3791351932901563,Type2,Low,0
-8.64434690948489,0.8766075954587511,-1.7248014142216186,-1.4831826265575963,0.44214367920896724,1.9243591774414244,5.67457581762132,-0.24088775207626778,-0.4393762331857689,-1.1692123251517383,1.2359114498714403,-0.43838577468587037,-3.067578710667976,0.6938816318375783,5.455453140446987,Type4,High,0
1.5592145065089786,-0.04636408712418416,1.4094310353633102,-1.4684813507826608,0.4835358739356677,-2.566641573462887,-0.8300726840188901,0.17392149013041247,-3.336493821404974,0.8701113244497898,-3.7532568280027263,0.8327147219303266,2.5451406231540377,-1.7341066747765674,0.24945264292293423,Type2,Low,0
-5.75470973724129,0.45104615492795985,-0.8935452158413193,-0.8985422974806988,0.5990312802550951,-3.8248366559576046,1.164256503696603,-0.522593908109016,2.544461194034085,3.127917025968653,-3.2122448102171153,2.537559110656036,2.2292143732065384,-6.042102202912349,1.1619705778968978,Type1,Low,2
-0.023360147963046918,-0.20606530240075738,0.6882907022549953,0.9058750876873305,0.5494939037726312,2.376208483261232,-1.3505592770192807,4.068981065586808,-1.1716192066614475,-3.471332069882246,-1.4745510195794203,-0.6723688646894017,2.6662480280689334,-2.714785161332834,3.739780235709576,Type3,High,1
-1.3714353531019292,0.03930778114502942,-1.3334293446406278,1.851407550954633,0.7977689213047717,-1.256860728815884,0.18836633001731218,1.7761427644686016,-1.539213276701702,0.6480967864304863,-1.5287038840551075,0.6068492485540589,-1.0912781505653955,-3.3176166367600946,1.0814241484070382,Type2,Low,1
-4.00533844911909,-0.1749191802893536,-2.1378490113758533,0.4348351995084059,-0.5010588804930958,0.11695602090479498,1.993232030744831,1.0982593771994047,0.7150597353333705,-2.770188288237834,-0.5562962284213699,-0.4953671777646991,-0.508106921314232,0.5441191646371258,0.594937478607072,Type4,Low,0
-3.2056773520072532,-1.858044843728199,-1.9009964791779055,5.153893929233661,0.5337861409200408,-4.433836496613445,-0.5595556364868448,1.8243813205022765,-0.5247049571836686,0.9343920465482121,-3.41265062902919,0.7406390488585125,-1.9994497423097846,-5.782693373638217,0.29477031741519966,Type1,Medium,0
-4.5007955291517225,0.9926558334215967,-0.9736977492815,-1.6663964023433673,0.7349989987664513,2.57510822339415,-2.166147652420372,-0.2808853616061133,-1.6234395565428166,-2.2295066925970186,-4.593845061254541,-0.4600643894655564,-1.6937093046694915,4.660590953304943,1.3645957317761135,Type4,Low,0
-2.7885301168380656,5.71163491139155,-3.4033199598367125,2.295128905680937,1.4605252934756352,5.095753990254926,-2.160431123393031,3.5171021409108985,-0.6049794999102698,-4.9600066903917615,-0.47219270201970065,0.44947183759510256,0.040958190665508765,0.2854087925934989,1.9170635190591068,Type1,Low,1
5.05219653540697,-1.1779692000030035,0.8566291756971285,1.3596054196826346,-0.5408006917055673,-0.3057959300619038,-1.7065063287125621,-1.7105481251637342,0.4024223791709671,3.4595200332163016,3.4784625427539995,-1.125627112056832,0.5452708575221776,-0.6779144249706756,-1.16911351371557,Type3,High,1
1.8149295884572818,0.2916201130313366,-1.896025210718005,1.7624080269838878,-0.6785460618082994,1.6016155094654805,-1.0862657755699272,1.2079698490700872,2.1508679017768153,1.2949231398377625,3.656037857858312,-0.37131201465296415,2.6182359393466235,-3.385959885247925,0.7400557909760479,Type2,Low,1
0.5946738323527347,-0.6817551390395322,-0.6859079292406204,1.4926488093043913,0.6977833900455738,-0.815341187257259,-0.09931287082190676,2.6294728275626795,-2.2678695211706295,1.6217648208809963,-1.1152551367941805,-0.5053879166370269,-0.9938029014417394,-4.2794024809883595,1.5324496626583306,Type2,Medium,1
3.824676308956387,-3.3673277715087453,1.3855817703880566,0.4321031945901138,0.4496225044284339,-1.0026060834269748,2.7274021023304122,2.9230999701235563,-2.098130452029861,1.4143781964139754,2.0103015184308846,-0.9530240434724605,-1.2776655732370457,-3.6831108946523075,1.2469281036883764,Type4,Medium,0
1.1654630967236255,0.44997980929855286,-2.1872209044094695,-2.0127199422014517,-0.4150706082877433,-0.3148205792869514,0.8376866819171156,0.3490823883827754,-1.966832269928411,1.8031836319095027,-0.2690594656061933,0.6469899448872997,-0.011894762636225464,0.394477542017265,-1.254972961023281,Type4,Low,0
2.623052230378763,-1.396347069065458,1.765178719227353,3.128686165977233,-0.7172585625800516,-2.7256873258176335,-2.4566917430587982,1.9358031338870163,-3.936762925841427,1.102830933594562,-3.582859842016182,-0.6600760334433915,-1.0885031449120217,-3.9804256087197034,0.7018308816040983,Type3,High,0
-0.26157450586683706,1.5358333563857216,-0.7831129052292998,-0.321692833243332,-1.024675396052814,3.461242012320438,-4.567160177941132,0.09645716206921195,-0.5564417607286443,-0.19063270862296378,-1.6779800619569953,-1.331094498845084,1.9815995839969616,1.2217682746584684,1.7858207107644122,Type4,High,1
0.3209299082106185,1.5577568311747114,-0.5049180381834342,-0.600800845832677,0.4993246142274765,-0.594826466530128,0.4698719688439843,1.7897807110230712,-1.5807749497635908,-0.4813044983024377,-1.9107882232130122,1.0111808267879074,-0.6206777965410839,-0.9906660778785191,-0.9360920499029715,Type3,High,0
5.4838740198939115,-4.484037402759953,-0.5705522398252061,0.05416697252285496,2.149817020802585,7.267120311067427,-2.477617624410913,3.395444781788007,0.33187047960697247,0.9059346054673152,5.231444049219193,0.13090599015536716,-0.8613127938282079,1.2623141097202475,2.829286800307106,Type4,Low,1
-0.7098150450498785,-0.7474672379441305,-0.381214812273045,0.4123876765275143,-1.0032894910956942,-1.1000130402071522,1.144107710607195,3.1878584633710947,-2.443805347073818,-2.3120657217812672,-3.2328118247823,-1.5431168548111496,-2.016011747712395,-0.7704586020275488,-0.24534801815706997,Type2,High,2
-6.342019879928011,1.6765532550352296,-0.877038607813565,-1.083912953905692,-0.4273416121837854,1.187129229512677,3.742199121530343,-0.9722708290076527,-1.8455882188149566,-4.250276395484187,-0.11449233957606986,0.7117486399752095,0.6120155314027727,2.7452546101137756,4.232629760650248,Type4,High,0
6.163574503807382,0.8732611298910677,-0.38355867256577647,3.1048150584956264,-0.13397382465128635,-1.9023864442024083,-3.4709899401882516,-0.9516751694929062,-1.8197048766278516,3.7083180947117382,2.0515775541713728,2.2391855650566965,4.075323093552587,-4.242970204279961,-0.6355838427817089,Type1,Medium,1
4.286781709459141,-1.2488066735678847,2.4139079278131046,-0.9457048395583036,-0.16318935476092003,2.145906539055682,-0.18219233832145498,4.584947284851467,0.8188196402234169,-0.8442267308060324,0.6676531034640703,-0.07605732892686651,0.3294219138064387,-2.8819790320400918,0.29721024792701844,Type2,Low,1
-5.8052044088039345,1.9442682073272133,1.0003669793292227,-2.083988697368424,-0.037528965125643056,-0.92856704812891,3.1208935112179743,-1.881839759632716,1.4730607126727115,-0.2638587076947261,-0.648688259242979,2.519708077376307,1.0046509879939065,-0.8975295365553317,2.539006781021845,Type2,Low,2
2.678439529678047,1.684814156467589,-2.360574594109722,-2.515207314577129,0.3763108297333539,-0.1939478155447124,-1.7162436793863947,1.1544286794089187,-2.31870322366108,2.8544462040117273,-1.8718162529865645,-1.7240796986249523,3.0102904425829706,-1.8458910794324688,-1.2062936146865626,Type2,Medium,0
0.0751743433969236,-2.6266585933525817,-0.3781655556025556,0.329064127631175,0.5043114914764457,1.4739297956643784,2.697454578703921,3.836755991484633,-0.7460120403784021,-1.740875751038573,1.1732966765568253,0.1846767292337134,-2.509714584131193,-1.0100612050252078,1.6443190168663167,Type1,Low,2
-2.1555318148373135,-0.1711019313321882,1.2879314380087905,-1.644635168412293,-1.109872978488819,-3.375569866950469,2.2979291882793675,-2.112491538389577,1.3717354199076994,0.9468678659373665,-0.6298778061763168,-0.6059139716243815,2.991308867094154,-1.9432931229526986,0.29077177142303134,Type3,High,2
2.142273773265034,-2.1267387609152553,-5.453420081374973,-1.5052493384820487,-1.2887720151884616,1.756348901721018,1.7888287742514475,2.8141071128347948,-1.5984179022877836,3.671400444314623,2.3243457068046807,-1.2229327546458943,-3.7290697255062772,0.2931320511464271,-1.7853935876948976,Type1,Medium,0
0.12584795094717846,1.8208068375974487,-1.8726854336641745,3.400511230396522,-1.0466544193252418,3.5372281645403105,-0.4667905571939185,1.0194056558281264,-0.05375775986837128,-2.4618579842878634,3.6352133795130355,1.1294380500187358,-2.0173892390765795,1.4525465497286874,1.0557335546819269,Type4,Medium,1
3.1359397822687374,0.41187139589934474,-0.18982062551952628,-2.5751884936452405,1.4975608075470437,2.802118355954171,1.7426379856791816,2.1223317163857063,-6.01308902292331,-3.875989768203886,-0.8252279007755114,1.167026690633779,-4.008107981492797,6.955126205301592,-1.199215509133602,Type1,Medium,2
3.1068267142947983,1.9477331426501379,-0.17879838740869347,-0.6893823449046674,-2.1160411163320956,1.5314395336261237,-1.5168896318212761,0.26138733810893044,-0.20385629103904246,-0.040331545189149276,0.8406208732674849,-0.3033154743251318,0.789903675383113,1.18664415463132,-1.6968001546257647,Type3,Low,2
-6.051107123327513,-0.6657549897209138,-1.2393601437905981,-0.1409605276864654,-1.448693866664951,-0.10916867893695542,2.1722957887696728,-1.7824767782252144,0.36829709059432547,-2.1906881739098663,-0.1503116628849589,1.8548815801328788,1.4048120837613571,1.4646233057256972,3.2390355034579748,Type1,High,0
2.6814773109388126,-0.8869402240091884,-0.18593156182446524,-0.4753079303003195,0.5796073501379316,0.4090292156959022,-1.4726700059595674,0.7969196402136127,-0.5190517184869214,1.274147782662705,-0.2343952726053654,0.4812744546497187,0.2526606521008812,-0.18292780190905206,-0.968107064183505,Type1,Low,0
-0.8106552416125717,-0.12847384318205068,-0.40087438099773076,-2.1360829054199373,-1.1503304334716815,-1.2883305328335957,2.1525230326702713,3.0535210890342643,-1.3034003573673663,2.157309923704471,-2.2861678654196327,0.8526789563321066,-0.6685323796766969,-4.558114206995369,0.8586158906144294,Type1,High,0
6.511217434164138,-1.2836975510717714,-0.1374616307155907,0.027298288134892212,-0.6594603785245904,2.385250260382858,-2.020800370884098,2.322703807155011,-1.2322868812390186,1.1850543420642463,2.397277807784021,0.25882789337202083,1.0438618857210158,-0.6459686486321462,-0.5044132145351004,Type4,Medium,1
-3.1818245848081212,0.9601679151994224,-0.8543968279926784,-3.2403008348956304,-1.3305352926511669,-3.0044954471536616,2.6621936409695746,-0.6766789857214084,-0.08425141665228442,3.073149044532215,-2.2016154913458625,1.4082690747746727,1.623981083791806,-3.2440083096066585,0.36536604301560205,Type3,High,0
-1.6017037762524178,2.0818835839342165,-3.6626408008389646,1.0044252373269273,0.9928510818422681,2.407081329796474,-0.9171702868372252,0.21098549877817108,-2.48626423065958,-1.1186615155479607,-0.03421997512559327,-2.3154443255594463,-1.7676653318302293,2.858568520362117,0.5442061666500002,Type1,Low,1
6.445365633083843,-2.1123770979392846,0.18007503660726765,1.1078560101761092,0.26877864198349144,2.7485029281870617,-2.307793176497019,1.8172173182894005,-0.8111092171695957,1.5867292158558,3.444857780360428,-1.0769129773961408,0.24863162909844794,-0.5711234125449426,0.18594924092772014,Type3,Low,1
1.3500342033060821,0.9826298042907713,-1.057196359597575,-1.0155447982187498,0.2844526576283307,-0.9849071359270347,-0.07735174005014689,-0.706372495861145,-1.91858247486196,0.249542039702897,-0.9241962492969955,0.8909705245069403,0.3873482447718819,1.67966962780367,-1.972079045878803,Type4,Low,0
-2.4826443764647457,-0.9033334705851098,-1.6573286616160106,3.20428773379644,-1.381376776232157,-3.1243572060194778,1.264037630089351,0.8850718393532234,-1.6354438682624104,-0.6204701153484783,-1.5173233317071353,1.4768633383636696,-0.905355451812198,-2.827142198161677,0.7367166010916721,Type2,Low,0
-3.0666242020448182,-0.24567873147518982,-0.6781648376511753,0.13496400306745238,2.209328354464066,-4.689663358439759,2.8602457007757836,-0.8862220774962367,-1.798166321631761,1.8119211832455364,-1.8268365530435267,0.6038930123616106,1.3774912414023308,-4.023667357608414,1.3894779591724484,Type3,Medium,2
2.187745793921728,2.917282812557837,-2.2772453857433703,-0.19841219497204698,1.5179142862230117,-1.6019023522922335,-0.0828438985557649,0.7976835901033528,-2.145845017390136,0.8616753533213114,-1.1479990415350594,1.680820167294172,-0.22197855837962244,-0.5576840312797929,-3.4012363307034956,Type2,Medium,0
-2.92723084073141,-5.352761366532489,1.5515630914879184,5.793198594611053,-1.1972197307275814,-4.86630396192423,0.6070466302876083,4.777202194954596,5.728695175971205,1.0531457244626878,-2.014329186645153,0.7596961244396169,-1.9440939010646756,-11.27838960798103,0.5648793222699506,Type3,Low,2
2.2948954589084427,-1.467394725466342,5.003220559583826,0.8043972261860765,-1.3710951862360874,-2.522917516382895,0.923178480101454,-0.18644841383893862,-2.161935134331456,-0.78016703600374,-1.0687299120179423,-0.056936711348061296,-0.8338203215558733,-1.062126561744823,0.8341105134378992,Type1,Low,1
-5.834986710797566,0.6947270223634954,-2.43240718130432,0.7164723240771212,0.5680521563119797,1.9789065589743624,-1.6643472085006175,-0.3271561975717474,-0.11929350074187228,0.011121108536063629,-1.9451336436106268,0.09404279099435894,-0.057187800542332634,-0.0874004173612789,3.760604007713364,Type4,High,1
-0.11053991131374838,1.2054570820752448,1.2520047268122005,0.9058234808429633,-1.1488930680601896,-4.292169760500548,0.8486915346805235,1.080157287854278,-0.3651332143670396,2.8183538149262004,-2.119299963107661,0.291344461114156,0.9945702297613946,-7.242402633534719,0.15808468257814146,Type3,Low,2
1.8977315117719815,-0.25092475687139126,3.1939100544927452,1.8209434414007215,-1.0201493809567364,-2.519907959826768,-1.8643677451995908,-0.652554069050169,-0.773065849438732,0.8456442146905708,-1.42390956285406,0.07469128423228319,2.0368526622297773,-3.2891360154050777,0.8326580274821183,Type3,Low,1
-3.8996393442157555,-1.5610405809205083,-2.4250774238942476,3.0946170562857547,-1.6829453330053552,-2.044767153731212,0.7413363902843084,0.8091346019717901,-0.9858215824768831,-1.5519831877640744,-1.279009927078597,-0.2603865991125219,1.4644849547339969,-2.734329678848585,2.524675141344466,Type2,Medium,0
1.1805223646122927,2.4583370425933833,0.38486368724202724,-2.6565898797250944,-0.9163345062590343,-0.056092044387815544,-1.2688608766703133,-0.7553448395809448,-1.884866736024048,-0.4830174012132733,-1.8642323901170619,-0.2947071781136514,5.0437509718025835,0.30168607011903414,0.36466065727494357,Type2,Medium,0
-1.2839052453367554,-0.25412960155236664,-1.724370370223939,-1.6514450998064807,1.667066148357472,0.5857404232617747,3.102407655957381,2.597718011190229,-1.322758132081397,0.4950385929930623,-0.343438975161227,1.0419498938411955,-3.693263417957996,-0.38208775210582413,-0.004164597105948076,Type4,High,0
-2.766256086496015,-0.8070790128742009,-2.794926615418639,1.8253455291264131,-0.39915305553104985,3.1541118339991576,-0.277673576385462,1.0817770317565882,1.9202231596514712,1.2579175239202733,2.8058456921196346,-0.34352577588237754,-1.357288598333173,-1.6313723744883166,3.041426363333147,Type4,Medium,1
0.2585342492991264,-0.7737251584236888,1.2692123412180387,1.6317173405355572,0.18175230782212465,-1.6713432593048139,2.0240257984347148,1.8053371735989647,-3.622414299878325,0.9798479857089002,-0.5484033997058346,0.47498907718038735,-2.6638819919440078,-3.6140985859254013,2.4909334741762588,Type2,Medium,0
-0.416364353246453,-2.4122596590321406,-1.5199703911108462,1.2495038313716178,1.841850932615303,-1.4389413961216864,0.2606900431649294,2.244157426050407,-0.7946395553447851,2.587427454443269,-1.453466449067414,-0.438312276439473,-3.131410891024561,-3.208076294768443,-0.11890135189306639,Type2,High,0
0.0360301566906862,-2.00613448081516,0.7006512909683524,1.500193840805017,0.7320172648970423,-1.200889595863129,0.5411986676809495,1.056029515013115,-2.0989068557049575,-0.3085241008701831,-0.7029354457354199,1.5710166564483963,-0.019995994164555553,-2.0204838216836407,2.130547223029919,Type1,High,0
-0.7872458494807275,-4.021714197640818,4.245276102770372,3.9684970904727956,1.8404545212578993,-4.000175899631424,-0.22543155239792467,1.0056893842196166,2.4410996758939305,-1.0134076408093287,-2.3125648188477332,0.43883830193446804,-2.0521187114829855,-3.9570549281113787,-0.1196831806972295,Type1,High,1
-2.931225934852033,0.14971215466062548,-2.036247812586577,1.4943354800147246,0.023162585640135434,-0.6504887715083673,-0.5218202794885791,1.5206815837075283,-2.1325657940587375,-0.39764794126674563,-3.1882666196308076,0.8607798304457065,-1.910979439257773,-1.1152999954949987,0.9795420400623132,Type2,Medium,0
-6.842847673068246,-3.0616799936247157,0.7895021145094168,1.4921623246989724,0.5926779072618362,-2.4734289612768143,1.6942863337523209,-0.5270664791484809,1.142687499649396,0.4656127825714351,-2.69869050194672,-1.273231628138199,-2.489850253595347,-2.4273232799304303,3.2208139181846396,Type3,Low,1
-1.166639002039291,2.7533511161068454,-1.0425655975796921,-0.7350468997291182,0.031772225936316775,-0.007431315090167111,0.2899806819412416,1.880535378681866,0.04557409666141932,-1.6362100665401642,-2.1074951368051242,0.042885599224399995,0.09235643002746063,-0.7652406119099706,-1.2793688485648942,Type2,High,1
5.146881250396021,-1.4762410027066768,2.7155441769020827,0.587165993745347,-0.33024952232940086,-2.1280395863975516,0.3611046087083447,0.7907401954019434,-1.383853929032512,1.0883732340030412,0.6397956740415343,0.13994739132384915,-0.21579082423919704,-1.9348586861906445,-1.4440630952860847,Type1,Medium,1
3.7727431741979536,-0.7164747198893731,-1.7284415472822583,-1.7626756666013892,-1.332240545444822,4.158190785254668,-1.125976620159801,-1.7773864738813816,-0.25919914902063035,-0.4035956584174305,3.9783134698994225,-0.7750973937953827,-0.36373477772286067,7.33893984964574,-1.9086046899612061,Type1,High,0
-5.6728284711931805,-1.0246407251598444,-1.3596153946610896,4.188724039934202,-0.3390693946152719,-3.565040665033945,-0.6134682306383523,-2.758824882223101,0.760600318702962,-2.656799222828506,-2.337123131123387,-2.0305766118258752,1.0314881288109579,0.5944156241678475,0.5272365927877347,Type1,Low,0
-1.5165946255820026,-0.5412600621292734,-0.441474968525813,-1.7353305171302824,-0.598375581770551,2.942878373931051,0.05580707940462126,1.0945875998147248,-1.2757419568884296,-3.3930699645318634,-1.03748083429727,0.7829069949032201,0.5279724642360206,3.474255273910356,1.907641092925675,Type1,High,0
0.9925162836817836,3.946954359498702,-2.2506540503174826,-1.852847597684928,-1.9213384816302201,0.06153917139562036,-0.41891978433658217,2.2866993128343203,-0.9473208222043455,2.0312602277589002,-1.3070847481152486,0.15328034721060685,2.3331557681078383,-4.001498317134935,-0.7606837281458867,Type1,Low,0
-4.487371637883888,-1.5925061908678813,-2.3851104659845808,3.2034581250888334,-0.32835192190592716,0.8154242967572993,0.35634560358971035,-0.6067205595281191,-2.281400745210877,-0.3124377957812733,-0.3160617137752676,0.6716002152234339,-5.711813403426099,2.3999149850568102,2.3870844137670533,Type4,Low,1
1.6581541355144869,-0.6549714807840377,1.6289566966323732,-0.46289304982136015,0.41444545033218555,-3.346410016168199,3.0026344955868733,-1.2377234212598212,-2.758437874937689,-0.7834641111233913,-0.4614597580572841,1.1926775277414932,-2.1136632151224566,2.1853218450840135,-2.2826305769544764,Type3,Low,0
-1.4863008311850074,1.3617773591486682,-2.444962467930524,-1.3292625917604468,0.1880485663434207,3.2217010271363393,-0.06326707714569002,3.4776985065062016,-4.692567967029015,-1.3285563603388866,-2.5846335582057094,-1.0570586383291245,-2.030429997361149,0.8282645541594862,2.686914490975222,Type1,Low,0
9.310362235422764,-2.4659643149249724,2.2255418141489773,-0.6565469169130675,-1.7873665750664478,-0.4205546166745358,0.042483089603324364,1.3284950746347075,-1.7407491808109041,3.197321155536263,3.0265832695700468,1.0166918628504908,-1.4137889002467188,-0.673583086232261,-2.970893580686326,Type3,Medium,1
-4.060104448750228,-1.6884326612941096,1.1606480534394061,1.0439357752376934,-0.23683308888415008,-0.7709116575845864,0.6200301224395497,-0.17837609591685766,0.9151325560561803,0.0344105809802997,-1.4161209732494644,0.3785555918189633,-1.4827350306543239,-1.5775648535490192,2.631976234381874,Type2,Low,2
0.32293561833342,3.1723000266097885,-3.012153184281219,1.577955833610565,-0.2694609087995017,5.417200813359589,-0.262319255396823,5.368592293252992,1.8120362678578168,-2.8840575414710443,2.5845807484559473,0.686983686736405,-2.259170028047089,-1.1740925755953262,-0.03509260103820333,Type3,Low,1
-2.0469424430372163,3.439047788551329,-3.6360773579901173,4.030434592217631,-0.14293040838992144,1.5102895581463662,-2.0489339773515707,1.0463368367524708,-1.4631171461558392,-1.5107839448536797,0.8235803689526693,0.13411958811364608,3.1450701596521657,-3.07229164362591,3.314099373663624,Type4,Medium,1
-1.924198564208906,-2.5658762609437815,1.119671396371953,1.7792048713958288,0.8782186066351834,-0.6197121186085068,-0.13582000875286604,2.502275133043864,2.837848571681755,-0.05316475346645544,-0.9477507934633271,1.2310220506905587,-0.08519851294259606,-4.772417774717235,1.7910573372748528,Type1,High,2
-4.8561226293098505,0.07280775680553386,-0.33392456533941794,1.4062740042915118,-0.9852098786207614,-1.1270168396791425,0.807669788560934,-0.8882604755701464,-0.30780259040517866,-3.3410117166775133,-2.032448129464341,0.3598855665660685,0.45465313275005315,1.0631495996840956,1.7167770496844517,Type4,Medium,0
5.495956518373932,-0.42342232605019403,-1.8238677359142357,-0.009475527339538825,1.2423188676047683,5.952148637764863,-3.4599087108787883,2.460376844910649,-0.08164770997014859,1.546631393563764,4.112422426262606,-0.3238979455269096,1.1173808457022778,0.22427478632799036,1.094006667052886,Type1,Low,1
-4.9769401727339115,2.380341629244781,-1.8230460314807848,-1.0757919149370758,-1.6440456361548499,-1.886051162089116,1.08995646660513,1.2122009089032946,2.308396399186866,1.5877393579526022,-2.8155655009807155,1.0026385322962081,1.3414292908448138,-5.202071176049165,0.3455557989720347,Type4,Low,2
-4.339571804927877,1.8305196365456706,-4.248640466405719,0.23879057820640415,-2.10780852163246,-1.6015437764396512,0.6929556302102338,0.3144841573799554,2.196773357484826,2.2306689697448734,-1.4783036812583514,0.531543744504293,-1.529632383489488,-2.3369327055515554,-2.0323754366624645,Type1,High,0
6.737246153434577,0.13469637819084945,2.116325193642952,2.069957127461699,0.3746839514291556,-5.644436918619878,0.25081247656759653,0.4489178495839843,-2.4059603932132134,2.058505525955192,-0.3099784570773023,-0.9067389633036362,0.7116065975275714,-4.294531871266618,-3.9488586968125237,Type3,Medium,1
-0.08374420003249737,-1.5895552002484923,-2.289202602657581,2.3956896670665095,-0.9823385209537272,-2.4183866227697868,-1.056975786424272,2.528895008098364,-0.07716520548156824,-1.1237751915753964,-2.824071362111941,-0.30753037871179045,0.1578196249582784,-2.2500054051788703,-2.140898052779318,Type2,High,0
4.301693580628505,-4.262402729745615,2.9754406213355487,5.130617757909985,-0.5262396743670368,-0.7966985244138898,-3.074428016394104,0.7328335417227547,-0.4001922922227371,1.4034636196467245,1.2271922577250967,0.9474275723138452,-1.6544439354467921,-2.9043049856467253,1.1760297286358115,Type1,Medium,1
-3.4204382085947187,1.7894071087113954,-2.0639450949477496,-2.5011794240227987,-0.3829135855689627,3.997258442286604,-2.2480355068999804,-1.0935607725832817,0.7812533788540116,0.8152211697067113,-1.04508765403704,-1.78527576978264,-0.10357953749063697,3.1442249110583043,1.497507924349327,Type3,Medium,2
-3.762518404347524,1.153120114521229,0.9015336639523925,-1.7445655295752518,0.07284160463566662,-3.2132622862847025,2.8156529869985114,-1.0590330329130402,3.2583465023714084,0.32000411993376643,-0.8332178440983206,-0.3929066177061567,3.6010668183403887,-3.7446464731325295,0.2697609850671201,Type2,Medium,2
-0.7426628276292343,-1.950348121877775,-1.62564189053874,0.9709629447639919,-0.45068495113308804,-0.299081158639048,2.756585298077443,2.0736422503960883,-0.3933205870054205,-1.461639464049298,1.249927989351629,1.5266469647929843,-1.0834677570753128,-0.8245786917480853,0.5365021876285099,Type2,High,0
-5.07279531736535,2.5111378587824857,-4.40606059733242,-1.9379773573055867,-0.5149845243650389,3.1035826606048595,0.9082807116532603,3.6813196703580195,3.2558631034177523,1.7332782845532932,-0.5225881961030248,-1.1311234867604978,-1.391984610082073,-3.7005164218997386,1.0134213653197963,Type3,Medium,0
-0.4055852887656463,-2.173813746220873,-0.5285721476771544,-0.6251606911247225,-0.4740411404377241,1.3621935064248456,1.5500447126950307,1.7855369693023448,-2.1912214251936293,-0.20033890652570885,0.6016185581329547,-0.2734258196126437,-0.11954954972520948,-0.6854962966639545,3.2893344538777955,Type3,High,0
-2.0699847674658867,1.39553719185297,-1.7271164092746234,1.9470983175042065,0.8903493473142281,4.500642296640975,-3.111761119401243,-0.23715366997433796,0.08630220771155916,-1.72795962930612,0.9969848856310277,-1.1289186126467559,-0.03554776055756059,2.3265689508427987,2.8782189109813316,Type4,High,1
-3.0855837432352544,3.5729811704396255,-3.664414386186509,1.6918595409628994,1.3625768604220636,3.7602939743565256,-0.4253209527186924,2.3606136322161557,-3.5673072007967086,-0.9744411237587434,-0.4900258959904208,0.0937455203352411,-4.065055427377256,0.5115262894424525,2.798428972512153,Type2,Medium,1
1.8539173828991053,-1.8251447535204552,-0.38556573098925884,-1.2986548302324499,-0.37360463790956844,0.29399097843080557,2.293300865857965,1.7851560668742072,0.5499898444606746,-2.411223862355662,1.373160381066827,-1.6041389422076309,0.6286621088016389,1.4142536325446018,-1.5876507988418016,Type1,High,0
-10.113900139425242,-0.637534492935685,-2.0241230671619235,-0.36054400693284305,0.8662643616277227,-7.005150180140362,4.5751123562115446,-0.9240677437427153,1.9394104669016867,3.110265118761119,-4.12558846436837,-0.6329411967488909,2.4495926195926767,-8.37444821023838,2.888555719055008,Type2,Low,2
2.068066562867625,0.38458576363986685,1.3098071844272723,-0.9147024353764219,-0.04874409808453292,1.2699316723293914,-0.12418275165432036,1.0586158949653497,-0.6175730176881787,-0.09321305986517747,0.9661397645781834,-0.2077956041721919,2.145902230936745,-1.4145972412399979,1.6118211263974098,Type4,High,1
-7.395959734402452,0.9449799751859957,0.27113776684719815,-1.9785663550863255,-1.2939187773993035,-1.5287741184575208,3.376269368860213,-2.1749442688597678,-1.1393059515945865,1.0316706971790337,-1.7855610903057388,0.4762066700018822,0.9579423738846864,-1.8111846832373943,5.113694912539334,Type4,Medium,2
2.2444968612220557,1.4964338402751685,-0.7488908574097703,-1.2787997399712938,-1.3061207588647534,-0.5189142435574381,-0.5712707173807248,-2.344412508819554,-0.5102305798271529,0.6889779059666417,0.7634682669199451,-1.389028820603181,1.3069717279101383,2.9271694809418967,-2.794204169745356,Type2,High,0
1.971637817490395,-1.1570566788017551,0.26468541320992356,0.8359597988137825,-0.5093569361233815,5.723455634371494,-2.469000499969006,3.049721015849354,-1.6766814754518178,-2.0225404346262685,1.6093491668791637,0.6532686037086156,0.4178789542033744,0.6004471174079912,4.3739467542703965,Type3,Low,1
7.164165784696356,-3.0055422466394153,1.5925534093950273,2.338312409303576,0.3688855015501813,1.894219608218077,-2.079645127978198,-0.3873958652728713,-1.4587501675065693,2.7131345024929137,4.656439793377023,1.5631981532570365,-2.3422652202471026,1.0723523087476656,-0.09699471591533981,Type3,Low,1
-5.2413484368413,0.2829381602392089,-1.3618489734548298,1.3499871213182528,-0.8182586786761233,-0.9117656229039092,0.691174496714588,-1.4995031200489266,-0.6158086128827864,-4.332702123386678,-1.7244523899043323,2.0765591822949307,2.2629873520218733,2.1124984829711986,1.9747311340729428,Type2,Medium,0
-4.559288051726776,1.9292776413739534,-3.031472693152749,-1.3043173867759474,0.9335796218348111,2.055912928096576,1.044638800198988,1.8127489679120474,-0.07819646727369689,-3.7254958771257662,-2.521877491580013,-1.772863024428604,-2.333306632605324,3.3984114815668027,-0.7143633944761845,Type3,Low,0
-2.837194122136441,-0.30172140568992023,-0.23381820616588522,0.09962143395675527,0.13352250825536127,-0.25112466075934947,1.6226661827758906,-0.05944345449350963,1.0816397543732656,-4.237896992710891,-0.6141934352637269,-1.1958693746230586,0.5594703895247899,2.3861275607926262,-0.23664368569022054,Type4,High,0
2.693858973054462,2.598034965405642,-1.5019321546337507,1.9583452143285403,-0.6135858222903192,0.4493766096112629,-1.3003617091611894,2.636198803140899,-5.791460407850857,-1.4460140993441077,-1.9396486991370574,1.2232656058473093,-2.1672874374019053,0.17522372027080219,-0.47807939099964214,Type1,High,1
-1.999288535243184,-0.8826687681771368,-2.496960263015281,0.9817842571303372,-0.5268289726252063,1.3337192378366807,-0.4786738438379493,-0.4529271266635446,-0.6034605566348992,1.1167546995321849,1.038719176481115,0.5302070141050813,-0.11242074155249282,0.06365082157111646,2.338032671495794,Type1,High,1
-4.806357957503361,1.6545311395115023,-3.0435161692329475,-1.5411775540806316,0.9308848716851502,0.6503228412229384,-0.1080866935985243,-3.077758720839599,-1.3141919929467138,1.8099713244577966,-0.9597327993562688,0.46399912904985174,0.24251963942090338,2.3841873582796325,1.8620658294267989,Type2,High,2
0.010632596574835994,1.2220100256141615,-0.43528226912612866,-0.13215530643916995,-1.2876938138654106,-1.9173595486753594,0.14707842009846606,1.273130925222708,-1.1221676784563592,1.5477991462319731,-2.1983488152735084,0.2649183372258612,-0.3378127457514575,-3.1206665505127447,-0.7507359462458486,Type2,Low,0
1.8456143378020176,1.344748619312562,2.1671026420697066,-0.6644520688027818,0.45876279597417424,-3.6627504963147834,0.9910315747252368,0.3018142985073865,-3.085807954305882,0.6975317338984878,-2.8130231428744565,0.9692227991928256,0.3257429759465218,-2.3977919805258177,-1.0353852767466518,Type3,Medium,0
0.685121856497783,-4.049085153032327,1.5298094039991965,3.957810689087113,0.1017457917223192,-5.1803589721043775,1.2472489786056986,-0.2054574874631585,0.9359307165558639,0.15265113317260437,0.1679632001452036,-0.36409871988493897,0.059307013827684996,-3.735748808970155,-0.809420898939385,Type2,Low,0
-1.560695088074287,2.0850094125398226,-2.0974935779844666,-2.6776764033962266,0.3249206263702566,4.392601356359951,0.239108497177262,3.3159602945573003,-1.9087962703076513,-1.1019896741323867,-1.4190242832665572,-0.9457159252294116,-2.3341931957149358,1.4963092909191247,1.4658868946163661,Type4,High,2
4.123560568407685,1.9612722794040285,-1.0242081772121878,-2.624008782444612,0.6391083254981511,1.54776025371763,-0.8205258401806874,1.4769501044271274,-1.725821267982312,-0.3695189869814335,0.3203048937675279,-0.3716803386714791,3.751167870331207,0.3702195802838886,-1.1372836881528186,Type2,Low,1
-0.7909826010875419,6.202499793012509,-3.567647102752546,0.8885198853275165,0.9499354180905146,5.390620542515092,-2.118407547475453,1.7702909237638393,-4.520816687191626,-6.001258784068434,-0.773168307390397,-1.1688477920082279,-0.26377412055386784,5.344943590680164,0.9868653445439773,Type2,Low,1
6.7563401828727265,-2.4304026378292174,2.3016467599958332,0.4862954814729957,-0.30065393132372226,-5.002641901965861,2.636667366148104,1.8812147651408573,-1.5237278010451374,0.44977045970413976,0.11624760350938756,0.25871016055812696,-1.6147854072623424,-2.006348061764781,-5.136746856362123,Type3,Low,1
4.9699991728620745,-0.45564327653701586,0.8680823505984939,0.7318589236863844,1.5530597700421156,-2.4129671424353707,0.7831433776979506,3.2843475340710295,-2.000338849268573,-1.3213957047778644,-0.9149226772916523,-1.2349771637021163,0.5069957440509156,-2.5294899803200233,-2.73684720607021,Type4,High,1
6.781859173625147,1.42164641939429,-0.6981338126319032,-1.8699538528883646,-0.08810488022517711,0.027667349713233952,-0.2908677727646214,0.8437672254806304,-1.6043726687816773,1.7883046841061523,2.0563565731897206,-0.43053977589764114,2.638462333248474,-0.5070931973222729,-2.985996206230086,Type1,Medium,1
4.8836863812272755,-1.9114085495988435,1.191718955110876,1.8653258848580592,0.027078038249237976,-4.868529121409391,2.3811263545804455,1.6622132541448298,-4.714096695938247,1.1624090024888911,-1.2574173670761075,-0.39803660573554134,-5.11771843755905,-1.2418740420315806,-3.6967055860001907,Type1,High,0
0.7869742994994079,-0.08162819369861707,-1.5443059317102885,2.2190881493204753,0.20064358687201592,-1.6030201866540252,-2.828397806057093,1.5889611706792417,-0.7884154861360256,-1.792113661164474,-3.9501932643605726,1.7991285085238564,-1.2939087856029703,0.7388013040276448,-3.640958006586949,Type2,Medium,0
-5.246123535283398,0.7287876412960885,-1.914287237293291,0.8323857971573296,-0.7926367439472988,0.029566612906507247,-0.05758854811753311,0.011104626807228346,-0.1487802391496289,-3.9255650963179467,-3.0436394687648543,-1.2741790157830006,-0.21704023916495085,2.3629606131519103,0.56723665499658,Type1,Low,0
-2.848405244023714,3.949622261136682,-0.5770707699884309,1.7687233312244608,-0.46868471165428055,5.7014518716135845,-5.154482255575297,-0.5025963956858972,-0.4002168465893544,-2.586822189780171,-1.1831306668201278,-0.7742036111088738,-1.0756000561500012,3.6482079021384832,2.88498032683762,Type4,Low,1
9.957832716560139,-1.8954255743964077,3.3749950791576895,0.9849050146472653,-1.15088034327613,0.7350521979741046,-2.185654907547307,-0.789422007194809,-4.468427340854479,-1.502182699726335,1.6315078568991535,-0.20201671864169957,-3.447691840688113,6.936572852442893,-4.198947924438798,Type3,High,0
0.9371620904410365,-1.5883465085677129,0.23508237481581307,-2.131573355269591,1.3610455976599232,1.2440002655281952,2.0853048400370273,1.309909583177293,-2.2524079173519347,-1.4119602721217208,0.28250312225688456,-0.5078870743602614,-0.7201443071756599,2.151300804053415,0.902196369530535,Type1,High,2
2.4118749642846717,-2.7970774861133245,1.4717300520110004,1.9255358201897468,-0.16195879131002258,-2.6292787392707746,2.004620042347101,0.883453734386172,-1.5235040527083228,1.9724972538507473,0.991059481611972,0.29352587261165525,-3.6724885420868167,-2.370535485332378,-0.5089041822290541,Type4,Low,0
0.10491597075658332,-2.3181635463351054,2.806398918304514,2.8708684765558328,0.5602598613329849,-2.134933980798665,-0.16411970606607307,0.40131474441938564,0.23552210504164162,-1.6429990166373982,-1.2134546884154664,0.9298770958468389,-1.6339928412197602,-1.0579744108868323,0.07993361266687837,Type4,Low,1
-2.6749534713318304,-1.807220502564629,-2.965378022817819,0.9219582811687299,0.7224091679624486,-0.8393333046894526,0.6740392710966927,-0.4234218942806218,2.4365543450170772,-4.482983986539944,-0.12340988184458046,-0.6933300023137564,2.5862398545078396,3.095014587442907,-1.944056751235785,Type4,Low,0
-3.5554487268643125,-5.363958810451717,1.241346094432477,1.2171863052862484,0.7854446300551747,-1.7482855497383096,3.2789691871189914,-0.3623642817532371,2.7213985411405304,0.23703690726684035,1.226360118747397,-1.118181142212857,-2.686769756725613,-1.0780299978835404,1.7824577849187386,Type3,High,1
5.692507402309689,-3.6030321151768105,3.528826141631444,0.305483584634231,0.3108307240138969,4.002311774989063,-1.3794233621138483,0.4754991638396572,-2.093197303563268,0.3625581605014523,3.2801125619651232,-0.721082716712601,-3.5098618921101687,3.4634817241244407,1.7872153351302265,Type2,Low,1
-3.395105137785972,0.5943953576085937,-2.4882991083356374,-2.186022155633305,-1.1326309113099182,1.266458559841457,-0.43200969833310565,-0.5554836061047188,2.4741560367873907,-0.14304207298989624,-0.5302938020196635,-1.9893558670589484,3.5452074289638946,0.3674392406428127,0.6967881734602777,Type2,High,2
-3.8410689750512548,1.0149517101326415,-0.14605634678865864,-3.3065462626355124,-0.6504891945824361,3.723024896174941,2.6706204583515607,-1.5938074432089286,-1.217580116048975,0.568032284779993,1.9730832185639624,0.024562933096071212,-1.5734605323534767,3.081158781886314,4.455726142992468,Type2,Medium,2
3.241357754766262,-1.6204789842921499,-0.44227510222513833,-0.8904871013900895,1.8557982425746533,-1.9803936999353091,1.1852353342520325,-0.54946315120065,-2.6345870085316685,0.7499900202788586,0.41753759268760104,1.2146352740636528,0.7729408990249209,1.139714543479243,-1.670237831389252,Type4,Medium,0
3.4179601239479513,-6.043720069486005,3.5481374734261735,2.8050619078131134,-0.5269812683238403,-2.7604110585808455,-0.0029546665379169834,0.010954285408902198,-1.586162523966251,-3.667394924315009,-0.9214758884866333,0.7856842495727304,-1.5953218912047493,2.964845596426046,-1.482032363888543,Type4,High,2
2.4641083143057374,-4.280943328337274,1.160005124983138,1.6345654201267328,1.5982875604840379,-2.442323779275288,4.331403314332958,0.6750544147630879,0.6594797075116412,-1.3877319184443289,4.5685986322527645,0.25284825123092497,2.450824173760446,-2.5403435260331246,0.9566277449974788,Type4,Low,0
2.399040768565098,-1.7705600778716146,0.595478350423156,0.011243624838092936,-1.1480985340734973,0.13338401404729242,1.0267558315343546,4.610075418091762,-2.3111206501189767,-3.5090475624224418,-1.9776635332932162,-1.0245866931454852,-1.4016097219491168,-0.20155268062337875,-0.7903367978807507,Type4,High,2
3.2507069752504174,3.917186178915407,-0.5842266241605429,1.7644537732008825,0.8357707238441429,4.06532149116623,-1.7750065942705606,3.169066839417074,-1.7910683174151683,-3.89324916566303,1.2746963326457856,0.9973160811838668,-0.827191037960606,1.349989874699583,-0.3972960092870663,Type3,Medium,1
8.42840094039345,-0.5023328229953792,0.33945036140303064,1.4938906543655028,-0.06300255095660524,0.5329318411539177,-3.5249927441944497,0.23322739249487623,-2.530863551052381,3.1777925361017845,2.4428383161623994,-1.3660079161702607,1.1629164478305563,-0.9297884830348345,-1.5629692474245336,Type2,Medium,1
1.901854826871685,0.5126727528330588,0.6259279190264764,0.33735799430641045,1.1048182329599532,-3.9414161727789137,3.2165656556684468,1.89126687476099,-3.5163402674751807,-0.3252496971272243,-1.724703829942174,1.4403559451573686,-2.4814729556837687,-2.004006286143333,-2.2376052810322005,Type2,Low,0
-4.157538124936987,0.5952356908601448,-0.04122474083452432,-1.3710286423242777,0.9310865203268435,4.188457655716794,2.1735887064966413,3.06427379647422,2.943634920185251,1.10926521608391,2.1161217806484744,1.5649576350286756,-1.4890357428789125,-4.174294907638219,5.023091972421845,Type4,High,2
0.05915928037629822,-0.3004050215946493,-2.0561458764692873,-1.1860919976660016,1.063900273329526,1.9583627208279977,-0.03829109178466372,2.6260520445803524,-1.7372702582833925,-0.7023849544854177,-1.430621770840686,-0.125315891445358,-2.30373674625573,1.5017740001515103,-0.4546504517782579,Type2,Low,0
7.464028363967186,0.932092312491495,3.209985659038354,0.3098201430749885,0.18216095444462005,-0.5579107896127864,-1.5859626182712754,-1.4921758725999803,-2.646507532343761,-0.059450657085972525,1.1906686043617412,3.6874668014983003,-1.040978272631654,3.36643815104622,-3.571535339427779,Type4,Low,0
1.3658808063867838,0.30761968427534914,3.226605987008697,0.28100733110812715,0.7925417862603313,-0.07510471060572194,0.9925519773435149,6.155680644677771,0.21797672592836048,-3.540359472126958,-2.457120509967358,0.849340904059049,0.5960992767728601,-5.600806425144191,1.0403900420457102,Type2,Low,2
-8.763331459868825,-0.4052728490370122,0.6809547192340655,3.0544857197220603,-0.6993293103686408,-2.9355314461621695,0.4481079811522837,-2.8414522336712853,1.570178072408818,-1.5143600040771967,-3.5874072573263933,1.2407319772736758,-2.847363373987727,0.23293320168754747,1.9521989641756778,Type2,Medium,0
1.6701939795702643,-0.8613082060326704,-0.3959934115471516,1.3929599331271607,2.222831914851334,-0.16321938297552338,-2.4315168001233203,2.229481032687112,-3.4180615918927852,-0.5269794521867881,-3.010444445414559,-0.045888150742652664,-0.14305659215377353,-0.9965410644600297,0.5568875773199693,Type3,Medium,0
1.7496622402153799,1.229326017874433,-1.205038841677176,-0.6056816035815948,0.5766803472442661,5.261812380022787,-3.195862161782413,0.7527062892640082,0.01145887689401004,0.4740412054204983,2.516943313901226,-0.3894901037506373,3.509227492024592,0.024484079884554946,3.2247570954013316,Type1,Medium,1
7.346111386941783,-1.2837933057972122,-0.7919837280090909,0.14058370177044444,-0.5919475625676713,-1.2416745052517257,-0.6533290584192257,2.683311467626671,-0.10575029795737645,3.1410769640095464,2.2780201671122704,0.7971783484083358,2.901746676752299,-4.788684348707856,-2.5456705033121603,Type2,High,1
2.6473970753783944,-5.655161893428681,1.3745849128089385,0.6113477556290821,1.4580753950410612,-3.7462788781231007,0.7637654474374959,1.4468191577227438,-0.0015231451504092997,-0.6088615880720691,-1.3452175964946331,-0.49156005615057613,1.7904424202568903,-1.9314385089364197,-1.343214244909806,Type1,Low,2
-10.06528080253313,1.936162239476262,-0.8060502253165185,-3.8211617835189142,0.2019661426173398,-1.9284535110542462,5.422234822837823,-1.8949601176831425,3.599839775857461,-1.372507798017609,-1.8247709291709744,-1.288400133542527,1.9538352805308008,-0.7692954898024733,2.0220832274798166,Type2,High,2
-9.079673208864394,-0.9188183881709651,-0.4330961555741183,-0.47068589056824706,1.7010124105367244,-3.3118625736101133,2.7759251998913212,-1.6815287109136876,-0.6502681313504282,2.71293371570198,-3.4914839465527527,1.5817637029614795,-0.07975611219061784,-4.411966734457354,5.407646188727083,Type1,High,2
-0.7088647504014134,0.3373214752013406,-2.8605019209834426,-2.4572584947191394,-1.0310823188108482,1.9874871640020628,-1.3818926557961682,1.4276058711079744,-2.1490898057241767,3.029982490853987,-1.5634436925742738,-1.5676090120517445,1.5056469519845739,-1.665800157074586,2.3404218669491206,Type1,Medium,1
0.22322896813568943,-1.1071678696828995,-0.8766789964756541,-2.1914761252216657,1.410461826357984,0.012492754533375587,0.12254542698835891,1.2554286389869111,-0.8840147786753926,0.4332314401388415,-1.8678866483556726,-0.10632092381281848,0.40688161187236527,0.23092462073106035,-0.48729038062293295,Type1,Medium,2
-1.2670703616354435,-3.06784863758302,-1.239122447936974,1.551900131251965,2.3682190292639884,-0.9066197165099754,0.436089512407709,1.4648111770061152,-0.106708898892387,1.8473989288390062,-0.7853543559709499,0.8226882962396292,-3.691816913534622,-1.7314852779204601,0.23721132030061487,Type4,High,0
0.5538179454320683,-1.9894382306772997,2.657944777403247,0.288667296710865,0.9320288940468883,-3.1547846498301113,-0.2835349555037985,1.1551431686336948,-0.19752959200661335,-0.9489728750100176,-3.7445567423422155,0.12675704373906307,0.11261722513124317,-1.838740599613801,-1.102440015493455,Type4,High,2
4.873070081190046,-1.0286352679323016,-1.2622325666350789,3.337398821567033,-0.4069634474011361,-2.7980274225919013,-2.0495233760014884,3.1340083153007563,-0.31878011637448334,-0.2581219013330669,-0.8252067493828248,1.1056749878972751,2.1624476411527436,-4.347568660391947,-3.2734552326197224,Type1,High,1
2.920587359652671,-1.8362206416794864,1.4663468084801639,-1.672595950451032,0.1420031052364933,-0.6327512494228811,0.6258898667696584,2.220301156481982,-3.405067685218221,0.40590002890280297,-1.828714943496501,1.1674611897113703,-0.1869787823333775,-1.0170726393023997,0.5297484067135401,Type3,Medium,0
11.014648612420697,2.4044806388283617,-0.8686580010518237,-1.532906075790644,-0.205023466771399,-5.011018532277701,0.7305808558840303,2.3797851382879527,-4.495537318504322,2.3174436695008653,-0.15717388050644798,0.11967904986594737,3.9076077682568244,-3.699657152348647,-7.052828951546708,Type1,Low,1
-0.5351045512043993,-1.6191053214264595,3.8485637953816045,1.8218486697791594,-0.6783237193907298,-8.020889100117692,3.672198163333059,-3.677628847267185,-2.4145001304521223,3.2450645288806896,-0.24925944105212017,-0.9189933135562479,1.8230072236309178,-5.588165300572968,2.036000519881658,Type4,Low,2
-8.635199957048071,2.552557709014084,-1.3166253084547843,0.41110440648104407,0.20656661250494676,-2.5954470706354797,0.41158241084236236,0.5200467426818249,5.24380115770545,1.329131343085875,-3.8886917995752928,-0.10634061805684115,1.0945704549615156,-6.692279205529975,0.9893080093909872,Type3,High,0
-2.165106395209603,-2.5080556018517615,3.755116991103368,2.053457830336391,1.9134715587063238,-6.212855872212411,-0.706597207746593,-0.08179576629731922,0.5393504381984591,-1.0851691544643804,-5.884420228048707,2.59312101769616,1.8793904329999562,-4.431766042442622,0.0038853589517000575,Type2,High,2
-5.036144468346438,-2.1023060037255776,-5.294121388244681,0.3053860002885549,0.25218865829243337,-4.267668415186947,-0.3646522946435651,-1.7578273233064525,0.46198790700885806,4.389600169476396,-2.9092722003226403,0.19112285975160406,2.674088546129874,-3.449432038242143,0.08131022261753973,Type2,High,2
1.35294188658827,-2.1863752135459293,-1.8784809705260082,-0.47318343652945827,-0.1623489009027853,-0.3240570746678328,1.5650655826678905,2.008375999017304,-4.363964050123595,-2.168899090366699,-1.7134251171578467,-0.730344479721119,-3.1686823915213593,3.638151431750504,-1.6464835080972988,Type2,Medium,2
-3.923416422628422,4.4015635554375585,-2.705727633214262,-5.421683321706866,-1.7801367478958465,8.961017408458323,-2.5355324449949777,-3.0282096328461736,2.358230497220148,-2.114150913192315,1.3082166697388917,-0.8647049285599683,-0.26184296826315134,10.801368950604097,0.4826446371953639,Type4,High,2
-4.231699514856896,-1.4351460192103216,-2.0547223702452992,-1.7351177579639319,-0.6593930500181916,-5.848177545205195,3.313377217439149,-1.0128228482284003,-2.807689095053451,1.6565831678756147,-4.184753302815931,-1.0838198368112544,2.292134664668128,-2.722663621303608,0.6226974298893337,Type3,High,2
2.0054202860982375,-1.5473653929029236,1.4432459065084455,-1.1328679044761605,0.40405114114530627,3.0610932759997156,-0.7481206051748188,0.6700380831264952,-0.21772934504124253,-1.1168311083861606,0.7529176117245429,0.9776866536233111,-2.262981421892734,3.677438996296818,-0.01860389487092684,Type1,Medium,2
0.8819152860094771,-0.45860418525342217,-0.6363914031248405,0.005180518366407538,0.8770861786505075,0.7281545466817898,0.5381500017552141,2.9648154497826607,-2.705126311021392,-0.6266609909446568,-1.1377292206269154,-0.35418689500982214,-1.758284134063951,-0.8372386760406968,0.7369428878261381,Type3,Medium,0
-7.29288630801866,0.49270113552498984,-1.9585491594848754,2.6563726291167433,1.088837765398461,2.1757433977506,-2.3004936644228926,-2.977425021201903,-0.16156913175819232,-0.7308173524530273,-1.1134882673979902,-0.7157048327215019,-1.8693846515443409,2.9267989912346453,4.243084633408726,Type3,Low,1
-4.490428303134518,1.7281534909721488,-6.085732750530258,-1.946636201917387,-0.3266334019375888,2.1690936822139455,-2.0255404607491596,-1.6061015137761634,1.7971934543569592,1.2246954291704633,-0.9529565346468966,1.0194699250294874,2.008654391239133,2.77584915046746,-0.7314139972550378,Type1,Medium,2
-3.41389979860103,-0.681669998533053,-1.8592179336279817,0.4935241653913689,0.4183644931773538,-2.706813121072865,0.3776260154594353,0.3337152252191924,2.0979646230316122,2.730006686824664,-2.087767263361508,0.4528113933050707,-0.736387894105641,-3.827740166123103,-0.7758391765869823,Type2,High,2
5.909934858299095,0.2172165157219459,-0.30226348417209126,0.20689018001491943,1.4059133875296714,-1.0999669098884617,-0.5814286638779887,0.7898131822177243,-0.5076507043806049,2.216331379432815,1.972834544692308,0.20315333060565888,1.43492017241775,-1.9949756449397515,-2.8693978731090173,Type4,Low,1
0.9527286203513389,-1.7093335008580193,0.2591171194569767,0.6612868158172616,0.7361028732976659,-0.5913281673083306,1.5369504266511667,5.396209891913933,-0.22528603983784046,-1.894294066826189,-1.5716767862330476,-1.0962290992534973,-1.016019579867314,-4.104138538358077,-0.05987837910167704,Type4,Medium,2
0.4548211174114357,4.945665898268875,-4.854046589128334,2.303006903571612,0.3390647084520556,0.5492569977930949,-1.9801859915274689,2.4636016534812595,-6.825026330634422,-1.5330421639859781,-2.11085962890019,1.0325174732007807,2.994670797416205,-2.2061967974834356,1.931269387007794,Type2,Low,1
-8.025049512863408,0.6157025255392897,-2.0049892659271045,-2.078896722424674,0.4694588288650424,-1.3428329011245923,2.817435254313465,-0.19587336002251943,3.38622079023238,-0.15973842363430735,-1.9289019887505958,0.11108641769694873,2.741700195226838,-3.0070903158079108,2.2434259010011552,Type4,Medium,2
-1.4168396487179027,0.3495505640711991,-1.557898859040248,3.1029137038792975,1.182272450659539,-1.909781442114196,-1.1651855242108775,1.6307592594908384,-2.0811679723925995,-2.5591869548225024,-3.3570981586225592,0.84555436145622,-0.1544493031075902,-1.1501907765650348,-0.34186749496696733,Type1,High,0
4.7957285412734505,0.30429489650405195,2.509170437366944,-2.2980988968425464,1.0659934359656962,-2.4369314193041287,2.4339042828654756,0.31118051929081114,-0.39194537907933835,1.5567070793537554,0.8908135587563514,-0.2330426630219333,-0.23812626354041,-1.07139735924873,-3.317056521745844,Type2,Medium,1
-4.273406110293413,-0.13135993244328026,0.1607627587286321,-0.8959338219517207,-0.8825602107374185,-1.372984374271479,1.7694771369011442,-0.09960534275820399,-1.058992389033916,0.03199432837008409,-2.481003800853316,0.45082098762308,-0.16135782469171478,-1.4224080596986755,2.4881645396369754,Type1,Low,2
-5.5939197664422675,1.2804653488121107,-0.5324276968669375,-1.77689046129982,0.404184641918113,-1.5177819990577057,3.12464608558247,1.8663293796453893,1.462355441944498,1.3840358486713624,-2.4896544666459146,-0.11021727725560455,-0.8010240614505346,-5.041508185293024,1.7958887144534277,Type1,Low,0
3.3336562489100956,-2.6847337503228985,2.5236856770512155,-0.5038704976506385,0.30775055620623276,-3.4830464331672775,1.2290611974978078,3.0334222569164986,-1.3686713665432335,-2.0066317537080485,-2.9968409902665027,0.8859443236003517,1.1642601330585696,-2.3060294126147345,-1.9987373741003984,Type3,Medium,2
-3.1229138359927253,-2.678111676700572,-1.2223734801067472,1.0493561262782258,1.4575984784712448,-3.699412010889534,-0.14382330862716297,-0.12146483783083695,-2.675340039284153,1.8088604239100095,-4.009898136887927,-0.0055383542133556375,0.9634326937239335,-3.2368413716910265,2.2579433494370855,Type2,Low,1
-4.198270048378442,2.0593814042887817,-1.0527161042039126,0.7192088028610115,1.6432662399096565,2.707251688726001,-2.342283031034787,0.5149113859231347,0.2708090803020775,-2.1928288388612955,-2.523264596654223,0.08251617275026123,-1.1005031677617918,1.561111699705416,1.7635107768984586,Type2,Medium,1
0.4936141619242488,1.3734194068190824,-0.5585421677196667,0.03838226057262695,-1.2896345078352776,-0.64165239876937,-1.2585103367298238,1.2145232038466565,0.44205840708925637,1.2880340359337834,-1.678212460157362,0.1517815684066938,-0.15926891629620932,-2.249661555683645,-1.4601704663532022,Type2,Medium,0
2.212573669845526,-2.733244390195119,0.2248027648192753,3.1604767751607903,-0.5475195874063795,1.164789351978773,-2.886185252551204,0.6548347205331451,2.86973576258419,2.5588754051202036,2.8557581168622974,-0.5966192987962037,0.7636299275548806,-3.5887015377435945,1.2793374696875492,Type1,High,1
-0.011596453406226403,0.9364599720196329,0.05272032715043229,-2.229836194128115,-0.8869320085649508,0.6024486888637898,2.3098218570353852,3.0755470694210953,-2.6111128998316726,-1.503321045235164,-1.7112712959815655,-1.0899028288968664,-1.0833001962075177,-0.518538153067131,0.6226756057156102,Type4,Medium,2
5.414683101762598,-4.169505517026885,4.9912862657393084,3.780704085179658,-0.30991401524691997,-3.43168960453464,-0.23669547851116302,0.23099072520812647,-1.340365194578514,2.5135833346942285,1.384592792068905,0.8469188921878276,-1.8728146348047354,-4.341555690505724,0.5683562282978885,Type1,High,1
-1.6457186058153148,-3.2924775890039246,-1.0879289839216413,1.5968298911605068,0.6636247183212306,-6.885815798491752,3.2397516952725813,-2.017873461190342,-0.7890272629315711,1.92326233912159,-0.2971053639184472,1.476216518029734,2.914348849349153,-3.9861302491298147,0.06921420459539318,Type1,High,2
-1.7795627618363268,0.27698000527947175,-4.177638437330131,1.6117514435391689,-0.5918526868981545,-1.178001641350323,1.2676518961758052,1.8000362024167416,-0.8579562691941052,-2.946105081155687,-0.8320693354598866,0.2410031643257942,0.7086790441158839,0.04776865207180807,-1.3760472596652633,Type1,Low,0
-16.176003149154255,3.6124282543560757,-3.795178285894104,-5.317524092294294,0.7766522431924405,1.0296035020964087,2.7811842538931018,-2.495848004326522,4.630265385826215,0.9249943422717468,-4.762661485047742,0.4809436382755358,0.5081261779103481,-0.05829103142735577,4.268170919410255,Type3,High,2
-0.023130764762258955,2.5253263304213314,0.5976973351819945,-0.15030708112186897,0.45284724708981894,0.3315198435755146,-0.07912849480180384,-1.2239205175639365,-0.886535120437554,0.8574032291108803,0.5570859470812355,0.841476519466711,-0.15310684015279197,-0.017746104135711368,0.6494856490095441,Type1,Medium,2
-13.262986742672172,4.143470682795666,-3.7248258420516813,-2.9030983162089745,-0.9482601586080457,3.597386669535387,-0.6880924689706598,-1.556055196036552,-0.20986338100811985,3.163046664287675,-5.0554591191724505,-0.4926718386386751,-3.7074908525612695,0.2536642697406994,6.266477500580125,Type2,High,2
1.1467983666773294,-3.741044426617327,-0.6462828412457127,-0.7533115509318586,0.3958010052174996,-0.5821050191630088,0.7126697792065223,0.8017706966790485,-1.1431125205554138,-0.16555077488637526,-0.5500242026835835,0.19522565016398208,-0.622887428756653,1.4937104445609262,-0.6750035821127678,Type1,High,2
5.938971043862295,-3.0057293291681906,0.5507042381317043,2.734926882573248,0.8090612209649455,-0.8683739783690454,-0.785217697526475,2.6466326413344876,-1.4255307010104261,0.03124913499712123,1.477014657424075,0.307852774423666,-0.490663211218231,-2.0267224943159965,-1.408804636213961,Type1,Medium,1
-7.283263812857111,-1.1531632096588122,-1.4385750020660886,-1.6336711834497732,0.7079061176601448,-5.461483263158965,3.8301871043194344,-0.3989935501762616,2.4206649563035842,1.284375643397219,-3.0877429833371446,-2.2948626955305667,5.220325019142406,-6.638239766776498,2.2221089931126414,Type1,High,2
-5.318443899585239,0.016492138107159215,-0.8271156053248824,-0.33777468771716324,0.175836516544474,-1.4566631856073993,1.9251423562753862,-1.7847747117906156,0.820410732930344,1.1617777468805837,-0.7309944899029289,0.5642752106490326,-0.293630505144316,-1.013522809365454,1.98393617597147,Type3,Low,2
-5.227289937214527,0.8983783172323903,-0.3483440215049498,-3.1217015617699184,1.3486576375929775,3.132998935668664,2.5426961784994777,0.31795500437425495,-1.7130096297859914,-0.9558255592357462,-0.8065394834573268,1.1277934571837898,-1.8499957818141952,2.03396529131403,4.511624374221958,Type4,Medium,0
-2.857888685266345,1.5272122929280068,-2.2037563230979287,-2.5767065218886183,-1.1505349706993067,3.2266371127209714,0.48621146942795257,3.113662055947114,-4.049343467199669,1.0511262929334175,-3.0698088936036494,0.7681221192147674,-4.1510710400675785,0.22205760638648558,2.8103417928579164,Type4,High,0
-1.9932139626201815,-0.024777894889434826,1.0142644170331685,-0.6220271614640294,-0.5770200529793993,0.5694052548306962,2.368639931449222,3.2183470557628198,0.2735771723874987,-0.7931960473833273,-0.6470989591284493,1.1724249199675205,-1.0084283236583609,-3.6114818907663815,2.5146982799603896,Type2,High,2
0.13814933150626926,-0.265980897593044,-2.570966884778631,0.10242345261002928,-0.9376487423327777,0.8962707013483162,1.243396816875056,3.9255353421192107,-1.7241123094458226,-1.2108259268493282,-0.7156764914793831,-0.9651731048048171,-1.734864723678235,-1.05158692948504,-0.20637033753967926,Type3,High,0
-5.261815454609882,3.6358605735850884,-5.839254707494068,-2.124905428998866,-0.054444090948024576,-0.3243699280958408,2.3011858750214778,0.34432434416819324,0.674799418336427,2.210206763855557,-0.9172031610010444,-0.2980604607142,-0.44136907387779034,-1.4555145594722994,-0.944663280805567,Type1,High,0
-6.340746416901296,0.8855328514989331,-2.7110496215079367,-0.35960990764698764,-2.419756416236269,2.2188400225359226,0.4506455889042563,0.11935596589402164,-1.6560759315737013,-2.988175117991798,-2.4434942288634076,0.31573956357079386,-1.601206430160254,3.37202404887383,2.785635419428701,Type4,Low,0
4.804297171522293,-1.9361458019329278,3.233048763438933,1.486463638091798,0.19759538225999923,0.6107177733078147,-2.386334140011573,-1.070895607969676,-1.8135634466632755,1.6942471647487136,1.5609298884436944,0.504653440534112,-0.6894109383272786,0.4558621157983471,1.0183389245033925,Type1,Low,1
-5.648027132885439,-0.9352482470922756,0.059197469009711234,2.5669614000949275,1.8919557118026367,-3.0752769827599593,4.097746434098839,0.0669165030569473,0.7252709703709059,-3.0946426151147506,-0.1520545257574678,1.4002698155131248,0.35772886124583847,-2.6854112732484663,2.653553576314339,Type3,Low,0
-0.03291861726718882,-4.686622182217077,2.3158278826973637,3.821509668025006,1.160665232068416,-2.794239624175187,-1.7169822278899365,1.8134335686136378,2.6169350377712863,-1.4872988811195431,-2.4227506124125737,0.8003531535701365,-0.6299619040425286,-3.09851873869215,-0.6841956707400954,Type2,High,1
-2.7243985454540525,-0.43877379915246695,1.5788134617534126,1.9377712699877596,0.72661921405323,-0.9597393774632326,0.13453874731962778,0.3278752259827542,1.9357271529603897,-2.5915968072948683,-1.4559734791169,0.6334747327755845,-1.113535562093445,-0.4883624936889511,0.22023197441908549,Type1,Medium,1
0.5150273387281231,2.4995912767474175,-2.306386055634102,-3.2443502574879264,1.3869088340596765,0.27767080377277237,1.2241986239526013,0.2113552849802668,-2.696259266540432,0.1743853899717117,-0.7381521170295804,-0.11845005646544954,1.883900134950005,1.2543728608720324,-0.7721180359496803,Type3,High,0
-4.708025263102967,-1.1806735727924171,-2.9469103849833855,4.436062009157135,-0.09841730370816769,-2.3015283101294384,-2.108284608756834,-0.2750272616360323,-0.13441578671189858,-1.4809503763555196,-3.65325631037318,0.03260698276809068,-1.5198800850556702,-0.12415958519359495,-0.27605469454371545,Type1,High,0
-3.3060641170699783,-0.53268261960448,-1.2437388384517325,-0.8230944374991476,-1.1355900797216238,-2.8847756422848065,0.36830594691117835,0.16624619761134296,1.1773314457428616,2.516635965474563,-2.8894984067364655,-0.001794597683584102,1.7283406286631093,-4.231764883093646,0.3667188787223674,Type1,High,2
-0.36308631110269335,3.1046752252501153,0.4991479756682047,-0.5619329961996672,1.3656067662506852,-3.017262373540395,0.8634818061619355,-0.650176204139647,-0.852771612405218,-0.5737214524178982,-2.199324204126675,1.1621538808555265,1.5080644381785877,-1.1984409846998794,-1.8492759848812972,Type2,Medium,0
6.119796737161432,-2.8191111031480935,-0.32896259819797247,1.8546164394481388,0.12869040231616133,2.39202081212668,-2.2025187678819185,2.8249586447807133,-1.204386388414909,-0.04815721656190752,2.2414749685382658,-0.27222338423095116,-1.3023816868463722,0.4843358698629851,-0.9300460390716756,Type2,Medium,1
-11.19134494663962,4.251950797457139,-1.9445832245015704,-3.385657746023907,0.3050412477836996,1.7922537630196806,0.7646922760395872,-0.2795757085215611,0.7526622341413858,1.7692376781938117,-4.597114032353442,-1.4947471226195939,0.04479007985637695,-2.7982403741213173,5.767411922715892,Type4,Medium,2
1.417023383073334,-0.009465358723037776,-0.10971831608129667,-1.5276742736579,-0.036853087497611015,0.4140673426918039,0.43438313256771466,-1.4195208555527434,0.6705584032969756,-1.2294823724384338,1.7770094026522298,-0.7224312999426785,3.426326259037987,2.279956792054068,-0.7249278619299147,Type4,Low,2
6.963656486162046,-0.6167947724948755,-2.0543198794963144,-1.9893041512129614,-1.3172192749651421,1.7850367305755308,-0.46784875631333656,4.241837868473862,-1.0377239010653037,0.4115193041865155,1.6127953253006162,0.5546500584893489,2.343977917819327,-1.1539275750785816,-2.677206262288116,Type1,High,1
-1.6360851033514296,-1.3886312656387516,-0.3203795541862805,0.8472504861512755,0.2913631159837713,-4.508236162879196,2.0357067163802607,0.4088917900063844,-2.4123708435031386,1.8105441445130057,-1.9921520850270658,-0.07371051413012551,2.014236273080419,-5.430650831490843,2.1196792626288925,Type4,Low,2
0.41472322513082077,-2.495950851858876,-0.5627831588750857,2.9994392974248267,-0.7912414773973764,-8.252698351008018,2.1553487125205857,-1.516921364987334,0.10894674891479283,3.5023746669759896,-0.3545282202822799,-1.0403182977453251,2.2169012015907956,-6.435088121580539,-1.9600154298777754,Type1,High,2
-0.9437886432084079,-4.328197924056109,-0.04786027720205621,4.200474617874331,-0.5038754402029701,-3.940505754704143,2.6689328848873553,0.28955380550337306,-0.533268486361496,0.33881852391139033,1.7188590250749107,-1.9186761655227416,0.45180338751781,-4.640057945096105,2.4283874639711405,Type3,High,0
-2.3188193688220626,-0.4352775301652342,-0.01939154697382639,1.3216012569689433,0.9560099376296091,0.0019162105601470494,0.3015436915787998,0.7670159134572706,-2.3175573239063496,-1.791101354911076,-1.808555018999372,0.7084473049486499,-1.5513401167507466,0.27428727110376117,2.1903061184350126,Type2,Low,0
-2.3193767118172888,-0.06854823393562404,-2.110118692595953,1.4990922390881902,-0.01724628831099586,-4.068163711040601,0.5131876548363626,-0.03802937716535537,1.1365775438167014,2.875275007370842,-1.2866901351083122,-0.04204376796431034,2.023169990647523,-5.788575274182693,-0.21149778098201932,Type3,Low,2
0.7594856630253396,-2.5973298518714403,3.0843493021480564,2.551604246824578,-0.29678443774118357,-6.399510517027924,1.3224370645077475,4.534410092858264,0.9890599898399983,-2.145615509449843,-4.8499601887707495,0.13789015557837458,0.7701942581119657,-7.706818328037941,-2.021011803468859,Type4,Low,1
-0.43226302452770116,1.8073675775409868,-0.6138428613247459,-0.3280776774290487,-0.4188785722938289,-4.00544116210669,3.6802075922292503,-2.7653685777356816,-2.386439425968187,-0.907366454255248,-0.45005828650529867,-0.7799896570121608,-3.0654428874657103,3.8910601148249895,-4.169124923535681,Type4,Medium,0
4.254049891438699,3.4200232669461634,1.111847901592053,0.20167897386348088,1.2250333617792413,-5.731112181715304,-1.2154405996181061,0.649229015204634,-3.2938568757381126,1.0288589663936873,-3.577487179981545,-0.17230071610603706,7.006865044190871,-6.581768103471146,-1.756109645104734,Type2,Medium,1
2.335644902889566,2.6322841435063506,-0.6814044459083,-3.9027238028698017,-1.362248247195733,0.012468568141176598,-1.2134568391279315,2.6240535398235254,-3.5681648090966642,3.28953641480417,-3.4004341406531617,0.11757043848094913,3.5495468930734946,-4.46391508671076,0.9665496687942012,Type4,High,0
2.554062053274953,4.546330493905132,0.9694442299039094,-2.9707555861267876,0.012505015343629005,-0.814633366809403,-0.6317376385683229,-2.2549505251339226,-2.423690191076332,0.5440184977079472,-1.2426731413991445,0.5823060485028645,2.37292982676546,2.1091233314695317,-2.2321216999830598,Type2,High,0
-14.585600403416697,1.611732190249337,-0.7643444913910911,-2.9878554925910428,0.43808328159721177,-1.4460276185952456,3.8629358168060657,-3.0948725732985043,5.077148251905198,1.8767578872771828,-3.4437700852253252,0.24733361283350028,-1.3400262564279033,-2.150164396748027,4.224765826312472,Type3,High,2
-5.968134379633344,3.1350963600645785,-2.9979505501455193,1.977151611611538,0.40692958892884556,3.153663703060096,-2.907445053674863,0.8437952131569321,-3.10418778207318,-1.2846556857217002,-3.7852361703287722,0.9103639516779449,-2.981319793309121,1.1262327725801276,3.8181849957855154,Type3,Low,1
-6.121970117639049,0.700645663351152,1.972037693102036,-1.3760056912696725,-0.004951273461915913,-1.3115175072583793,3.586086160824242,-1.6791524892100198,0.6319353557423446,-0.24016509756300808,-0.5860809310978019,1.871248918330586,1.0701771505054603,-2.1004959457715042,4.473438032248961,Type2,High,2
2.103261668439525,1.7053878589364238,-2.2187097521294823,-1.4443422028674262,0.652581820889264,-1.3068605908687765,1.2699698190763924,0.6088810905070241,-3.2114124189861246,1.0407082340508267,-0.5934909466576654,-1.601268126485565,-0.20264503266554046,0.30433727315877795,-2.3023390283663563,Type1,High,0
-0.16865362116014557,-1.7339234471623053,0.47174342408273673,3.3794016109971396,1.1908581096712736,-10.405253934587876,4.214178103731314,2.4200970408933586,0.7204037941058694,2.9148390648927975,-2.2178811089932964,0.9760105643937562,2.5190076103165686,-12.773122195112547,-1.6840228287070986,Type1,Medium,2
2.459018656105035,0.4182871497844576,2.379953894603407,-1.1464021033836962,-2.2297166148341567,-1.5606690764542916,3.0183469067215207,4.279415118114612,-3.9021156878003955,-4.164282248739202,-2.782863127351381,1.4372505864688878,-0.6285718715681463,-1.0963882262670295,-0.6388224660956818,Type4,Medium,2
-3.070526922253805,1.8379430998209831,-1.7695085477494135,1.214299930031533,-0.08008824343685578,1.493080433427722,-1.914650586234842,0.29277384876268364,0.7430173986926647,-0.4631590865863525,-0.8137426792379594,0.8823664242424935,1.5769929473643156,-1.4079331043939671,2.1366491077276395,Type1,Low,1
0.45040789753416594,2.264631841759365,-3.478638944093989,-2.987602463716449,-0.4100768386159105,4.430411561711229,-2.091259096269761,2.338866231051534,1.9266320684362284,3.1666780934349816,0.9458334628113063,-0.8837440084603321,1.8622304058001502,-2.0092843964452887,0.4190729827428965,Type1,High,0
-3.3663317778957245,-0.8251942816649505,0.13946602375040595,-0.6902154788505483,0.3564902917835151,-0.922244961885724,1.676577050149891,-2.603428180711658,0.338965277901755,0.28097789992999966,0.45146621751849825,-1.3789187098739666,1.1000072114585324,0.8066704802550559,2.077022038032581,Type3,High,2
5.57443707321977,4.2568690700464735,0.4210244542766113,-0.024623912476280374,-0.886508739870779,5.214196682541228,-2.6048734004663805,5.704155478072221,-2.1472490974286043,-3.059234715529849,0.11142064314560018,-1.2034853326206734,-0.620921843475261,-0.48593007302250363,-0.5402520054946216,Type1,Medium,1
0.3946626144080611,1.9796698373444652,-1.595199030887053,1.072606333758587,2.6258583953179975,-0.8394630770771602,-0.6244380522568589,0.3340670029370758,1.6324224243893926,1.1325385175224765,0.6958283732712718,0.18991089943914738,1.445214210707321,-2.753496413392628,-1.4953128702192688,Type3,High,2
-5.700681789637886,-0.5926683238685362,-3.692974041413133,-1.1222238967551101,0.21477271849184867,2.589106213543382,2.30592149174411,-0.15560331433813768,0.12174330636938535,-1.8713264619796206,0.9977077403463412,2.256050870676975,-0.012230802438583988,2.654849809388994,3.105301866371153,Type3,Low,0
-5.615024127387214,2.2241191045268573,-0.4311321041621522,1.1766013429552364,-0.4479754677695841,3.2670908704943518,-3.337717333362267,0.19724513573182123,-0.6128133178124986,-2.116705625027895,-3.7153776462219654,-0.32805067272293886,-1.7593850476730275,1.593835775683635,3.5541318193529894,Type2,Medium,1
4.005409274349284,0.3538853293153126,0.8385445020844111,1.8728357550773955,-1.5986991256485101,-4.102212307492859,-1.716535132641694,-1.5063272993808074,-0.5142795435856515,1.8805576944448905,-0.4981931137224318,-0.2521389491112569,2.133606356222815,-2.1451648444529243,-3.217560559194044,Type4,High,1
-6.227614586142463,-2.23433803865417,0.13541018545530004,0.8615652951629321,-2.6580023855695467,-0.42472859208607305,4.323887002971584,-0.8356420924926713,-0.31902453096614924,0.8042014712335901,1.393640056593902,0.03048480467429116,-3.0485616321853843,-1.585639894486675,5.326865550575914,Type3,High,0
1.564695689834006,-4.796951170760588,-2.0548800858823713,-2.7427267733993936,0.6798896747060805,-0.5935776240981436,4.3846308987147316,0.6437178262206997,-4.165378877388879,0.4218173284467007,1.030188164410637,-0.11523708860063153,-2.7076134776946477,3.8606102828623152,-0.5309413596077734,Type3,High,0
-4.475479479939075,2.1923977481089665,-3.812003431722052,-2.3282334184471147,-1.1523123119218026,0.6717169308557039,0.66112369294603,3.1693002428493773,1.5076344390454972,3.7106502749636783,-2.1618705152524336,1.0223506889964333,0.7332603306863621,-6.3366285160321505,1.7531853670573736,Type2,High,0
-1.20807212634325,3.9033790254418523,-0.9822033910041239,-2.526994279489042,0.8258555796201295,4.714677446442357,-1.4289745656681898,-4.301509238798152,-0.4139349665471481,-0.5203034142290872,2.1751079276880168,-0.016577225495944817,-0.3858657521603237,7.912929453316568,0.36340147875904216,Type4,Medium,2
1.3475714999114377,1.834583135165246,-2.8420564356641966,-2.3418939385842363,1.0459944569590156,6.871880885393891,-3.3926976101372146,-0.4042542543218095,1.8467665509669473,-2.2232314980445658,2.5521212356380114,0.0036073537076300433,2.289825301676035,6.619854325289435,-0.7537917332799664,Type1,Low,2
5.11213986454998,0.23739436779151546,4.668228911640933,1.2289011914355235,-0.5202796602568759,-4.7174932836230825,1.4889379291401967,-1.7713590378519872,1.7239614660927485,0.9959444115937806,2.436562781057342,0.7769954865977537,2.367182777084702,-3.3892756495266854,-2.8651810101300454,Type1,Medium,2
-11.657616455974477,-1.4627874474866163,-3.5455824905410207,-0.14929962904661054,-1.3899991495802584,-7.683906058427653,3.489567123879654,-3.379223918923863,2.528787132910688,5.77292731119736,-4.913213696521492,-0.40780697254720366,-1.1292973227947125,-5.6549375801738995,0.7975570433326876,Type1,Medium,2
-2.379438963329988,-1.3540953340056854,0.39686706134159444,-0.1242943205826812,-1.0776008874647178,1.6707906842194558,1.5925265567737434,1.665757500483025,1.6386679602727146,0.5968050108435343,1.1268975895361395,-0.8185902332490166,-2.0047601749863873,-2.0741779091397308,2.724355315308527,Type2,Low,2
1.576510344946664,2.4456189295560504,2.1316429925190574,3.5082141617042444,1.60904778550253,-1.5876278299029438,-1.4340265759135735,0.5385284239572311,0.4970994250402059,-1.982893510490615,-1.2124680678903064,0.40264641847663174,-2.9678940988911657,-0.4448100309724692,-3.0991398647139277,Type2,Medium,0
-10.316914125006745,3.043652750024643,-3.7772458190456732,-0.0697007122929546,0.18834432636587475,-0.8759162114171595,4.75038782576622,2.0014787984790328,4.3220278417972,0.5521396270822327,-1.4602254004086115,0.9862320735263328,-4.825641168443214,-4.2149696095586275,0.4140637341961295,Type2,Medium,0
1.7672318559264029,-2.449792430632399,1.0872677586855615,1.5441220649007728,-0.37837757472725114,1.2129938970017007,-1.705838412930539,1.8792225736745727,1.5506944242619305,0.010615285038815037,0.8673134932678509,-1.355375884325145,0.6034705716809377,-2.202157680311609,1.1583309181181067,Type2,High,1
-11.433984457632096,1.4403125047036376,-5.087281728597777,-1.253569531803002,-1.7510685855622767,-0.4334813896498014,-0.5854205651063771,1.2437122501534499,2.9785880095923316,4.088913707222402,-6.018828398714518,0.08252414132912494,-1.805436166371483,-5.241740848245764,2.5177032354470654,Type2,High,2
-0.9577701850277076,-1.595113657915352,2.568541768543215,1.3502081881077577,0.29891460852855267,-1.4345605041561431,1.568872966300726,3.173948224538962,0.8616848014574368,-1.5146407267943203,-1.5490369345159882,1.2865531209198295,-1.343593659580368,-4.273743232244292,1.2964066938842902,Type4,Low,2
5.350518705379424,-0.8998492174749049,0.15410329491333785,3.8103699739414907,-2.50280747593477,-0.48460994725847906,-3.358290876312963,-1.5392489535622675,-1.5059343045600238,2.5639684602277586,2.953474924143171,-0.08943949036055167,1.515646431961962,-1.3010456585360124,-0.01696287028706167,Type3,High,1
-0.34535414739924564,-1.8241572248416555,-0.3745496439550441,3.5131990343717847,-0.8200745383419062,-3.399545640724795,0.3634025779693705,1.8894955705036978,-2.068950512506789,2.162014349782243,-1.9585022535534389,0.7446155823530636,-3.4876937389909286,-4.789811806667828,0.30734994525769144,Type1,Medium,0
-8.0036036067109,-0.47100000556776545,-1.942919723124601,-3.501052127114909,1.4281692662332854,0.1477643511972774,3.024341687074238,-2.4587627806091437,3.2271985017552733,-1.3862389416472163,-0.6955542761914748,0.1502164142534984,2.5561394587552404,2.341648203449473,1.9655312840461892,Type3,Low,2
4.261221978769012,-0.7849513516001119,-0.030534168526046512,0.25566215048496677,0.2885704752219924,-1.4687504776752462,1.3150714837737842,0.5268382053052907,1.4786163145198359,-2.048377178238484,2.6421851182014993,-0.48880533660708564,3.0845796059742643,0.20091409326204274,-3.4083569127153144,Type2,Medium,2
-3.0582411625385046,-1.1146088684582638,-0.09447644540452271,-0.0001448553135661168,0.10511197712037275,0.25664827170162724,2.9046852946325292,1.0517156775704162,-0.11497813180355554,-2.784149148260716,0.4213212084782647,0.4684457328788059,0.4254708060717758,-0.2558686985432834,2.6667416099875916,Type4,Medium,0
5.8610771334863605,0.6655370860985479,1.768226522081439,1.8134305373957984,-1.0766083537430295,-5.676343929508556,-0.7795448459131544,-2.3063309035565998,-1.6430523096153111,2.3217340431080995,-0.31927164022612375,-0.22648822002917873,0.570938407229648,-1.175141250404965,-5.183733777058977,Type1,High,1
-2.6636458804446903,2.5730651549561463,-1.1591804368094332,-3.5647995114932476,-0.23810624249066514,-1.7025543146706068,2.4169740630992704,3.6918755281079494,-1.3039777563643669,4.052458579117175,-3.8753857929573203,-0.7335337446468693,0.13882242795691835,-7.685605060889721,1.524276889383656,Type3,High,0
-5.798845761993639,1.4749093314685195,-3.559581709400729,-3.3912625467577464,0.3316711008585959,0.5790453818691952,4.060854340256892,-1.2379281752278781,1.5079797061195586,1.0712633053144234,0.6161819533272659,0.8825908260792253,-1.9999573493028524,2.085363709670023,-0.21516037780142727,Type3,High,0
2.06452919092012,-2.766040195190942,-1.6252154965438932,-3.527221074540723,0.8498565017378237,3.6213904979471767,0.7442917056597673,1.3951641963614088,-0.7152816835581631,2.2992122720710606,2.085433469408959,-0.7779691636196633,-1.4946548282399585,2.2678551472657267,0.6261927899175657,Type4,Low,0
-2.9356559785096983,0.4654751792380689,3.2622868168097874,-2.6211578265113227,0.20118536939744028,-3.05751585648461,-0.40726666719957216,-3.000438719354557,-0.4964296053773829,0.7103159511711827,-4.580996823775012,0.13081827325510498,2.932438864550011,-0.35165674883636616,1.2914253620007257,Type2,Medium,2
-5.4087944277032225,1.5878906315324666,-4.373418409064862,0.7352025985521401,-1.308056963400935,1.232444179356625,0.5318044445317232,2.7171158097931314,-2.613505362818988,-2.7394113575032994,-2.950779007730564,0.37954230135216616,-0.000782541435368711,-0.7347754145578949,2.867624646263088,Type4,Medium,0
3.5192462855924145,3.2211748280859505,-1.414950848646479,1.581878598711962,1.3119365767016014,1.4250481789126315,-2.0979439064103653,3.1622365280402414,-1.6638325805143581,-0.763960452111335,0.18413549144594432,-0.9905643493123883,1.4958874369020472,-2.7069541925376472,-0.5930437039372844,Type4,High,1
-3.0836914418518973,-0.6270583408721536,-2.3018097899244276,2.495112850471993,-0.6867030049898435,-1.2017037636280299,-0.45840666362390436,2.821989849408369,-1.4815032124079084,-0.48971054155792215,-3.1931534538583084,-0.30794405632504207,-0.893173185124621,-3.692067161527414,1.6305699340129811,Type1,Low,0
-1.8466897094988248,2.17266913144518,-2.1121220384586676,0.7164194107406023,0.8712843018855585,-1.3204356679152636,-0.5808197167680911,1.7173737497632715,1.126791421375816,1.023575144881217,-2.2916005123109855,0.2602565636236518,-0.41352073926928623,-3.508075504816619,-1.540649031022126,Type2,Medium,0
-5.96612220977832,-1.5885746617469076,0.993754601836609,6.413847299075711,0.4521707472913795,-6.803342850588913,0.9778266474489075,-2.845275969830432,-1.2586148764638478,-1.961221979500437,-2.5720917505593657,-1.4956041779407176,1.7880413536578277,-4.080614679366477,3.361938980565587,Type3,High,0
-7.657569714676766,0.5264285085108087,-2.5266978616712974,-1.6164682668767716,-0.20813108254450416,0.7690417980328073,0.6338641823157669,-4.610058608947249,0.8772987498332181,1.8945471369785216,-0.5736194452927612,-0.24763775482431943,-1.4109415907206895,3.794862119813665,2.257552805687482,Type4,High,2
-2.9158243747793966,2.205386992314993,-5.456853064288264,2.0695232947609066,-1.1688719805411683,-1.1946398196900134,2.2151873882073008,3.4830660688094697,-4.323189622590248,0.36534796461283525,-1.3776853217211114,-0.06267376250895734,-1.3233203106087474,-4.471653395641012,1.6906293318746062,Type3,Medium,1
-3.596211891151994,-0.14350297627858555,0.2980303046866781,-0.008566704742614895,0.46284257906977055,-1.989567564663694,1.6434143727214514,-0.40259461697108334,2.021652783940836,0.9395578430999022,-0.6859836134046768,0.9317772655251275,0.8000279493540537,-3.27177414459087,1.2593060193057164,Type3,Medium,2
2.3825391668966422,-4.751516737049421,2.1071937411152812,4.013903438711953,-0.944928697312802,1.561713705769475,-3.388588363824778,1.5211379467952257,2.2121897360972085,1.181270445546751,1.4450549942454731,-0.45999075209164175,-2.481561984661494,-1.9979633929552503,1.388733390154108,Type2,High,1
-2.9514773955420917,3.5602549762977898,-3.4823050347639266,3.944809559772199,-0.6873224252574562,1.5878990040036634,-1.2689866847265274,1.870415926692896,-3.6788294180274552,-2.8173260843901358,-1.4459568534148641,1.9914689398824705,-2.020104073050134,-0.1487442510467739,2.0819932182455285,Type3,Medium,1
-4.943426874200895,1.177885725777628,-0.09105983641168414,-1.5976501932428575,-0.3580345427567648,1.1805076364110674,2.910292103253796,1.2992001447373203,-0.5420870841994918,0.11867432174942971,-0.7968838737226809,-1.0936480333605114,-1.7686095800624049,-1.9229922227385903,3.8751439722424013,Type1,Medium,2
-3.935671459506986,1.379899468602338,-3.155513965480118,-0.3241599153869279,0.6146474157096987,-3.111779584448057,2.78670574175717,3.7132350158174994,0.4044097976914709,2.1345585221607113,-3.113725734406001,0.46736527148514,-0.8854735823114259,-7.194426168791837,-0.3637905032953067,Type2,Medium,0
-9.40738200206122,2.0453145596240434,-2.5801688780687515,-1.7287316688002479,-2.29468788163448,1.9746752344827443,3.0553373153858643,-1.6494662536870197,0.9607557189186777,-3.534808788772141,-1.182680034002464,-0.702458532323886,-2.11651747685772,4.754805242060076,2.2636363543089795,Type1,Medium,0
0.2469861650795553,-1.12954167081064,-2.9827679419950988,-2.190481505413923,0.2312763357615428,-0.2410590888506839,0.22944517509764073,-0.0740617427957404,-1.5028818877707502,2.6858305744011863,-0.8307973664213764,2.468584893662669,-0.6083502832745096,1.135025903831616,-1.2899044431714293,Type1,Medium,0
2.3143320668110015,-5.437567520447501,4.204653553161458,-0.3408491658725159,-1.1066820248250582,-0.5420637209234047,3.1092469427371343,1.447313828109704,1.4693512657776746,-0.7097528075910526,1.7113175936675962,-1.181494255571218,-4.170338525629478,0.6535856819653703,-0.5312917442436229,Type4,High,1
3.060128981741293,-1.1003674481232848,1.2329653461680339,0.7571178937071875,0.7353755549544853,-0.6100075401462141,-0.13273053374367905,0.45211283371042366,-0.9213441080780947,0.33574406430702464,1.1415234655078283,1.2485874792165037,1.2107062770033572,-1.3970516915311297,0.2943791056279468,Type3,High,1
-8.8332031327271,0.5046557510551304,-2.487072199428852,-1.2125939840865396,-0.3508639727654561,-0.859165317905577,1.2997687100118378,-1.1829865081333464,2.7740085655028146,2.619406666241981,-3.210078688752909,0.4326480346289848,-4.040356935192202,-0.6142956295160505,0.5788930910999587,Type3,Low,2
-4.225069722420398,-0.08621468948721356,0.9716917665791325,0.7346410646401271,-0.36071371952951303,-5.156621996276898,3.8577940228892427,0.8314830173457401,3.4120916266216255,1.0362091225378223,-1.3788152997325147,-0.2945293034155334,0.40706726541204263,-7.043442048374959,-0.12431722056813022,Type2,High,2
-2.6800359541336003,-1.5609802910256865,-0.20932201957696162,0.08127808835052508,1.834718224496187,-2.1432165340715783,1.5873284074562166,2.6691050076333775,1.0598211530423698,0.748424467526966,-2.321730185616671,-0.8333923779421146,0.0720364371479767,-5.250242564828894,1.144848718527216,Type4,Medium,2
0.2544541662068319,-3.091413219769043,-0.1667687897397424,1.4091380373885711,1.8566360566350362,-1.5195581188180927,4.148915943206973,3.242248882684268,-0.9137938134411102,2.4732383988896425,1.6564900553046016,1.017126792105105,-5.272729624214299,-4.535389808844872,0.951479864014708,Type1,Medium,0
7.9011501106983255,1.3722699597849815,0.6284264501216252,-2.9838379832106363,-1.8526603239723536,-4.278798009100713,4.378129708473033,3.4282401882485067,-3.649341972436315,-0.012233655764577911,-0.13172849223641148,0.8215501731802358,1.1456624213348963,-2.5261862478601316,-5.664430373670627,Type3,Low,1
0.5924704781426348,-1.1474016806652472,-0.6271388135034313,0.8329119036332644,-0.7450122020091959,-1.1158705679919931,1.9875035538133856,1.2550214044481127,0.17875111647070785,-1.2883809553473111,0.47797159739320105,-0.3638946006086468,-2.56888887884035,0.6702874117107174,-2.2730079730948254,Type2,Medium,0
1.936974056452353,4.565453724194743,-1.074346238672818,3.2153180231202323,0.6150446019760258,2.0871763952470617,-1.0582707875217054,2.688226415374536,-1.421439724810533,-4.019338441501123,0.6821090212702565,0.5715565710387613,-2.2143898781966644,0.7922327712262724,-1.7316546463469153,Type4,Low,1
-0.8179415661622664,2.632367716526452,-0.5063603503744285,-0.03373987037747861,0.5719853618714938,-2.549336054626951,1.1413310450557095,-0.45818327548587856,-1.0742012064217272,0.6843151456047933,-1.8062131152760443,-2.436790291731916,-1.858173048615062,-0.5469032407474876,-2.3420007154657867,Type2,High,0
3.6943994710672885,2.7089353008088697,0.5175437523440625,3.78659794698471,0.3768538849158118,3.851518441327516,-2.884290322772678,3.343539363022166,-0.28499126345824966,-0.7156454520450428,2.359252182386877,0.7529450525303037,-2.552916552008619,-2.1882401186953424,0.6874505076388748,Type2,Low,1
0.010907865987816411,-1.6906904914161651,-0.27477017483451127,2.3761476390542935,-0.3227058998684365,-2.5645904957862573,0.35584026368417754,1.2880668673025513,-0.7127314137697199,0.33608063232459773,-1.4745361085013993,-0.09417253955545139,-2.503999962310067,-2.0151323094260505,-1.1335327732340703,Type1,High,0
-2.2248874817103435,1.0804395949456067,-1.3970376206851105,-3.555095575903368,-0.23023512493250767,3.59858231622141,0.6617877309332081,1.049704823334865,-0.4033151856630791,0.6877049125072736,0.018284551420390205,1.2989303257321374,0.5329307134733037,0.5620795327551765,2.8249269513848847,Type3,High,2
-4.31752803136924,0.2854817469495028,-2.7022794582041256,-0.9937564353293089,-0.9001463811938956,1.8488149591889462,1.4100799906178323,0.35978195006839997,-0.8551247350036719,-4.953318803576874,-0.5072829979213799,0.19624237893849572,3.5397000558867813,2.8220872206999355,2.7400303033654048,Type3,Medium,0
-8.55673728297507,1.1848663485965825,-2.161700217243414,-0.8551102998200392,0.658827244793202,-2.7133545796470586,0.7830766032786343,1.0141536209717192,3.6292899570472152,3.2808327193232527,-4.35600390860106,0.22253584113948924,1.8323849266739352,-7.942758924195036,2.478599510660404,Type3,High,2
0.6265862414994737,4.797459009870225,-0.3035201029247011,0.3256983281918565,-2.1278881946769914,5.743656926652331,-3.623314365512246,1.8972368711998764,0.9404882403178578,-4.261083259475305,-0.12064372629213527,0.37131491715382703,-0.5939771650786387,3.513265959658669,-0.6140785978435332,Type4,High,1
-3.4154653463654783,0.11700662690287278,-2.1170892178587373,-1.5770854607948617,-1.0340649961411605,-1.4398203478618894,1.2111729604878516,-2.284835643298211,0.6556548198540868,1.01317554416492,-0.8590994246966446,1.739279442772578,0.6019085150360494,1.478642901186875,-0.6996201586629305,Type1,Medium,2
3.3466054509941143,-0.671656928722829,0.2368183635246638,0.43043233832205174,-0.9237022554878763,-1.5387095500381018,-2.0144107988155113,0.3535954741234063,-0.006742727648502589,0.22598321085409234,-0.9252853964190451,-0.5682055742081584,2.7699053067273356,-1.0930017926592268,-2.080263001623889,Type3,Medium,1
-4.430678426447481,2.728330801140724,-0.3176759509280973,-2.329175955422543,0.431261371140035,5.5998264714484645,2.533561432863562,1.0183464292487103,-1.2771703387869873,-0.941604386673124,1.6089471354333105,-1.2822119030289674,-3.8500480971763795,2.1467603893972913,4.9732312742824245,Type2,Medium,2
-8.59934754317724,3.0729145256886743,-2.575281638349762,0.09084592982344653,-1.065168065731695,-1.9687132546690365,3.5263464504168636,1.6433009674995294,2.0307863995564093,-1.3563310073113666,-3.182819559536592,-2.473445893668184,-1.9062285265969057,-3.5089900534802045,0.5647827778907348,Type3,Low,0
-5.278747121767588,2.489294699619238,2.4134890082767795,-3.229017791340532,0.34374928497275403,3.458011688961446,0.9449577479355739,-2.505132577216425,0.29050254730661473,0.4409412245329909,0.13940751409392638,-0.0432226736887327,-0.39221765014820154,1.7833627479079872,5.411567854388464,Type1,Medium,2
-1.1856311325435027,-1.0816108103154374,-0.6441957055891696,0.8553009988259481,-0.9068253301019217,-6.301308632042522,2.658650825676796,0.9881042522795127,3.0726415613336395,1.5088467831035204,-1.2943706412961928,-0.13973688217377114,2.8173085533948568,-6.9981925773354705,-2.5235604221005934,Type3,Medium,2
-0.9015684705404544,3.425620657460804,-0.008941037141380503,-2.783284795884856,0.5232154919327876,-1.9883581727130009,-0.2534934775585054,0.704630782543481,-1.4526503860515223,3.500959251839542,-3.711027503022506,0.4390643258527338,2.449373216175705,-5.085809480488859,0.5772760093919651,Type3,Low,0
1.1198734867467803,0.6610886140127483,0.5610516279770814,0.5901654104405278,-0.49195959547484264,-2.2128895086748472,0.45159661655393724,0.22795263704324153,-0.38022479222054517,1.2454948769599672,-0.8537436092250503,0.171124625063127,-1.725122892748531,-1.5161585496551988,-2.049339874958107,Type4,High,0
-7.372557091341836,2.28026565287322,-4.725598371383128,2.5302920038556684,-0.3361367392494147,0.2791780253427265,-1.080624614226065,-2.1397233481966107,-3.542318248767255,0.0020936822458956783,-2.608265889969843,0.48267840809593554,-2.0497168570601705,1.7706124080254728,3.2867929350177065,Type2,Medium,1
10.114745665693262,-1.5065181557883052,1.4353032848313094,2.6865406384943737,-0.13906514848428447,0.34325961334278854,-4.1389084385031065,-1.7209859545040662,-4.924997743717479,2.9511583939433956,3.0315441321648118,0.5520252364909931,-0.7227581105841978,2.3675533235340387,-1.7025993625374123,Type4,High,1
7.321444196601021,-2.829445836897782,-0.6069198410549603,-1.173592849342659,0.9006485975134297,1.3064722816937107,3.0757868436661306,5.650548667630071,-3.818011065618313,1.3592452159903967,3.1855561471185165,1.0346983424780327,-1.9352907648865976,-2.7383289678992453,-0.16155757939006787,Type2,Low,0
2.7968596736412983,3.148523720072316,-1.698184172537136,-0.992466348624005,-1.1191618343064476,6.022198226401363,-3.6010906524804893,1.440647533475972,-0.02359601090735497,-1.047046924789874,1.298593205857157,1.2866551405478472,-0.7426259478031414,3.8451031428398155,-1.037567701167084,Type3,High,2
-0.8952434052444145,1.180102558201304,-0.10506353814430547,-0.24696428536759063,1.1992125415975634,1.420246960990921,0.9718470526081104,2.4979138307410267,-4.008336580318247,-4.005214381420879,-1.8222986118266893,-1.2897876866609967,0.4656351045354774,0.681546736897691,2.6967086515076693,Type1,High,0
5.362048461806181,2.800108077681942,0.6883855363321236,-2.731837090933544,1.0589160358952834,0.04973987069293526,-1.9475381265710956,0.6660281599403153,-4.154487933407559,1.7138687007253475,-1.653963354176803,1.3513305471076535,3.132645806527181,-0.7250868077489862,-0.9315335228775649,Type1,Low,0
4.811063374534136,-1.8588759888208504,1.031400499158241,-3.0511443471118556,-2.1104364863810936,-0.02082966448265394,0.6641714280537295,0.4471309949922516,-5.19060976955616,-2.7965836684182053,-1.9201591985611397,-0.46205947077830695,-0.8742674070578126,6.503351552525411,-2.6827965540026177,Type1,Medium,2
4.6140888856486955,-2.8860513287850886,2.200970656851988,-0.32787743814804826,-0.5646851171447034,-0.6492397369787661,-0.23096304854760707,1.882367720603483,-2.55840808060144,-3.230178977559551,-1.7510169171588874,0.7465416529872753,-0.8816385273009661,3.012368530235084,-2.3562761168414386,Type3,Low,2
4.257278054510658,0.11909403753184888,-4.082565193013165,-2.333955549171126,-1.3608158263370282,1.3411429862071993,0.5641854153905945,1.0542572212327403,-3.0152010368396884,3.6776128091330897,1.6942772293508885,-0.2710309293682056,-2.7538720577621048,2.135808268117579,-3.1487685696797527,Type4,Low,0
3.231616044819219,-1.5844378862937778,0.3146676480723356,3.9563180989937137,0.0019788180076371056,0.6854323523095148,-3.860189086054513,0.08491767801597483,-0.7930504918243779,0.9921964583354584,1.5256717931151251,-0.3023552513126442,1.8062272573078566,-2.1409906842150526,1.8231058060479262,Type3,Medium,1
4.924843624105978,-1.29804895795009,-0.8761182321586565,0.43333095690886225,-0.5570564628912819,-1.79257590083557,-0.22624862420818903,3.2790416665828253,-0.24463727999980633,-0.02892116237437259,-0.14344552751859885,-2.8774620334201506,2.249378512615581,-3.224948488004142,-2.9637263731482824,Type2,Medium,1
0.17572265129207237,1.321671194052133,0.24710847440594708,-2.959699799080404,-1.5511200738755966,0.1519956090201619,0.9850635688071444,-1.017813970129139,-0.5203149369159603,1.7619229594181132,-0.019236511328292738,2.391827719642015,0.24752861219813815,0.7253832137972676,-0.3052953571187188,Type4,Low,0
0.9356158739500322,-0.575609271569731,3.106245768382939,1.5264970993222375,1.3953610717832956,-0.7600957730327607,-0.6815001703703313,-0.21185123757220103,-0.2910307248034739,0.5400623267549296,0.31810225617663157,-0.9937906113375456,1.3263395449927922,-3.0797005400236968,2.583175490037773,Type1,Medium,1
-2.9380613530984587,0.416512909679168,-3.2887963526671924,-0.7361390951522404,-0.857257981957913,2.7386865473541024,0.1331883721533067,2.4776266983467994,-2.4368299205744313,0.048510520057802875,-2.0781354101610683,-0.147097984104485,-4.737555139607949,1.6442919144294013,1.033699781958061,Type1,Low,0
-4.452629249220632,-2.498137475265249,0.134746435846529,3.5354049092954156,-0.812158366879187,-5.233898977420185,2.55754214621009,3.3682739308833045,0.4965180315599669,-0.4618774924089052,-3.88351265806058,-1.1613216099874735,-2.1996148319124913,-7.370882546527405,0.9746307915361048,Type3,Medium,2
8.63139731100152,-2.1412582974949865,0.2359300780984891,1.921476425705523,-1.7048435803359037,-2.4658797815198032,0.22504378232498734,4.082482863541282,-3.487586184447394,-0.5222859330800012,0.1852641324313793,0.5578252572498902,-1.4702434187421636,-1.6769015571012929,-4.510713558401962,Type2,Low,1
6.9462138583810935,-1.9523324551521015,-0.6137867538793567,0.2571838808193786,0.13043955865550175,0.998821792041149,0.10011250071402489,3.513679306996349,-1.093157346448983,0.9128062431748208,3.067098733196589,0.32428362482254725,0.7542181555315634,-2.1346962077715137,-1.3631863184339663,Type2,High,1
5.0918651338769365,-4.335292887249246,-0.7787570284940286,-0.634627505291625,0.4388416508920292,-0.04777018283475062,4.152250237679135,4.567235589534217,-0.6454841189482636,3.3381801856861015,4.013350015883412,-0.9856702214002299,-3.6846547042596796,-3.8860283976786496,-0.8691179430540577,Type2,High,0
-1.1779006849200375,-1.4994517129111822,-2.932667288952639,-0.6589198938722496,0.020893607149565625,1.563172242681406,1.5533910381391318,2.473467255939845,-0.3972286350432893,-1.738350493908697,0.6153370220931909,1.6274389692279618,0.9179883315219701,0.08603286866145443,1.1992267177274885,Type4,High,0
6.710196623497908,-0.9048653988092517,-0.23086001354573615,1.1507807549853963,1.404216161675138,1.1246839799437391,-2.8178665915968564,1.0784626073547543,-1.3446124980755667,1.7465900838437731,1.8828196609892451,-1.8380930529192674,-0.0707810947307217,0.08750987334884253,-2.060538843901326,Type1,Low,1
1.5968345541981073,1.5736906172087546,-2.6144650907990448,-0.11516131809568297,1.8199848644790972,0.8454082477902566,1.5221283208512584,2.8732671603749056,0.006548169093935519,2.1053961951585416,2.496475661183638,1.491954941655716,0.2929036941387695,-4.259351718634433,0.043069591647600936,Type3,High,1
3.6429073981261815,-3.277925544876637,1.8691337382951134,0.21093259693792255,-2.4589556197256996,-0.0558160256128171,1.5049295951908932,4.118988811685256,1.2914424887143943,0.4085415532604687,1.4933328632594578,0.20803199688177396,-0.8194921408420202,-4.15366474352745,-0.11252471735160652,Type1,Medium,1
-0.02114562798808393,4.230410835667566,-3.3234499401525817,0.09824521272651465,2.0689303564211263,5.013286108044928,-0.8478998925951486,2.6345429477370295,-0.6380642112186505,-2.819417291886448,1.3190898526811914,0.8530678670993113,-1.399657032864201,2.4033024702184496,-0.2806526768819866,Type3,High,1
-2.318892116053931,-0.4972729968143159,0.7941654129132237,-1.7060149495444574,-0.0027930726620182833,1.870217472271308,0.7413841030911301,0.13856062214814568,0.8187077738880055,0.5565032902597997,0.20946140626503573,-0.1009966414194309,-0.24535816620360418,-0.2716748067307053,2.817879701537107,Type2,Medium,2
-1.4961843187160382,2.0095745806933385,0.48595812449421505,0.09390719814106352,0.059852030594329295,-1.9574240895068866,0.6061428851297861,-0.4134927592601111,-1.3064684861688112,2.2108237885748183,-1.4982690875037485,-1.4913222845284002,-0.3611833744249979,-3.264078863762032,1.0753669186585681,Type2,High,2
2.701982054658208,-1.8115554286367908,2.2173633472357674,-0.16945612370961882,0.826686021107913,0.9411647968038696,0.043140373417396294,2.9714396553704727,-0.7289259152559131,-2.574641737027327,-0.8948232672280322,0.08968659995440867,-1.4426507131129258,0.5966220404388212,-0.5014577188262734,Type4,Medium,2
2.182188328729986,-1.7042722458858393,0.8756110249324804,-0.5303463718823759,0.034675924804770206,1.9520871590162745,-0.5825850688566374,3.5947711087042653,1.0235407240658194,-0.6044920403410903,-0.47366403772895627,0.1577766033466109,-2.4018461284244914,-0.4648903592516087,-0.980716139601733,Type2,Medium,2
-1.1885716482316022,2.400449940114071,-3.934170916915152,4.877112380339899,-1.7014714387112044,2.714314720757212,-0.8530638561108854,1.3644736059926923,-0.046520681031668065,-1.1806680469084385,3.2327144178334875,1.4186510064394808,-2.4747101273696837,-0.5725477455419574,0.9972280317788216,Type2,High,1
2.433538351761408,-4.511192927619457,2.631754067543195,4.384555067140367,1.2392553294634996,0.5123773611868206,-2.4203994135094646,0.8705179338144583,0.20326731178119628,-0.7096207902900695,0.8335936131351506,0.3422751414605762,-2.966995475367172,-0.09124753218936994,1.0549999528210492,Type4,Low,1
4.005155393339549,-4.879028261692771,2.047914876437865,-0.19009139833235122,-0.2463180796032679,-3.9347622638702084,0.2581893863058049,-0.6075950164148622,-2.5818147150605686,-1.4969581901846785,-2.343956428839621,0.4000686813402377,0.12406774757559935,2.9895103350292946,-3.192020750386466,Type2,Medium,2
-0.7976460171563529,-1.3552093855131817,1.3375004001040771,0.4398134180856539,0.6221351865315605,0.46469922045161105,1.0555632139054603,4.378174368235298,2.937239069008097,0.24596558162417792,-0.14233554115313063,-0.29129178663612193,-0.47996001076262484,-6.199185059887355,1.7655321725891453,Type4,Low,2
-0.33265077328848486,1.7439744397958956,-2.7242719954273085,2.388249347369363,-0.5400937062533924,-0.7414931562051151,0.7680902587308409,2.980769711750985,0.1677052108074022,-0.7595659728089889,0.5467411760552257,0.73433746826572,1.1456677198299268,-4.59404834977106,-0.07139078053923309,Type3,Low,1
2.582553983228276,-2.7100069007535854,0.3991148367951266,-0.5501076637762874,1.514480297758265,-0.25609855578836216,1.1300485448911664,2.239117764608369,-2.19967864978557,-1.8685123670439543,-0.8973312229529693,0.948799405364417,-1.8252547983760414,1.7992492395299768,-1.357852449999975,Type2,High,2
-6.795008683312923,2.135004934372976,-4.726475852118034,-3.9914519442964003,-1.0370146967833602,7.647667649499189,-2.235892698756833,0.6860293480143815,4.544604125199408,-1.6319209469146938,-1.0407940733855727,0.34372471388774534,-1.3362373588270158,5.840368202421462,0.5503312393732067,Type4,Medium,2
-3.307503498740001,-1.7352746897421754,-0.27491346477254386,-0.6392978983921819,-0.8396772461761868,-4.623632577210135,3.1054559844448875,-0.13659185552570108,1.0830448386949194,0.56536214798043,-1.5921573001269156,-0.7982622082391274,3.687057335312247,-4.642101092983756,0.9880877031260515,Type1,High,2
-6.14754121457312,-1.0391272779003233,-1.204744540821836,1.0038522055756576,-1.2497790457432416,-2.6249063457107997,-0.4632942409804134,-0.45262008713917856,-1.1323655227552798,0.5537136457124634,-4.459507406974717,-0.33706278287403046,1.9927327342932926,-3.4128828732493925,3.728960793529804,Type2,Medium,1
-5.9564753553578305,3.531437239322817,-2.3217849421244527,1.032562835650631,-0.14302055149435133,1.4287617891620021,-1.5189604740147111,0.7693539176267186,-2.492157976034431,-2.865531676141131,-4.7932056688081275,-0.6211438789894017,-2.5981362369591205,1.9018465070252992,1.6309388658721513,Type4,Medium,1
4.386163757072706,-2.6395751892672368,1.7381938947530902,2.0600161060985807,1.708691538093944,-3.6194218119964723,0.05594794134246528,1.5113212399278304,0.6916477983367362,1.9193574011681842,0.4137452891626604,0.09785615371914815,0.35046695406225936,-4.758788739120075,-2.139107537944958,Type3,Low,1
-0.0945387056256151,-0.36378001849746344,2.9164134477651835,-1.5781396345209853,-0.03902927624950636,-0.09661924640625534,2.1591852507480382,0.43144633993798576,-1.078904582638905,-1.4136420707500408,-0.3739087019717017,0.8539244220286815,-0.2020459430730429,0.13630029954189476,1.641943881674598,Type4,Medium,2
1.681516576727607,-2.8931467424685327,1.2068382918223133,3.129325981206904,-0.6104262486684379,-3.3026038594779945,-0.2671816313185085,1.3606447348235606,-2.1312115494464647,1.483283182689898,-1.3940214373411146,1.205770384043141,-1.3220715140953905,-4.141767519452371,0.5955196008107354,Type2,Low,0
4.742296097379326,-2.2320063457362176,-1.6813092499010829,-0.47808665710583886,1.9988627933509382,-0.09697803699292529,0.8943893910247955,4.463642744320147,-1.293469843353826,1.5427507111596577,0.41769878577045927,0.6112334183053157,-2.0439277673499294,-2.2903374231857883,-2.553867110327468,Type1,Medium,0
-6.003483969057207,1.1750794748553477,-1.0310960497232737,1.4279653099347882,0.03624572732326078,-0.4280574592086262,-0.18918764012141787,-0.6879284999747348,-0.9206206400097471,-3.3531289934158117,-3.418435349737388,0.44946465197448005,-0.5165638146057261,1.5755608021868326,1.8725846678856248,Type3,Medium,0
5.518546680670094,-2.770560604452621,2.8669765722294986,1.0237034418218525,0.25640327315436795,-1.8183720017692395,0.7318489321654955,1.043075896217838,-1.2619150467347657,0.6021778293296118,0.9865693656745698,-0.5272385723163847,-2.7096172726631407,-0.28000840359967266,-2.353491082805064,Type2,Low,1
3.1431798398159287,-2.7689617190571862,5.877647336007034,2.6720820638264113,1.481316515058742,-6.779479314679201,0.2799591624121196,-0.7842995829947246,-1.3848435721564671,-0.12389329424989248,-3.2531538968784526,0.021642961342174444,-1.5480654476676685,-2.4856345048258066,-2.4353101739985012,Type2,Low,1
9.82807431053472,2.1448881477953226,-1.175669946103536,-1.717140808675373,0.19383853715483967,-2.5541971339012384,0.1196215500450617,0.6904409739537166,-3.1853531916034403,2.7910446310769994,1.7313122669103351,0.7224577375295662,2.445327534110595,-0.8165413227136188,-6.232964411705989,Type2,Low,1
4.400102515329197,0.916113234833846,0.701294813189727,0.24716983995171926,-0.7773543746409647,-2.8545578648253738,0.012246794232276148,1.9331443143790263,-3.719635694420553,1.5349187387120247,-2.1033384384023144,-0.45746031923220953,-1.1671079915322793,-2.6387777194125537,-2.4626148243110126,Type2,Low,0
2.333700378629042,-2.629473582198079,1.2400799526458006,4.7220035161820295,-0.7787326492597042,-6.310614938606705,0.2633069759213311,1.1474247824342416,-0.8790089565084792,1.159403049744363,-1.7216246551937275,-0.5763462617337513,-1.5119580428392059,-5.341773735768546,-2.4249951097045703,Type4,Medium,0
-0.04650303801145566,-0.9233646494458608,-2.117080998550161,2.9042287264592,-0.9435133686439552,-1.5203654588634117,-0.5092975549664387,1.9693994306715732,-2.3211046363165337,-1.343848245963343,-1.9425986148492769,2.1938109639419716,-1.5540718244261513,-0.8110413662347659,-0.81434658410828,Type3,Medium,0
0.31976231498340224,2.0114776335252444,-1.1588574419476358,0.12881661755198315,0.8930509851373575,1.6656218619731133,-2.1740886912163204,2.055418784137945,-2.5235616131214345,-2.1384551931154467,-2.5942993948139828,0.022944088013458316,0.6385951115444584,0.627086712001831,0.3778621948773446,Type1,High,1
-0.3781111591657261,1.921339792425739,-1.1686861461222104,0.9721195133763143,-0.9319997775300813,-1.5489510231545365,0.05107206628842742,-0.06068179188589262,-0.3190848406604272,-0.05465949360296696,-1.0685372950135266,-0.46730097688193484,-1.2848345558402139,-0.17412540416908817,-2.268380766663467,Type3,Medium,0
-1.8456732644494127,-1.2339621669391523,-0.3681431726352604,1.7158313630542255,-0.8418218031902239,-2.2682374818056474,3.03317198937328,0.9612570335067645,-0.8033289968187691,0.974427595175013,0.19171278005224068,-0.8599049331774803,-3.533351138515383,-2.6283217612084706,0.6271034918192839,Type1,Low,0
-11.384801353947557,1.5022517423275636,-3.555439562695089,-2.724328876129711,-0.6410085435384932,-1.3049065319616044,1.909113866699447,-1.802133806786056,2.568952917417871,2.2250057278334334,-4.019363272349493,-2.4594747312114733,0.6135347331649879,-2.0493345251804453,2.8389334511028723,Type2,Low,2
-3.1501161322998614,0.15460756146580312,-0.5205038472622632,2.576682361666378,1.3643011694937865,-2.8779730137606157,0.10520821856166229,0.6766600486334848,-2.2481007742989325,0.386829268967285,-3.0100984019081265,0.2757984090810329,-0.12958043510049444,-4.164893867644177,2.347508996826106,Type2,High,1
-4.571325179774594,-0.7727541577926365,-0.5719365663115494,1.153447673552796,-1.5572546726113887,-0.30382567158344576,-2.3319279558265325,-2.7080899971456485,-0.6683861294468947,1.5502534857875232,-2.4746692019517864,0.7065863087564661,-0.33155432698058496,0.6171311872555346,2.8930590191300345,Type4,Medium,1
-1.7828133198448035,2.0165026044381067,-1.6029361602848824,1.9427720448413848,0.3190195180651765,0.30240951842544955,-2.694478931092105,-1.958134087444416,-2.849306860752776,-1.6903939817604867,-2.451508280717591,-0.2986877984162514,-1.4617297044144126,4.113065082642449,-0.3642139533335138,Type3,High,1
-4.718929159175828,0.7578974959877635,-3.2235619915443086,-0.0038221987756574816,0.7927029496542347,-1.2029927730793695,1.0108851571593178,-1.0272249314163746,-0.6354894213155289,0.8351800158232469,-0.7840115865662511,-0.4346297828822762,2.939546197777977,-2.073505601884148,2.6440153034920693,Type4,High,2
-1.2954188847796355,-0.799664222844557,0.8446662900743558,1.0539869624639167,0.339507768372794,1.4413846928718,1.9191790815468908,3.7509956799417985,1.3532695984096423,-2.092548321267275,0.602632489862313,-0.13209497695624803,-2.3670465728264993,-2.567798411354791,1.7037602166810668,Type1,Medium,1
-7.687755902180369,2.7558954769697332,0.04335190127510247,-2.779092531160694,0.7988314342734841,0.5397261809634668,1.7315105937265254,-2.2315045492462,3.1471784171572095,0.8214755502981174,-1.522837327305445,-0.9106161977045666,-0.7076281201504273,0.18818464042897393,1.9281212598505437,Type3,Medium,2
5.064040958420008,0.22605851739834204,0.13728066582992915,1.222167991540058,-0.008801490904678251,-4.268513579887916,0.03623994339021386,2.5654374667819093,-1.7823325133877668,0.4766673856906578,-1.1717018626922284,2.3582909408661386,3.713401633830089,-5.633339554232098,-2.513856384496493,Type2,High,1
-5.4527855672443,-1.3280340314487458,-0.23352457902249735,-0.23995680648503082,-0.6102353071116318,-2.066991166559797,0.4687416753363439,-1.9759946810638467,0.14869862916179355,1.3280562883770313,-2.724369637285103,-0.2245316377680574,0.21724572846029755,-0.9602095708642752,2.4167355353470827,Type2,Medium,2
-0.11797986684113283,2.2304871935083863,-2.9844334642576014,1.8397575013446634,-1.8679571143242404,2.572583167526533,-0.4057776581080468,3.2247520419848623,-1.2849422069277012,-0.13048594958624493,1.2012185468962744,0.640879637256476,-0.8355212246321996,-2.6946769750116113,1.7222496063082207,Type2,Low,1
0.3540140363074063,-4.8770874513777605,-1.8123227701815154,1.6354985152125514,-0.26195563125862176,3.3598754799283177,-1.8926437738382287,0.18478530053761044,0.008819826007213871,-0.8450807169652405,1.2882564133657786,1.9924954086899764,-4.574600516483628,5.653257182016645,-0.1690408108670236,Type1,High,2
-5.257909897145486,3.116269236254964,-3.658686538220416,2.579681371698994,-1.5640519933805743,-2.54999034314855,0.9642675438587177,2.2154042122337154,2.3936454449191564,0.21750517031741556,-2.745416826269235,-2.0205945325398584,-3.1190475191645515,-4.4425435943386,-2.3991903461656476,Type2,Low,0
4.829166281556274,2.3959577880428027,-2.240681571426639,-0.06097331811469631,1.7485397451126439,2.503053818715247,-3.1340350931401932,0.6823912933051086,1.1046607103423958,0.08667564118975613,1.797596672017328,0.665771060837476,0.7963335745836972,2.2080463491904894,-4.261842781806193,Type3,Medium,2
-5.448826492136536,2.038789862026734,-3.791069183147052,-1.6566725231572579,-0.27105016953587724,3.230319468001492,-1.4296445604137884,-0.8117015787945637,1.4346343008304672,1.0198941366720033,-1.4228391519872157,0.3941149744146093,-1.960000149454439,2.7663545915574987,0.5957305800263563,Type2,High,2
-5.711063058691377,1.7864139439448046,-2.468540960688042,-0.830216060675579,-0.775594762489478,-0.9424100405610424,0.8522196966259289,0.5654528468984008,0.5467955508981557,1.6901519680296895,-2.840357603759367,0.46612161924986334,-0.21857221318802744,-3.21469633363067,1.49618944472603,Type2,High,2
1.2002033562751162,1.6538798583783048,1.8869533156433231,-5.466539109444131,-0.9049202568184825,0.1640284431702819,-0.7123443434023238,0.5331114957689826,-2.6523049635664413,2.4840525455867253,-3.158294453801929,-2.1556857596153813,5.63703900754654,-3.006744453298193,2.816795728992651,Type3,Low,0
6.624542828503133,2.116170182069479,-0.9105492084658526,0.29723668822701077,0.9757389447754404,2.3263747659739527,-3.0097543925436137,-1.0032143252469963,-1.8965057265616863,0.15377236809298456,2.6715024008475057,-0.49375339186156536,0.35789790004652433,4.21338270330397,-3.2895547861844774,Type4,High,2
-11.12878928209546,2.0689582961439257,-5.926134068795402,-2.2284261845557367,-0.44874509686992803,0.6753263661152263,-0.8550669625539968,0.2913994475330264,2.291455156648351,3.6547775736633734,-5.501162959928447,0.5046132023196631,-1.3304230365851715,-2.636392147661182,2.1986340989985074,Type3,Medium,2
-1.3265827419279723,0.38305843835301734,-1.7581882711987122,-2.534651382479735,-0.8256140803014054,-2.8871960264045353,4.103469359404585,1.1162221044679417,-2.059448081604621,2.895474938596931,-1.3944905203511824,-0.17932996688266972,-1.7750916600615976,-2.6924157239151127,-0.8139616400678416,Type3,High,0
0.6227062804411305,-0.8086107620552372,0.37985105278898557,0.7760628482923949,-1.0515672871485071,-0.779964898033109,-0.637805758530334,0.4245181875919718,-1.9789909831774302,0.5656943657277977,-0.9307114881769663,0.1815521110438528,0.8561316319882184,-1.6720072825465149,1.523959094320941,Type3,Medium,1
5.518108493061499,-1.8042270493349093,0.31264021635030836,3.0565899637409144,0.46708274150919193,-1.1199176097075418,-1.6364433841231856,0.4715948950301012,-1.6537662116096967,1.3694241808648475,2.051290818945959,0.21198059631934188,0.4789486352941509,-1.7471925509440493,-0.9213403649072369,Type3,High,1
-0.5249508921796164,-0.9122265827973496,-0.06259335698747825,-1.1829080866010524,-0.679491937832169,1.9354689164618792,1.006880039271918,0.7708755305613013,-1.305757092376092,-3.7963057597235728,0.40144290759671675,-0.5219255788528742,2.606733223321219,2.371235961353523,2.3108149974382233,Type2,High,0
3.4873114875653495,2.661290788939509,-0.23875018504831136,-1.9457684038299887,2.0461141976684316,4.159745131353951,-1.496809241394208,-1.4952660041510886,-0.759427660050281,-2.171341291531138,2.9054807443202444,0.626153713823183,2.168487045509779,5.8670496445093345,-0.9138542813254329,Type2,Low,2
-4.577470734331871,-1.3921016917931428,-1.7849130529733754,-0.32501926912540857,-1.6857491774960969,1.5009056652352992,2.5859961091946975,0.40966838285118,-0.2620655650192726,-3.2994257545422605,1.0722036149628655,-0.6931119574583672,2.750859145579578,0.5932526958625389,4.50474402340739,Type4,Low,0
-0.043713470467158975,-3.0235585954673336,0.4263612437035966,-0.004665088315397137,-1.4599560846477098,-0.9865728324471738,1.7371716743789078,-0.11387075248091927,1.229379341048146,-1.9964790706106812,1.0401385608507208,0.5435185493640222,1.4669550741334767,0.9125270033628828,-0.16444487748426084,Type4,High,0
-6.009182411027771,0.3360293677853754,-3.6072633075709257,0.1961203622315939,-0.10537974447715705,-1.5261816656963187,0.7246576533345652,-0.8539633005847692,1.4911282637980179,2.1625450233072585,-1.4930079575213695,0.06327701991013154,0.3835238490060572,-2.4630164798960648,1.1301724006137823,Type4,Low,0
-1.3180485115545666,-0.5296023905702121,0.07701297444605293,-1.1412402668607757,-0.032526149910068775,3.0537478532025144,0.172113339515648,-0.5994178784626607,-1.2278676422795232,-0.24737930344949388,0.2412116994030098,-1.2924797975909885,-4.521622594430598,4.691706626372418,0.997895131029736,Type4,Low,2
1.1844701930290218,2.7320532574875904,0.38022387449714046,-3.0667156950296164,0.3601021460727724,1.8013584012213713,-2.6677910766219366,2.4875294198828946,-0.2347547131260166,2.8684543949474843,-2.6556525957778128,-1.8201103078126581,2.836877146752862,-4.378179094738825,1.315300748444654,Type4,Medium,0
-4.885095802835249,0.39353332313929723,1.2231549446382046,0.4253474990382883,1.727776037446084,1.1465564077931438,-1.2605866777149353,0.1076311565076905,-2.224388602011638,-4.39525592774392,-4.980469049872466,1.8094423214643256,-2.2136788952253856,3.5963453751239145,2.4434155645746136,Type4,Medium,1
0.42597821692902765,2.173611362249203,-1.2940495951684328,-0.9797561335223463,-0.22171849381178274,-5.47918261248675,3.382773815029223,1.7796835634304733,-3.05678384432931,2.9320593285250496,-3.0628816366195712,1.413529805095847,-1.5432276203416022,-5.052292638422385,-2.901682588591537,Type2,High,0
1.5803508935797848,2.9020115086633025,-0.7878690334252907,-2.068748085887208,-1.670904434184382,5.221016695092213,-2.7297600351368665,-1.5527536559540671,1.2884445431546074,-1.240827491812516,2.3467122010596144,0.9115089868851968,1.5220002155453112,5.534667359720688,-0.7118736020366496,Type2,Medium,2
2.255007612720332,-1.8461046778250694,0.27776560096774516,-0.7314874367571422,-0.6007925312432002,0.1565338166470482,-0.35114966933357883,1.1945729231937785,-0.5932177979637663,1.6317641473273978,0.017890728708011894,0.31222345486365677,-0.20915195072864423,-1.0446637985086455,-0.06781209644644925,Type1,Medium,1
-4.772863813774541,1.9049140000420393,2.1425376612154805,-2.8034598250812173,1.1739456577013931,1.6510731952168203,3.102514409376413,-2.5503227661950483,3.4098113712929243,-1.8570058948017802,1.3619674857108834,-0.28806388987016773,-1.4330026690658433,3.5422439955730973,0.9222522883033112,Type2,Medium,2
0.5794295507467399,-0.0858249546482226,-1.7016612484934126,-2.776184967028554,1.4309140809977245,3.300331595028362,1.111249169892248,1.5510170464547064,-1.3931874764116354,-2.9783534637026476,0.31908300234603293,-1.3241970607411517,-0.889195475630667,5.047505556451914,-0.726575824435272,Type4,Low,0
5.439069561772639,-3.1559135265659246,-0.3703311674422589,2.2564669050176835,-0.5387596254909608,2.8390147197568965,-3.891576845046906,2.0999898175808216,1.1259888777239189,2.34156509334829,2.8036920358182744,-0.2668405418206366,-0.35986026845218655,-1.4944196862104868,-0.1242368759475263,Type1,Medium,1
10.052223839741968,-3.1735593724333926,-1.0447168367525443,2.655386122663158,0.8138856487128693,1.5548024069068382,-3.663546297078408,2.6605572705731175,-1.4235289778722298,3.755249624785861,4.191489860661832,0.11427265992868325,0.7122671187058582,-2.712513574482409,-1.5324684858603956,Type4,Medium,1
6.999564499036934,1.755875152673874,-0.43480651528732017,-2.332093318714511,1.8013914142752954,-3.545160923994403,1.232764812989057,4.129309243203631,-2.222975896146402,-0.11757431469616408,-2.0303199793977287,-0.1673952809281216,3.253945090889261,-3.762669409170977,-5.54227534727489,Type3,High,1
2.0088203656482357,-2.685982969798064,3.1122276331691694,1.2862752586448907,1.178068240281266,-0.6242510184279411,0.6337513538743331,-0.42834197519652095,-0.02215823199160616,-0.43765365983914073,1.4003157106631852,-0.3325791068855909,-1.6210805114501312,0.47961157530149073,0.4111025758269051,Type2,High,1
-4.0537636073633,0.7481777116641813,-4.831873535171162,-2.5244340776612706,-2.0203822702982475,-2.4181518097500696,4.8551840390653105,2.1542749090021287,-1.3156976945344188,2.867182172026771,-1.623714218359114,1.2406861651433425,-2.1605930804451727,-3.314220845371497,-0.726179727046548,Type3,High,0
-3.543742324563449,-0.3138315695248821,-0.9109072848821023,-0.6698072861989122,0.5600215153396962,-3.276028466787024,1.3022379395337582,1.4102853718007773,-1.0621878926531971,0.3165504978628009,-4.317885453659258,1.0308799976787726,1.3363818142727641,-3.9037114670575597,0.9345869004299474,Type1,Medium,2
3.289722367365147,1.861827195864472,1.1436032068510777,1.4578661045014718,0.14154122084022877,2.384141112547534,-1.8772211256699427,1.0237706963972912,-2.1879761965843834,-2.928310995011472,-0.02260428816708493,0.642980457334991,-3.3726951022496374,3.930896393807957,-1.7324022668395056,Type2,Medium,1
0.42152379034337223,2.164025028419931,1.496279315339957,-3.972897623731959,0.4149148557162031,2.436099633235491,2.1335998928038875,1.159783570341312,-3.9857388012518635,-2.444090933974426,-1.2910573012297464,1.1590985818616737,-1.5669973774885269,3.724980750918132,1.1284058923729117,Type1,Low,2
1.1087782125936896,-1.6619992611682397,1.323914209020037,2.0603021240169515,2.004698609344382,-2.829541554565708,-0.7099013135467989,0.8286891648989421,-0.830942028791933,1.3359294820465024,-2.593772154297562,0.7837820407584202,-4.35281422967532,-1.3038623353380816,-2.2786414380291773,Type3,Medium,0
-3.4265970505837,-0.9575894083974003,1.1226482386038796,1.94526731831766,-1.3350978462177538,-2.4339808267159078,2.0360012461599126,-0.5453798935802239,-1.5894192720161553,1.2633620206073704,-0.9995560110564943,0.2727721410045393,-2.8697730769686887,-2.7319972125357275,2.864967312827882,Type2,High,0
-1.7130913750548298,0.3636530404314019,-1.2712062216683864,1.6067620261818059,1.0486498944735392,0.7050756147941988,-0.38854694916235166,-1.4935472544009953,1.7785756483268198,-1.4808845496603285,0.9036565223735471,0.3609287229901454,-2.6430211803092574,3.6520653830863354,-1.9095778819297324,Type4,High,0
2.335729221598307,-2.60229156316022,1.718994020068752,0.25357453732862334,-1.3944733562733174,-0.5643846630043262,0.6157248066823242,4.303481630135108,1.0012000573114643,-1.307104494057636,-0.913784553251318,0.5187344358764837,0.11633369800439852,-3.633442357707095,-0.41463907303902126,Type2,Medium,2
-2.9684941804810907,2.2896799975062834,-2.9237506542888876,-2.003986068551492,0.6641204834678983,2.769393738069138,1.5748381004556953,1.8670582035222616,-1.2051332146976301,-4.824685901782452,-1.4350440088461052,-1.1789799438104607,-0.9906551030278201,4.549899031460312,-0.5275464724035017,Type2,Low,0
0.09385292619947459,1.9153044704109756,-0.9445466605189002,-2.8925143403182085,0.2676804458393133,1.7243284438378743,-0.2020673714695218,0.3558832439250118,-0.19796318121584722,0.9293440502045823,-0.3723784001571374,2.1017300876586846,0.9539912549567993,0.5914464176526536,-0.12616885301489855,Type1,Medium,0
-5.999319329300758,1.3186323435955982,-0.6252231362504446,-2.0123708357642767,0.5652082330749556,0.8683482608799391,1.0092635608760743,-1.507656736637851,-0.5705542056660415,1.3406859552284751,-1.8739581665551508,0.22303705115310118,-1.1763880629127237,0.39843630787603973,3.4195703216548763,Type1,Medium,2
4.072673155212378,0.8498886227176696,0.4377371963807213,-0.11615786430354269,1.4909311159920509,-4.872212389768058,3.2121655285718878,0.6572974475544164,-6.152628870853993,0.011533415195986607,-1.7969767391907006,0.49118572678485567,-2.402884134125932,0.03580806740543745,-3.4879638797306187,Type2,High,0
5.552358536027707,-0.9264984602910866,0.7423129619321281,-0.42722505815144474,0.45011584091519835,0.6956175675379813,-0.23860062925296321,1.1061488883356903,-1.1672899463486628,1.4259858458699028,2.428103016496734,-1.9498812423425667,0.7045075811936921,-0.7310252264009166,-0.776492870368786,Type3,High,1
-6.011349528317288,-3.244935949996166,-0.5520090560916885,0.8885692348401153,-0.9096543480206484,-6.257338200922701,3.7895418806347467,-2.2231273483506193,-0.5379442860109533,2.536705575858668,-1.757480804679418,-0.2700459445560377,2.132720992961092,-5.157728073486966,3.3901057522437053,Type3,High,2
0.5318476998412746,2.285006087287182,-1.5011743105926363,4.012190016792971,-0.05919972165456937,-1.9239629011422976,-0.9756557762684905,1.2069276276542884,1.5835586470832155,-0.3472726597130227,-0.4867014953936929,0.6511871189027237,-3.5885870634183563,-1.6091313928471622,-4.439970864066867,Type4,Low,0
-4.1655154664227245,-2.923871098533703,-1.122386179079636,5.213354265918306,1.2177396036443755,-5.021284302176113,0.10258484226524589,-0.039167000928478135,-0.320318853571127,1.5804175777887743,-2.306647826209705,0.44470396222799174,-0.748798593886316,-5.831767202603167,2.03552087764616,Type4,High,0
1.7111958960332374,-0.15354867501783898,3.2273222186372696,-1.9820079283824326,0.35392735572680556,0.49277251257417054,0.5273364450611879,-1.0955660149471145,-3.624118395747189,-2.87881055994135,-1.6285049563333285,0.6523549290685877,-1.596583942949127,5.5557303225514945,-0.20415607326221474,Type1,Low,2
-3.909860222641617,5.757384797663375,0.750212197316547,-6.370666400448545,-1.4517012936507447,5.879535657595686,0.6673195064140788,-1.9933901032350256,-2.704723536784673,-0.1504792631437235,-0.7511423214701942,0.8352365470278461,-0.6098669501885264,5.310801178567491,4.268490857717619,Type1,Medium,2
-5.165842834418421,0.7834681812444773,-1.0380880173982399,0.21099435450683712,-2.0277679231649866,-0.4527208181641035,-0.9861131519866368,1.0954414899861002,-0.40320267485753214,3.276504219791731,-3.3784889116815355,-0.7715307011546592,0.32818459793704324,-5.903475224034241,4.368971917655675,Type2,High,2
-1.9093241005849082,2.0560870602369326,-1.0103081564899592,-1.6556090701398625,-1.3298328304564078,-0.44999256856160746,1.4075948278938926,0.054009292778404605,3.4307345802510705,-0.8802324318901498,0.2861972853940804,1.7821762156682432,2.574530524454693,-0.9932712946219747,-1.5586618353650534,Type4,Low,2
0.36274696245022253,1.039647510098069,-0.24736722101309172,-2.590458262622038,0.006116067008443496,3.1612401452976244,1.2638094815636818,2.271041345062163,-2.748779256976894,-1.8434266252580855,-0.5500139098335304,-1.276072681970571,-2.2453168490670805,2.7680581686192554,0.8668549154146108,Type1,High,2
0.8426215197684104,-0.14934299761975767,1.25163767917029,-0.5922925584089626,2.693577202426576,0.7996100114147789,0.544773627941445,3.7169253715920045,-0.01186737655580461,-1.3051544712130403,-1.453271486211544,-0.17027186285266901,-1.4108478129159847,-1.994379875754167,0.028367714264981303,Type4,Low,2
1.0364571585963456,2.9202582313696297,2.632307578976223,0.3635062828802943,0.01573857973231852,3.929765101626996,-4.2545817348010635,2.1591385026833816,0.6436027876998365,-2.526578894065473,-2.01600006602091,0.15613353419362538,0.0781427032445563,0.14229048798153324,1.058824544691787,Type4,High,1
-1.0151967723760047,-4.519449856349035,0.8958755241600691,2.753462686430129,0.4888080744033495,-2.369296492045834,1.7857218085530042,4.096993222813497,2.6889568634694916,-0.14644452848895784,-0.3282534612329928,0.47690342558488463,-0.5831713828410343,-6.923125262029568,1.311403792990705,Type3,Low,2
-0.18390731202282237,3.431739066989978,-1.312023436700476,-1.1406508059790386,-1.8125591428182706,2.8821680447893785,-1.782232738763203,0.549162018281073,1.7757975212686083,-0.09572839618775708,0.32981825821559396,-0.24668286564502964,0.8295525642083335,0.5272563383766052,-0.7766057222764755,Type3,Medium,2
4.456321226968866,-5.802595672111368,4.9919381659459,4.568040686674754,0.4445140926566401,-2.8993542156298693,-0.4439609079282345,-2.472853922600054,1.942598665485583,4.0160964226007785,3.6641762094653774,1.045702891964966,-5.437301901398872,-1.1517506552816628,-1.2273938919656622,Type1,Medium,1
-1.260253091935005,1.2993948873689392,-1.7235975381736215,-4.639007749115309,-0.7545935690334009,4.503895747203312,1.6978372624975309,-0.24757112205340848,-2.9424257564657275,0.043163485631405374,0.8910467380619917,0.30453739851595774,-1.4806675991318001,5.0462626046064845,2.195491761247765,Type3,Low,2
4.841220395093398,0.15028258073775302,-0.2633995467183585,0.7466182162239989,-1.0623296815748147,-0.8990340164738653,-1.2665467907915167,1.3535227410315973,-1.00714240787595,1.076830399851254,0.7446266954574652,-0.317079334759079,2.2620703084065457,-2.4565870550530464,-1.61390826545724,Type2,Medium,1
-11.210003409107518,1.1620106846174711,-1.2029363129325592,-1.2332927374177196,-0.6700596858653397,-3.3219231322358866,4.287428892840986,0.03826709236874626,2.5241385405517516,1.2473736692229445,-3.6804772766645146,1.3798015531879129,0.7918665707837281,-6.461052897605203,4.275982941271006,Type1,High,2
-10.5021627733064,-0.46298270689843113,-0.9188652350905858,0.3570605546456814,1.526307586900495,-0.15794142160364585,2.4715747973722255,-3.5532231226667603,2.1419586286774583,-2.8362700340944853,-0.859634049059198,-0.9736901794418419,0.14669539743811377,2.5840463033436074,4.353236326647559,Type3,Low,0
4.698882190497262,-2.2885348385449715,-1.2876598029178132,0.5174228457607353,0.31378037316111457,2.949013921485662,-0.7148352220413001,6.884546972835615,-0.04244584726717948,-0.7103347925462717,1.4168940119050166,1.0568296091987137,1.4610724431590547,-4.709803673991664,0.9481644281938866,Type3,High,1
-0.6500235254295224,2.8629611674057784,-0.48906633907221,-2.2720748191944518,0.12808588820996464,3.0625760010230096,-1.5854713364133124,-1.9332830429859822,1.6120680642009315,0.05531704092226797,0.86037485609275,-2.1072982947370593,1.0604261300831912,3.4182728496241537,-0.41993170166371674,Type1,Medium,2
-3.0355701421313523,1.2891740487402248,-1.0104917911633635,-0.6782162952446689,-0.48833077934404806,-0.13158422594916608,0.2522310408042666,-1.3961162527090754,0.17519460631889971,1.2050160328920363,-0.6804022522963709,2.1335972795408114,-0.0785941788748683,-0.024350483258259052,0.9432654907251322,Type1,Medium,2
2.4756359454630394,1.9901258250276845,1.243002633969001,-1.980276173178277,-1.78309546463869,1.349074699617084,-1.0666205720726953,-1.1387896301004923,-0.28090146571599317,0.020618210328296915,0.43005128129528014,-1.4427987011490615,0.7594348153609913,2.545739130866331,-1.3441588000603557,Type2,Low,0
1.0441407306906059,3.563596947390819,0.5599199831784254,-1.5983099770433018,-0.7352143784025338,0.3424672405914998,0.711644597556696,-2.4201693449663475,1.9746152639123853,-0.2886064374730333,1.86032048227889,0.6269816647968336,-0.5873199695020928,3.3636480677710527,-3.587915350002361,Type3,High,2
5.5373426926254785,-0.6990604883124634,4.091252275542841,-1.1656851566318651,0.16784783607778286,-4.442561645625212,1.855833441258477,-1.0121662338971946,-1.123109117932225,2.461159754473822,0.176860047444526,-0.41676327722166,-0.585490091803416,-1.4966415926844296,-3.4878009067549205,Type4,Low,1
-0.01694668764604451,-2.5826029524395224,0.5147807949894343,-1.6966083633347027,-0.5880412461492505,1.1216466533384117,3.8883441006049813,1.17384537600909,-0.9733859840570267,0.8278298020869106,2.5122855625657197,-1.6455140326145554,-2.3501383315269573,-0.06284469236959492,2.291245273283214,Type2,Low,0
1.0633885485116965,1.5803734675714223,-0.38264471261465727,3.867328293331532,0.15897768103941404,5.409199586567913,-0.6907024434602933,1.2939577063777463,-0.9526194271285007,-4.118773011622492,3.653414247824993,1.2914241192577505,-7.147254804536368,5.594548762403581,-0.015158279668431307,Type3,High,1
-3.989413686350597,-0.8558467692935543,-1.4205858252569898,-0.28929400671866556,0.4205235612836212,0.35945365705712023,3.128746564992047,-0.6253419937499263,1.0227241956220898,-3.7384475828099446,1.34405747551937,0.263639000841129,1.4010458463794584,2.331778291164916,1.5004276478295058,Type3,Low,0
1.982615934030891,0.4279838886057481,-1.1056246436672523,0.32878716085757287,2.5603954846995793,0.257833749689799,-1.5566869038242968,3.6550515177384972,-2.4439762201282242,-0.8817876924091134,-3.3841880956269534,-1.6123747040309508,-2.579087941278413,-0.23662722459875396,-2.175616856891224,Type4,Medium,0
-1.820315384003965,-0.42323205149070664,0.5394827189158267,0.05113442478374264,-0.3901074838096812,-3.775772928911818,1.5087550290435456,-2.9554157164699193,-0.4530361742960338,2.7098777890018324,-0.6441260741047472,1.116141012930935,-0.18482581007817211,-1.19430015118718,-0.019264865767808503,Type4,Medium,2
5.6494653382523845,-3.276942588781072,4.427077099830019,1.1469033230124919,0.9172984966093122,1.6929875365977511,1.167020493982529,4.169624692650322,-1.0202016850474829,-4.9557740869190345,1.4210201311077242,1.0992283453903484,-2.7365654696950306,1.5034529682180473,-0.508436789277009,Type3,High,2
2.461999363198005,0.5078366655836217,0.08539770807970548,-0.9176769720521295,2.550940035193932,-1.5481870956302164,0.6263640242437531,1.2765935581321597,-2.2612372780128145,1.1889080120082423,-1.3521669244411643,-0.5743142539125958,-0.9732780060482319,-1.1181310598610907,-1.7766123133556828,Type1,Low,0
-0.9091152122988412,-2.539968520379884,0.10508759125484302,2.949663994839304,1.3070539078034213,-1.5935695732444328,-3.728111731537803,0.36719743716370656,-1.4325829436180715,0.285052309614815,-4.280116164074214,0.8072502021401189,-1.1203347068379927,-0.8998166180763205,0.5032232866906634,Type1,High,0
-0.5352097214432079,-1.3775749763000449,-1.8251189548060855,4.450106755948539,1.1343123839122942,-4.6256386158785165,-0.03574163974521016,1.32409814400215,0.2691131726218088,-0.7886042594325826,-2.0665606922119064,1.6624986628269725,-1.2228235039908255,-3.0569879816675307,-2.964226038494194,Type4,Medium,0
-1.1727498350313925,-1.2440555851685213,1.0336549791994751,0.34275402901182717,-1.7903633068701383,0.5730103339073593,1.5151034516439554,3.3645399435667,0.912852065780942,-0.8051343584598484,-0.4611937044936001,0.0688208645975308,-1.7518014352477875,-3.2147473291870616,1.703839262576258,Type2,Low,2
-5.114947098123828,0.8999994495986235,-2.4111529936101723,-4.107567335102795,-0.029809212266428166,-2.8733534417567363,3.5315708600703513,4.126526029815301,-1.0377971778629946,4.618571572169227,-4.939392552795715,-1.8679850217204916,1.2761283413130808,-9.410607589755788,2.734700003484165,Type2,Low,0
-5.075099770774225,0.5760345549640636,-0.03846257705195666,1.578309923767176,1.8872785622056851,1.0966209078651596,-1.7500514395379487,-1.7297519979082034,-2.969517214801312,-2.7389402075985814,-3.739316277654711,-1.2044202325260338,-3.384166902732994,4.653924581172507,2.4674927569016725,Type3,Medium,1
-0.46129942789364686,0.5253889683462183,-2.5882749378014913,-4.309104857925659,0.5542958974564696,6.475377267670628,-1.090407058001666,-1.34792826703911,-1.5397318977567078,1.1660156129007633,1.53017721889068,-0.4977668243330497,-2.7518651057408268,7.771250292100681,0.9638678380522565,Type3,High,2
-2.814303845531785,0.6265048081435498,-1.837649059152898,1.500662288402781,-1.432740007430867,-4.73312842007312,0.8545365276323289,-0.9427600169717117,-2.791638122802508,4.1172252356899115,-2.5474867593663144,0.39082921819937216,0.21850895332696196,-5.356524402598616,1.3906210638889325,Type1,Low,2
5.580035113113387,-1.0930238536847898,-2.871348633010112,-2.124080298577672,0.4689233958878529,3.611440712757932,-0.32223335061877945,3.3221577779981373,2.062843696990159,2.3883331158523866,4.639557099368071,-1.024371863687437,2.5365817999216067,-1.8423868088869277,-1.355826447447188,Type2,High,1
-0.7363378637480595,2.038314967397267,-0.645827005892935,-1.3379041161113077,0.7665557959581434,1.1350552594176497,-1.3100516899056531,-2.893888409573159,1.2721440234202157,1.1216006029082144,1.1256538122964383,-0.27155421277052066,2.575892737288922,1.7269125354366226,0.13258147982411495,Type4,Medium,2
-4.871719398301043,-0.09209098608354627,-0.0402209548794884,3.6239426830104655,-0.5169282608621684,-2.5375981313538998,-2.8903560804386146,-2.0070045381267456,-1.6759314732327362,-3.646348264761126,-4.9206353656195985,0.3000735046672947,2.5419655427694243,0.684707929417589,2.1676251831207054,Type3,Low,0
-8.417432895170077,1.6038795614887615,-2.7291595954590644,-2.198445886724441,-1.3857866564051906,0.40262547740779375,2.7827809578605742,-0.6573231873987513,3.039201695899301,-1.1722797254940116,-0.9628086290319954,-0.1935850767035002,1.9836995074399484,-0.6013940680355546,2.4327920073240397,Type3,Low,2
-2.2010336756302284,0.7717151971340874,-1.0168014715045501,2.8401984953296333,-0.4926150336058205,0.2259329674800924,-0.3029429656138515,0.13619268750728009,-2.038356738196201,-3.3807623572975642,-0.8854797942742174,1.958916624082344,-0.8957867182376165,1.5206275980275628,1.335112814961855,Type1,Medium,1
-0.015602057014228652,3.274053044544347,1.8621538936886992,0.5882377760393052,-0.6771279108178737,-2.739053154062545,0.30272215958746684,1.8199830632702132,-1.4773769805688373,2.7648033754534165,-2.515827398196741,0.6421646849882297,0.0037927969005929763,-7.431502391435407,1.1690502530368665,Type4,Medium,2
2.160604930351313,-2.3205079788218934,4.877406344327435,0.6247001901227189,1.278986415660654,-6.1193254258844965,2.9476031498720183,3.3369096798393256,-1.1024888358127158,-2.1465759507531983,-4.050897008076171,0.9358800728775721,-0.14681037840343714,-5.246933704986985,-1.7134961843861585,Type3,High,1
-4.661839645182346,-0.1306398441857497,-3.491566298794022,2.5032340702749423,1.0228048345882408,-0.9043687823575225,-1.395022653891695,1.3827523907256982,-0.5086222634297739,-0.9935536153423777,-3.8532340205807616,0.3420902462709844,-1.7113085429065873,-0.9002891992794719,0.168342386496391,Type3,Medium,0
1.5950096468180994,1.5589917544567677,0.8871644807321808,1.085103977407588,0.13784186288132916,3.219092449620998,-2.064225006556686,3.305362170188881,-2.2001971057103793,-1.4570310502542199,-1.0776318672760214,-0.6759559443097996,-2.4438680666230495,-0.47199947402363657,1.517314042765298,Type1,High,1
1.9875164555999032,-1.1071241685305795,-0.06137531894977699,-1.8880298033556748,-1.6412748731956877,2.644994889941101,-0.3307012741466455,2.45707642744231,-0.5001168876845972,-0.864885368222226,-0.05327865930572917,0.554765789092328,-0.3986486185495658,1.255839546751344,0.013339345339154374,Type4,High,2
-0.6041893533902606,-3.0892427279960604,0.823622433002998,-1.4468127884876543,-2.082179077728345,-0.5642409006223114,1.6597372869531215,2.119666728825453,3.3501004341696294,2.486332615254217,0.3348951147980759,-0.05442377588582589,-0.2704918168834024,-4.31748011535428,0.5450370374273769,Type4,Medium,1
3.6202048303951786,-2.169885521117094,1.9422189320342864,2.0455965262042026,-0.590158405786928,-3.88289343459695,-0.21252745383181948,1.007670967809609,1.5081546160181758,2.3484573872570147,0.24187327645779988,-0.019019309588873334,0.9856903814809371,-5.462448255006774,-1.9153762909820962,Type3,Low,1
-0.717191056311401,-0.9948591135660843,-1.5492104238962372,1.6106477118934324,0.7014091946752973,-3.784698017348682,2.0861939075469422,1.3841495135496342,-3.6556529505717847,0.5709345890325681,-1.3193590910842832,-0.22846905732234488,2.2065129728112667,-4.955158587336673,2.107122870312528,Type2,Low,1
3.0283499011327097,1.4937781152898606,1.3117726582176443,1.2020868021503257,-0.016237301962710206,-0.10413576465149532,0.26606795413471407,0.7563086709730591,-2.9266809462148045,-0.339006573356778,1.3218475281885222,-0.1147700671445124,1.1860757106400648,-1.952770418365206,1.501429880370496,Type1,Medium,2
-2.7557150375245096,4.384442564455972,-3.820058890201278,3.4433765221798267,0.12404242358056887,0.2769848950791093,-1.3204188544009676,0.7626625670226795,-5.9780923221202515,-2.516356481620506,-2.9694569663011183,0.07589282077485351,-2.315632573848179,1.2408115685035128,1.1793504087258555,Type2,High,1
-4.50912599170252,3.471100044172079,-0.3579167615935427,2.457662525154835,-0.7947756691685385,2.4192525914328504,-3.3517975781421847,0.4505034580037054,-2.4972708002725486,-3.536994132450805,-4.138156846077651,0.04382914768530759,-1.8903103960619396,1.8375260610749327,2.8863392041720903,Type3,High,1
1.0219390220967608,2.6734138002789574,0.6130661330396043,0.24777635536562181,-1.0638845635013556,0.19405336196919545,-3.264458972836955,-1.5432734245462973,-4.027649472324155,-2.702413827207371,-3.6269823476589513,0.9594015456748938,0.3203540771471012,4.673804910661618,-1.095705981650295,Type2,High,1
-0.9760362824819945,0.20287050379347293,-1.4516533341135518,-1.054031201153078,0.1829576633927227,0.18666323526064485,0.7731176768980245,1.6420041980837152,0.35617912063149193,1.3790340424115164,-0.7924511031095047,1.575245606769096,-1.4635295138393958,-1.5023382054541419,-0.45438820321117135,Type3,Low,0
-1.1874298291573393,1.6200524554310505,-2.612834264548747,-0.12739626053240327,0.720314425174431,0.8837216354932703,2.592333158290755,3.8655087168037254,-3.131583418492436,-1.4129720126322711,-0.8332870472288316,0.3296308281952898,-2.5984582457788195,-1.3310225859857068,0.8274402634543254,Type4,High,0
3.834675410868546,-1.368901686535231,-1.6422110323326846,0.7929702138684434,0.5479027930001471,-1.9461380769247918,0.9845532643727481,1.0614380761971802,-3.4722502061525833,1.2472641796878952,-0.12408710981739168,0.08862746276840082,-3.9951226326230995,1.291313526018759,-3.6266811915534203,Type2,Low,0
2.386348672007695,-1.4746386608232318,1.327358808918454,2.8055178846790976,-0.4183702760697038,-0.6475298152634195,-2.4192918035555957,0.7367266118197984,0.26090575828843154,1.522980199070538,0.7124642935105729,-0.17542844851469763,2.4028638375104476,-4.536346962525302,1.8596295296723047,Type2,High,1
-3.082027954587807,3.4966433061530857,0.17481031556679416,-2.248919851382749,0.7227104989853911,-0.7285165063848694,2.0492029988170337,1.7598946144494505,-0.023731635955258734,1.1775753105650304,-2.300399791739263,-1.4435428374975543,0.1339403597690032,-4.407922411481513,1.3077976961569346,Type4,High,0
-3.054195159240391,0.3861885936540578,-3.7379212158300166,2.2402564850622273,-0.8014404041490554,0.12320541585782853,-1.9340940399072741,-2.433486800491564,-3.8621303146750425,0.3147981934887254,-1.1295367125416367,1.1728707438555968,0.06138207585708244,2.4420339201520913,2.265072721420755,Type1,Low,1
0.3347418346422422,-4.338378222071588,1.9487776045077303,3.475118218775413,-0.6739776643400687,-2.602715182521468,-0.010638157096056311,3.0328076883139667,2.0142013120343876,-1.5025577374810848,-1.4234651529144635,-0.7044089148943471,-0.9832091277780122,-4.242557547358091,-0.23391708232353814,Type1,Low,2
1.3826834244770239,0.22732786249263826,2.4592748342905555,-0.6236985554556873,1.389727882485203,-2.047495957204067,0.26222369515489197,-0.8219243622143029,-0.48425623296909925,-0.9274812602151861,-1.3881709233558008,0.28255844048583967,0.7894814213197787,0.5196878119523279,-1.4321069758954135,Type1,High,1
2.8857306724501774,-1.7273517811596002,-1.701997872616551,1.713369417233761,2.0486438191669487,-2.411672511881822,0.3024381804033758,-1.2193056656086023,-1.2650229208573136,0.5344730121643283,1.8081276924099452,-1.094670276054154,1.5194181568838983,0.4724917547953226,-1.979480652921593,Type3,Medium,2
2.3379416215081323,-1.0938312466343594,0.49394256665053515,2.3221170869057417,-0.19246400347209391,-1.4510994794986423,-1.4542876295768352,0.6328295304075376,0.3006865331171471,0.3562888125830942,0.3715543232298958,0.8189778579346002,2.1006083288019894,-2.9678350479335807,-0.163105208626804,Type4,Medium,1
0.31057579372524075,-0.6764911752457883,3.1559903054814153,-0.09627714120175312,0.3568733133178915,-3.0565213061726446,0.8965054786726139,1.6847869004620195,-0.17122434776859707,-1.866859200187513,-3.0711124978677047,-0.15540640930584368,1.7822489461311264,-3.246681265221958,-0.02688384458991988,Type2,Medium,1
0.18097713763686835,-1.30930600625135,-0.9122860204289942,-1.6707026292532405,-0.9559326209051104,-0.1020703806128249,1.6014216726948907,0.9079498215437888,-1.6934127548624827,0.036941559718243866,-0.38120496547503235,-0.6839683174460539,-0.021024889486624954,0.5332927345538696,0.29854684405456244,Type3,Low,0
-5.323471584433967,-0.7828568235855211,-3.434335886504504,-0.5694289996289961,-0.6992319757377646,1.3203652614211472,1.5627949637412972,-5.727184106141259e-05,1.1050182739633696,-1.3693810926016787,-0.3288686609409489,1.545954432072925,-1.5760506106373964,2.4549153857782136,0.7970204698165277,Type3,Low,0
7.932958973960182,-0.2437339377563683,-0.7872610884482378,-1.2384872628722254,-0.05816069650308416,1.1462131342947806,-0.5399465730673183,0.9389493803547435,-1.3191450854622113,2.788302789357388,3.8948174534119913,-0.4100226416643925,1.4717348518947833,-0.1949524002129614,-2.478668711715301,Type1,Medium,1
-4.64081152470788,2.1774837638576523,-2.6226599639548587,-1.9687832373169472,-1.6410081961979222,4.5076945219811515,1.0772424967128298,3.0212905149081632,-3.4666473684156065,-3.512355373005009,-2.0709691223322997,0.5187846455784433,-0.8181691793807719,1.8728549118137832,4.488345811359126,Type2,Medium,0
0.9414831129232436,-1.9676123363721885,2.417519253051166,1.865051375080434,-0.1748204433974168,-0.39512353302762676,0.7205228808077593,4.888981654027036,1.261579081577112,-2.3799909767144687,-1.1350296446619712,1.2623437967402296,-1.2759635525129767,-4.526664579546621,0.5647639372182851,Type3,Low,2
3.8442091940780756,1.3775508136326482,2.0079963426667833,-0.03803365847160256,1.300742004345744,-5.388732086052612,1.304431186803563,1.9272824301761562,-3.029226825605505,-1.6837132216846666,-3.5136764803560547,0.015482514549813184,2.5872502414200014,-3.438045562418417,-3.2031034496409974,Type2,Low,1
-2.701780000199939,2.516433279163051,1.7883095882679578,-1.9219753010168676,-0.6516849238248302,-0.4449256502515899,1.899565828001128,1.6078207966183728,2.6778407308970973,-0.8139734197628126,-1.0257711167614276,1.0983185669536935,2.927208982033843,-4.652131636311913,1.638184764580369,Type3,Medium,2
-1.5194680655453598,4.380614443969687,-1.458865191819352,-3.193553021315306,-0.47686680272346976,10.061229449839878,-3.2382171707153944,-1.0745495141707055,1.895926625255557,-2.5514969865800494,2.2975278041618785,2.1542274081053523,-3.18799786023469,9.86717722724989,0.37827526714324,Type3,Medium,2
-8.252970811457018,-0.5315161547087301,-2.418041919146734,-3.2047738655888462,0.6734531083159477,-0.392195630010644,1.504777104783603,-0.9839529178812777,1.5268797462894712,0.7350670465679348,-3.1172102654169334,0.4991186481272361,2.9201415659827816,-1.164302095937444,3.5370979682905315,Type4,High,2
2.550910228520737,-0.546427040083282,-7.326140374427299,-1.1970777930699588,-1.307614840188023,8.206504629519442,-3.542252649505185,2.6329401147930502,1.9685078042627677,2.8360162317604107,4.511076340604181,-0.3903840994102916,-1.9396501127811165,3.458345807037034,-1.3068959457655593,Type4,Low,0
2.6689170260668598,-1.9572972679768212,-1.244499581245098,4.265607836996347,0.3395709268027178,-4.553902575820859,-0.49630225809948314,3.427108457658556,-2.0856998693390585,0.7778508333855052,-2.4827149468531786,-0.7917531571705695,-1.7661748000767785,-5.261095701311617,-2.5987996172977468,Type2,High,0
-0.7600131402856175,3.228517015776134,-1.7474030587211815,-1.7788194204484022,0.31667965978998325,0.6311999358808082,-1.6036964075464057,1.8259438193663562,-0.214414272203027,1.757372116125113,-2.3578575523604215,0.2514900346627837,2.994045104567823,-3.8595148415206615,0.7031410413999437,Type2,Low,0
0.354836149002855,-2.620948017308093,-1.1274775218402597,2.958288744911084,-0.5196484051285446,-3.230259499058545,0.7056887102027338,0.27057346308304764,0.4425228511817485,-1.8744359442672607,0.2383733368830112,1.400652448813693,1.99748059777815,-1.3318080531701357,-1.2335013317977523,Type3,Medium,0
0.0801344989275615,-2.996551658104816,-1.145236868823492,3.190173636889202,0.8212477942767271,-2.429469530917932,1.9040700708418725,2.9439971987057802,-1.5535820234499331,2.173238732921499,0.23829347966411385,-0.006880933000533404,-3.161440112160701,-5.448980963026187,1.1679420865220191,Type2,Low,0
-1.799176566647625,2.7993546459286343,-0.4196144150713056,-0.9843966532558968,-0.18835622647590086,-1.210415205431575,0.8959891863916015,1.0262743032716717,2.683427342355124,0.48220031956085285,-1.140152473106116,-0.39936349131725574,0.9406873342210134,-3.3075423294471498,-1.5081125364266903,Type3,Medium,2
2.8633097203098226,-1.0077173753927595,0.510180979031444,-0.5213603193284555,0.008479777436482074,-0.1425017182351318,2.3725944030498223,3.3961411092236595,-1.5782652851526042,-1.3438771398359404,0.4805670684558834,1.2586333405031742,-1.1602199667010338,-1.2028215238560602,-0.7184069451402864,Type4,Low,0
2.6948543786495662,-3.02870242190349,1.9061800442869066,1.9582467891504889,-1.3547885173372158,-5.432973803045571,0.5252450592392106,-1.7181059924017164,0.3623092521751502,2.998705523902519,0.5894578338143901,-1.1370103706331787,2.0648665120051852,-4.1281395291565275,-1.1470910384773436,Type3,Low,2
-1.5582191133264771,1.9642887054398352,0.8010490654494153,-0.05923064022420299,-0.9139034639960295,-2.3272456728051285,1.8192704567649853,-1.115041106230593,2.1286742355705783,0.5670728991115641,0.5470184655526895,0.9571624402224015,1.575112407202894,-2.754574985169758,-0.47280149957598505,Type2,Medium,2
-7.646531649419452,3.154180990509466,-1.8590739833375745,-0.7483905507504904,-0.6534223787482349,-4.722742304519033,4.153161532268757,0.13156393612933537,-0.26124450714499636,0.021398374154696476,-4.43500416081646,0.45566094096078064,-0.7901105298975043,-3.879177460861129,0.07062597537227511,Type2,Low,0
-0.2871907030329252,-1.3876915869563882,2.334922739365346,-2.556965241822121,0.4403246655707306,0.11577384387370444,-0.04938915564883528,-2.5711478308059097,-0.9896704844773961,0.3152941083947429,-1.2053219695337196,-0.532373616670392,-0.6173765025628486,3.9633147654549448,0.4188752887714604,Type3,High,2
-5.259686300984974,2.0182184075947083,-4.366683888158102,-0.3649656338241656,-0.7248566756938344,2.464390896484928,-0.47078469888037855,2.1724894705825384,-2.835953095479862,-2.0994569597864596,-3.829138142751318,-1.6379682253332581,-2.731642695386293,2.136901153029551,1.504064382213007,Type2,Low,0
3.001499767529047,-1.8717118573303948,2.9450595608448635,0.2810167469637732,0.6127063296193023,-0.005017731322421868,-0.34485547350000956,5.3374049258436,2.5699225250460604,-1.2303179056211622,-1.1647627637766929,-1.6836813984389982,0.46222144501471374,-5.3444067517559235,-0.5903454181159025,Type4,Medium,2
-8.44549155843483,0.3505564681753359,-3.875005566398422,-0.667126268625654,-0.3377691150910298,-1.2572888323221123,-0.29088305448047413,0.6524834042772123,-0.4238088512372873,3.6812577168817975,-4.986478322391262,1.33334392748678,0.27551258733981,-5.153147741011338,4.057986752754167,Type3,Low,2
-1.7980675971438456,2.2347170570677646,-0.16966637918300598,1.386254095432415,-0.8280212998063755,1.9539903171881476,-2.3779845083144324,1.488019224625935,-1.4991119422427648,-2.382431879452457,-2.8323027601702453,0.39470894760309594,-1.6399277085866883,0.7908355975674459,1.1622024500433368,Type2,High,1
-6.300298755207445,1.2189352323470866,0.11232771336936609,-1.5313158710960746,-0.898049675105254,-1.0416165480252557,1.6982719197609288,-1.1627756899535948,2.159383569329342,1.326176074052822,-1.7706954493819187,-0.24950139987957742,0.4561060391969929,-2.4996118613225287,2.4100546208642974,Type1,Low,2
-0.664722719503303,-0.3068549043534974,-3.7916378954084755,0.5059644226942079,-0.03274016676954971,0.07456477034080812,1.8913313205073488,0.17123704230267733,-0.047452846427847195,-0.14373209853936042,1.5899429849354787,-0.2258514888722361,-3.1780169314448172,2.5708771302806093,-2.593727959488944,Type2,High,0
-3.8241846482732544,0.6941835977034052,-5.444174605707106,-0.6122361432455907,1.0544502271524923,0.9023103740980215,2.2635148807307743,5.187770169326961,1.818188718748846,3.975395401225047,-0.7015146006785347,-0.35102850418128956,-4.835547319237679,-5.896561942093787,-0.38879885692642624,Type4,High,0
-1.9012977228846502,-2.839918982545834,0.5851315173616809,2.0143197483025737,0.13504335296370912,-1.7753904763569894,-0.7036669856716977,2.5616358944046285,2.120663117139207,-0.341321781632685,-2.476211008246863,-1.1354255405753246,0.5144102287473571,-4.770206110014611,1.0107075501449465,Type3,High,2
-6.1107658212659794,1.1960089343000246,-0.8487335019202703,-0.5572386354673055,-0.4295931247583048,-2.369574074626947,1.59963068702364,-1.6459137016690315,0.6601086380236602,2.542393832968945,-2.228254647198822,-0.17655805321626544,-0.6114000613487474,-2.7990386819882818,1.8479547107283942,Type3,Medium,2
-3.666824200575673,1.2067674955687169,-2.549999632086818,-0.17816454605025633,-0.2987892731725994,1.681573353814323,-2.0431168052112882,1.3149614821338942,-2.0235173112272618,-0.2472020282731272,-4.542299507830709,1.0128751316555278,-4.244719503073982,2.1817608452847277,0.020717863410513626,Type1,High,0
3.4640165050227507,3.692117140471681,-2.1018721613882647,1.0183156880426325,0.2782596986290418,2.9699880436956345,-2.426629473304399,3.207349894615312,-0.06433752552342331,-1.0694283717799467,1.2162502276512073,1.1516206068141648,1.5375542534266309,-1.5815305889193012,-1.2372766382005684,Type3,High,1
8.440250112603552,-0.6913361884825765,-0.920026559195317,2.7794788513924864,-1.01771636049522,0.6082703987910812,-3.852972276174349,-1.976355691515348,-2.1828346925866655,3.6978259616669895,4.595053479200313,0.6223557982088727,1.1165497847058603,0.9587953650172387,-1.9914628715090932,Type1,High,1
3.67072944487339,-2.537627171443392,1.3709986917214843,-0.5085277840582219,0.5268493557073033,-0.11214108218759973,-0.7248812108571012,2.0234938219619822,-1.7028574602253075,-2.095750579963051,-1.8501306940079427,-1.6161405618426534,-1.142462812323303,2.2438970758451964,-2.157591761621536,Type2,Low,2
-5.006467521939358,-1.5003851061714113,-0.875743177789346,0.09926195136727722,1.0958248359841736,-1.085908092390088,-0.958619301459854,-2.4827640175000205,-1.6432782127066754,0.0547945597472097,-3.8521892286724735,0.7426299939141227,-1.8363093497227614,3.069249953955291,1.3275148038302964,Type4,Medium,1
8.688234262514886,-0.37654576706162435,-1.9939664922614906,1.2553499414889353,-1.3043317489119686,2.7042337791417297,-3.8652566075169617,-0.695469421739666,0.3832518744945599,6.366597653529073,6.7373378633598096,0.9149382248769038,2.4590127329313725,-1.992576101535218,-1.0018674443282516,Type1,Low,1
-0.7027825213867799,1.240414360344299,-0.40447037843168276,1.3442632072186314,1.6647457327227049,0.06270506876181828,-0.7029288102024487,1.820968038712316,0.7700549748005636,-0.052201260426021134,-1.1218866619923078,1.404511808423396,-1.71993621168305,-2.1071518183811695,-0.5908759232455116,Type3,Medium,0
6.967697709179771,-2.1766252933938635,0.4655909588953767,2.9429389485357578,-1.4697894926351487,1.0522190107611622,-2.9129873845763035,2.9038422870510487,-2.2123507263567843,1.2043867032207305,1.8350073560935378,0.1857107904158947,0.3345781753762288,-2.7820851645367557,0.23521876176649759,Type3,Low,1
-0.4956046747759566,-0.6366595191514534,-0.12809297805847297,3.0244640997792036,0.30666064011898936,-2.914236830929686,0.8474277041384809,1.3087019586940714,-1.500405984597721,-0.7998243026602359,-1.3142653064955439,-0.6402697053364846,-0.9718927991242481,-2.954156207086951,0.07722395725997,Type1,Low,0
-1.528558797235053,-0.6391952117436566,-2.5557169494951184,-0.6453510975606802,0.14908184178491468,0.7129743347224856,3.01338789943186,1.0186603435901227,-1.2913457456851876,-1.5996496377671696,1.4973535762929742,0.5064209447780279,0.29510044699781246,0.8742704194101025,1.2694376812797048,Type3,Medium,0
-3.0186756625802897,1.3910589714186616,2.783897182169233,-2.7686222055985557,0.33553565409693775,3.3441447985916577,-1.2814398918345953,-0.6198949077782396,2.8180564188863104,1.1489077031187103,-0.5275115887999408,0.5917426543810811,0.8635273508176282,-0.76151872756474,3.654841889726019,Type2,Low,2
-0.29157757845979554,0.9585020827384777,-1.201300845822507,2.731775815721285,-0.3108738148769548,2.1279362349260365,0.2596151100445774,3.298833940511929,2.4207591587517516,-1.4036214112149306,2.4370974506864096,-1.2290387019419655,-1.1611766133960235,-3.124732478815738,0.6615829672479139,Type1,High,1
3.9470243870358224,1.4050107798991514,-0.9070486320974644,-0.29226915845729806,1.0307494163525688,-0.09818884714237724,-0.5300378911100171,3.3149450703603884,-1.502223686679979,-0.9730982959067831,-0.526484615133276,-0.9156209051196368,2.7553963090408695,-2.5882344409351523,-1.4497857811635892,Type2,Medium,1
1.1688277956487678,-0.2764027196547316,-2.8333345721365717,-2.7982519008925792,-0.5189570826434774,2.315603046357757,-1.3541122507362564,1.1613596413486584,-1.2372912376032161,2.132563724429537,-0.5519389676063388,-0.2854235209552161,0.8650802770349306,0.8666617555324704,-0.09730116952692092,Type4,Medium,0
-5.8538795226693,1.493141806870455,-1.078518864945158,-0.7623891241140814,0.6650113624326469,-0.3712959743969249,1.9716421370369699,2.4266014078879214,0.7464209645596287,1.2608329556857765,-2.5580919309972656,0.012025584791942455,-0.9808792524299603,-5.378594247600278,3.0893932213739412,Type3,Medium,2
0.32960868288073847,2.0552609762058154,1.131372504695265,0.075248899157083,0.19621711133618072,-2.1248448288198087,-0.06399928919218345,1.1168149969467982,1.5515574914621553,1.8535934324239842,-1.2208399571219677,-0.4747045090048151,1.1004664482918167,-5.239069965972581,-0.8849963680969533,Type2,Medium,2
5.041705960067303,0.0676666648009221,0.5691355993421052,-1.3246289440737362,0.2708421114958986,0.6570777702447005,0.2597226981384735,2.827817766651574,-1.2884161842674262,0.16563513502742477,0.8613420234055926,1.3581526911483353,1.1685704408584952,-1.6025302920889917,-1.1302172323143054,Type4,Medium,1
-3.0046000203701393,1.7775081704385771,-2.656108381049327,-0.8115650503246715,-1.3633746720629294,4.387202469764852,-1.2563434454107387,-0.05379538827915642,-0.6162487177943821,-0.6297788311786927,0.2478450548862745,0.0927013683015591,-0.9875784096054441,3.017300381594929,2.3125000769251574,Type4,Low,2
-4.782248844972094,3.140407447406652,-3.1262613893118276,-3.308997684854064,0.7344634653250866,5.053599197364058,-1.9972466684134704,-1.4850918647596731,2.7106972607482023,-0.21743181796844135,-0.4386153646562351,-0.6234734170904759,0.3812996195810121,4.598595463219916,0.5585794593865447,Type3,High,2
4.0192661461068955,-0.7581057749063933,1.6182582970945227,1.0446226309796944,0.8352724079086473,-1.837402424784408,-0.7631152458112453,1.0105901274729765,-0.17357850728239876,1.5783002893421438,0.3181629585375232,-2.8120642732645935,1.118957973910653,-3.451711858056652,-1.0686449737527701,Type2,Low,1
-6.696005427937762,0.6194543813537132,-3.530764127500864,-2.1009089886648797,2.017488518597287,3.4526518878206534,-0.17230635631888713,-2.084937129420304,0.8497026181965993,-0.1660347887908804,-0.37916650200935265,-1.0622712693450138,-0.27656469269260553,4.201022775538818,2.7803016603377797,Type3,Low,2
-4.171884960477423,3.444166544171347,-0.9772355037838316,-3.95097468926484,-1.485655499492098,2.9103528870904247,0.8186801806566761,0.20162194167487402,-1.6826631560488408,0.2857937217234241,-1.9651636472990868,0.9618628306510899,-0.12460799833261305,1.020037242126023,3.0856410463926074,Type4,Medium,2
0.11876326771219992,2.9971069233386083,-0.0924076852720005,-1.6521532587256003,-1.7703785232805254,3.223031188986685,-1.0205498344265642,0.39553715925548794,1.0574355728986664,-0.8015723750640431,0.5717669184172958,-0.02431605477401721,0.1600843531599644,1.6386450058891706,-0.19840664538915664,Type4,Low,2
1.7816595011046952,0.12286145275379934,1.6250841105806537,-1.4267078851675619,-0.98179235027287,-0.8593218118635086,2.221492613355325,0.6048829677454042,-3.056115346073662,-0.7686863617811812,-0.9063660796329296,0.3685796987868984,-2.9902529856189,1.9061774420892887,-1.1995472187690983,Type4,Low,0
-5.755741655857423,4.36302712287956,-1.6911211617059663,-2.913103629842458,1.6145647607569273,3.909535307579851,0.40545593108407096,1.2261134948410581,2.017726813839512,-1.461405081304707,-1.4182130403708209,0.47314090541592796,-0.07975923011772457,0.4818057266782007,2.0126540535240203,Type3,Medium,2
-5.836809134261119,0.5857477816936045,-3.9584597938950417,-3.7888752540067783,0.11729186796425152,6.578856417176931,-0.3646700665837814,-3.147210180871606,-1.15712766194927,2.134212478325364,1.4890521243532588,0.6197561240663594,-2.7860857716330436,7.182974248489542,4.344082682779428,Type2,Low,2
-1.8573826624367538,-2.8824728169320153,1.1588691528117825,1.1715580373720977,0.8434598963086195,-1.4126002642657796,3.748559979979002,0.06587235794218971,1.13840053139752,-2.432572048656541,2.3800298203270387,-0.15113257809898908,1.7741106546301353,-1.5388783368979408,2.640191159426313,Type1,Low,0
3.3195922976513126,1.5946046934230202,-1.8273443071521247,0.2458590614484858,0.1827131547940168,-2.2942066048837835,-1.2846510313502346,2.3047146591806458,-0.4897444369589953,-0.48678518983357644,-1.73667269783079,0.9979443634392972,4.406007662976662,-3.3765879560264884,-3.1279982838964737,Type2,Low,1
-2.4034192809973627,0.9234517454407173,-4.80028558991056,1.9615120698771644,0.3099544273467764,-1.223951268963953,2.032830845263208,2.7320569510010198,0.8714693247142613,1.64386900106238,-0.18570915112620878,-0.4821983771391807,-5.481607500621873,-2.4928174748847933,-2.969527033699466,Type4,Low,0
3.3599214844790226,-2.1774207235868523,0.86899352030164,-2.23080459817671,-0.7107854986014653,1.4687790644853234,0.4903397093757087,-0.15529572696052685,-3.117510703314139,-1.675052263373171,0.07368575944466804,-0.96169161502585,-1.9325944730383904,6.0696218914453235,-1.3209118670585624,Type1,Medium,2
-0.29000282456562004,0.41803572557837887,-1.1116473854511992,-3.424292611099017,0.3893757998748603,3.619728923569546,4.841842154356861,3.048199013857067,-1.2243143926842974,-2.992737396642357,2.645588625048367,0.1368696179417854,-1.1266083248625383,2.1840267619406006,1.5382185957142953,Type3,Medium,0
1.7815312723572854,1.2073116455856772,1.5886061969425347,0.30992860187117066,-1.2149116447837478,-6.78138592774995,3.5791923672458728,0.2798965539440804,-2.8820024055642515,1.500136289301935,-2.3612342801000024,-0.0014525987778563727,-1.6490913987496454,-3.8516978621513465,-3.3109369135236695,Type2,Medium,0
-5.23767737346426,0.8255831196463682,-1.9547843349224276,-0.12572403139638322,0.6436446259952242,2.5816029642062706,-1.9151038588124645,-1.6423983349571287,-2.5170200676145686,-2.810672868503661,-2.96256161725608,0.5367135862988128,-0.551438169170656,5.292267526236517,2.907943430765992,Type2,High,1
0.1889779328039257,0.10826074828965981,0.5444208368869379,-1.3139858993246545,-0.7309754434660377,2.5321226077685233,2.3442658882078495,4.208796178683725,-0.9013938425082871,-1.9475038758544687,0.37911239621419823,-0.7724172523331104,-1.720845425119808,-1.3026290327730223,1.8700898745883552,Type1,High,2
-3.3965400191737816,2.5814475664688326,-2.966369179557157,1.917213704338475,1.4356482854186674,-1.472666930600338,0.06374000923415735,2.0501055123874083,2.0894911456709244,0.9341784260022293,-1.9892888912705424,0.01815076616077974,-2.5063478903114595,-3.903674308966147,-2.0281434632888313,Type1,Medium,0
0.6273905623542236,1.004884060859036,-0.6677513169535305,0.03099830860904862,-1.1603752506115388,-1.2073967728744674,-2.0928934646880535,0.46623074117340146,-1.9056912022432324,0.5899397784885363,-2.5294574655467326,-0.8594457188353586,3.8212025706083708,-2.563202113793211,0.7575632129045106,Type3,High,1
-3.6249084666853015,2.9211531864237132,-0.20193690251095964,-1.72991535769876,-1.0415266674799433,-1.581525644046633,1.135247884548825,-0.7346812046526265,-0.033527050081792575,-0.021517651893304013,-2.7060191578287474,1.0016454196603577,1.034613539442431,-1.075017534756753,0.17273333866165697,Type4,Low,0
1.4646763591526624,-0.9669730194159407,2.0347714781905357,1.672290879578564,-2.1478501563257333,-4.155530381186066,2.6037593220512965,-0.9074739489471854,-0.7460898921487575,0.7235367679517013,1.2373500414007141,-0.3655126362807712,0.508177552680178,-3.009125760389567,-0.21797555931772306,Type3,Medium,2
-5.003629301888279,2.8772868978695794,-4.156045907995849,-1.7165874740991276,1.3813452682112073,-1.6691284186142168,1.8696827906157525,1.981264697143393,1.790751029496517,2.498665962666671,-2.473601901660241,-1.1724195626719087,0.6655775548743983,-5.281888839122685,-0.5518165609999774,Type4,Medium,0
-4.130265784444371,-0.1344234087204066,-0.32476718084652223,2.3167537043891673,-0.7725173201647596,-0.49086372534627265,-0.6046792947996165,-0.5977144117369007,-0.37459619530733224,-0.6284727641878994,-1.6093928374906667,-0.9676108601799308,-0.9361383339661783,-0.8368770377416388,2.548860320207958,Type4,Medium,1
7.6292912977048415,1.6934849611760763,3.7123894581582224,2.0999767450273867,-0.36772394057126495,-0.9696999398958444,-3.058704396202007,-0.8437525850587135,-0.8435006347143243,-0.36445472767262976,0.825540381139606,0.9962580717807346,-0.6222911496621866,1.3067060411233102,-4.25222379697883,Type1,High,0
-0.1407859157848427,-0.43708608284484285,-0.02639767974011642,-2.27702886303177,0.7165471527344628,0.5743173356095315,1.6554808563955374,0.5189349620315401,-2.1347801307379264,-0.39992289560696703,-0.7796037005816452,-1.0537783546299824,-1.2838313409545432,1.95816269353146,0.35910138051768326,Type2,Low,2
-4.806279240154895,5.008948698529917,-3.3694851607855805,-2.8656044014210327,1.5004280297346428,6.8783958458222765,-3.052339487606001,-1.7058985979314836,-0.6040243233893812,0.5798501107749656,-0.7532963666528301,2.2594321350986166,-1.9984476474715551,5.747495765670158,2.380501435007627,Type4,High,2
-4.321138619377795,-0.7798376204401398,-2.3391077518620795,2.353292146373733,-0.32072956310004025,-0.5749133743367357,-0.694205676983292,2.1079506967044495,-1.299220989961037,-0.8958507204270615,-3.3874085264632154,-0.021553860750971165,-1.3054673455209618,-2.31224969777562,2.1602684865308275,Type1,Medium,0
5.610237507971337,-3.0846362875768363,-1.510502003589444,1.0532676806781476,0.34955765418418955,2.6145894445139324,-2.000540306193951,4.411405055823537,0.450264498453242,0.5914007146694199,2.434521728414773,0.4521693765582542,1.4124166037307009,-2.6170059228434153,-0.21145459327424865,Type2,Medium,1
3.30597347890772,-1.5463400918128514,-1.6553435498838855,-2.1019019438498194,-0.6970175642362948,-0.03708563724579168,1.4063412083048341,3.0403867918481877,-3.082402128801671,2.8522519832778195,-0.557296152198405,-0.7609057800198264,-3.070760728966227,-0.902917829884744,-1.5671097390836812,Type1,High,1
-5.340517374123589,1.1664142829542155,-2.696024714713775,1.1864258116380364,-1.0404648388770816,1.4755495695574048,-1.1357533193644715,1.4881960388632496,2.642352436441242,1.800262565208695,-0.5652028166986418,-0.48091000429941116,1.2548420601658137,-5.239547070445239,3.664439539822185,Type3,Low,1
-4.089086042860786,2.4806443075952984,0.7944959897527986,-3.5269994133608202,-0.8706191375516203,1.383348693700552,1.1307397054065633,-2.639659924450188,-3.658877125921664,-1.1166817615346913,-2.463502276789212,-1.5340901699509348,-0.5097016005905264,4.644988184838672,3.007703745165337,Type2,High,2
-2.701067112669665,1.4734571760285877,1.5431718975441617,-0.7782738635762846,-0.5615575147736843,-4.160747946262024,2.6250818426353133,-0.02664077145365573,1.3423559114535477,1.5755655124070198,-2.03274823008923,0.6134157022483732,0.9971633498598382,-5.324560256204279,0.005654211244244034,Type1,Medium,2
5.77848883352873,1.3137606823302082,-1.6870531595180598,-1.7493261752842404,0.45479945567380353,0.8190648294191791,-0.669699148608695,-0.7672928725397901,-3.305989594949993,1.7851803680625897,1.4288217315439065,1.1725905330973148,-1.5923074086303677,4.273609098955335,-4.0531036503098985,Type3,Medium,0
-4.900231038385508,-0.5330148404349915,0.6926355781721214,-0.9877201212938331,-0.3613041477015429,1.9587245183438673,-1.2391721326772933,-0.29192468241711866,0.37049380091963413,-2.2078632855029454,-3.591777563062279,0.45705739670714696,-2.090547026664821,3.314574273647493,1.8756906240210403,Type4,Low,1
-5.923574555412715,-0.9653657210870163,-1.681284202733612,1.6400787086840372,1.789403564306525,1.4154714433854414,-0.09363309813171317,-0.6602693416793737,1.1118723252338079,-1.578285894149162,-0.9602351333286847,1.6542842544652332,-3.270119864151556,2.398023777872723,1.864499480565248,Type2,Low,1
-3.2932087818160616,3.2919952007751565,-0.6813016321510417,-3.27015429301883,0.07417550124719736,2.9470230883094595,0.46480315871481026,1.5248728733333996,-0.9916156170152353,0.038660632412525375,-2.1087757065695536,-0.2127825127220916,-0.8715412522423107,-0.01893942342244901,2.300507486960864,Type1,Medium,2
-2.908442638602571,1.1839717526151035,-1.9810489762198005,-0.313643386262475,1.2498152878598012,1.602851633806111,-0.7341341982394824,1.5172555706911082,-0.9579017427836793,2.8890532720761484,-1.9288141404473098,1.5828092713363926,-4.009887164741024,-1.6153827401724046,1.4608310391164996,Type4,Low,1
-1.467594384862681,0.689707324513155,-1.55327503442897,-3.2767657297300055,0.02676439775223908,0.037544497871438716,2.5535548155741115,1.0463314419818652,-0.8064332668178441,2.572944490776423,-0.5860834374081076,-2.347395646413385,-1.2254738613559653,-1.3146774338030207,0.285225122155661,Type2,High,0
0.3145167721495431,4.242445717765099,0.8107140250559124,-1.2660088568487486,1.424893676638832,2.3250556750506637,-0.9373364203632704,0.8894941385014203,0.2891192462035572,0.30050073779038056,-0.42182800030891543,-0.7648697349896997,-1.5017484733352897,-0.127397186608681,-0.40837467143451733,Type4,High,2
2.466077071268674,2.5882550557259183,-1.521816638006484,0.3138292978668731,-0.026802787079873533,2.267632794548995,1.4243613908676438,3.3710847110502438,-1.5540644813092785,-4.791330515500669,1.1938240949630679,0.3880261980090746,-1.5089451510248486,2.528500243693059,-2.3107208920351368,Type3,Low,1
5.613210067659334,2.0098631431713314,3.384320993726695,1.1036694596766043,-0.7557030035596204,-4.346375403651881,-2.2239987727125046,-4.2100733904051095,-3.450915636933431,3.7409782901968525,-0.07943841138745533,-0.1056496404649442,2.886191386115588,-1.590493751920748,-1.354885945775738,Type3,High,1
-3.163696788910145,1.7866429800402726,-0.20486457428015425,-1.075949627080406,-0.4883837695554094,-2.022321317936371,1.836990809633562,1.4363739909620796,1.0826841581217383,1.6929049662385793,-2.2243488549623596,-0.3041546491212015,-0.11989099781730606,-4.907637012590465,0.3997320555115751,Type2,High,0
-1.9456839627656028,-5.09687564885158,1.9516803750981957,1.5442825514498164,-1.7003015822006398,-2.9580813523775427,0.2632404042267358,-3.6034191691869504,-0.8569030862870566,1.5974443324464302,-0.6045081531456751,-0.0679902243048342,-1.135510549268379,1.169652001180495,2.06463810768058,Type4,Low,1
5.216246523329198,0.11159153418233636,-0.7826450264306024,1.532660093461235,-0.9231729152630268,-3.0001300739901375,-2.19793257565071,2.8202279222646327,-1.0168516296938621,0.46954654977154686,-1.8368233286669038,0.21519489017089477,3.6519364135291714,-4.672468196944907,-3.1783865423971798,Type2,Medium,1
-3.654972290924522,-1.5618058441220706,2.5096467503475544,0.46520389735281875,-0.005954377574845044,-6.184860090826739,3.5727018937972597,-3.060889833835852,-0.6958239688759571,2.877387206963487,-1.158715117035484,1.6147683168437459,1.2071151500897268,-4.7292432889719604,2.6517188492188506,Type4,Medium,2
-3.1056262197142583,1.6793327448157176,0.7902649309506442,-1.9686411760701574,0.025277013148469495,2.6298296739411864,-1.5112523112282317,-0.1388190103177409,-1.2763098926698722,-4.453324172217087,-4.121347695050579,1.225723201905533,-1.2800997891198622,5.839902755678,0.3930172955856609,Type1,High,1
6.126849979887671,-0.9687703149094529,-1.920207721252384,0.3384265998527549,-0.20970572161881315,-0.7901682183739207,-1.1009923618909467,5.3696294606206045,-0.43683817309447415,-0.48233550528946956,-0.758711578957225,-0.44138050852339505,2.1431635123247306,-3.7148611502205355,-3.8136141092681926,Type2,Low,1
1.0430540044349963,1.873710788878403,-2.291470390412041,2.5864702719832113,-1.104604954155374,2.354990531922867,-0.26416061729427864,3.18995119627729,-2.5581761512906294,-1.174884941337397,0.9031813481148152,0.44756917808902563,-3.649485100291544,-0.38768344568715735,0.30644519670049586,Type2,Medium,1
7.156479666263112,1.0783331881646916,-0.6975341297977631,1.4850558494107882,0.23362537365415853,1.097139862602001,-4.576067747463941,-0.37244232137094335,-2.977263988472564,2.1983485330480033,1.6679837060338247,0.6676398755133396,3.0637856803970323,-0.24735395928158344,-0.9056386058052477,Type2,High,1
3.5862501683213726,0.08648680030654954,3.2369684098792266,-3.233021703579915,-0.32337584590447205,1.1789237921560933,0.14562613754310827,2.5801421612828364,-0.6924052467902975,-2.9474142211709893,-2.3422662350332955,1.028640610073081,-1.344819760100956,2.7940001095539917,-2.680560494710975,Type1,Medium,1
-1.9264211779068334,4.617439733047755,-3.6597402607315694,3.7224647357101177,-0.19245288176091954,2.6569682892611906,-3.750721948832431,1.7372451687777244,-1.611999238770796,-0.8110312186159208,-0.835564121227111,0.7940915391664592,0.6044821435242926,-2.3052849453789306,2.2385744354191806,Type1,High,1
-3.3118563973141883,1.7266886451562966,-4.894854057019591,-2.9828810565889703,2.4260467839819433,4.6669142021972885,-0.4330885971130556,2.3621010161242273,-1.7109068611933334,-3.1620574048701515,-2.1804586111163022,-0.5313454903849577,-0.22431795216026218,4.645067699551061,0.5998000148300291,Type3,Low,0
4.8125487337230295,2.8385901278776853,-1.2127810965279657,-0.8417310415657773,0.6336679412485579,-2.455177302641306,-0.45479145392179976,2.0867848192821468,-2.3150130138111273,0.021857522154260844,-1.1889041637323685,-1.6567384541445032,5.458056338383397,-3.7588846673765777,-2.6022225454725714,Type1,Medium,1
-2.9007082117909913,-1.9435365180636157,1.2082208321977277,0.13907939756384757,1.063863464077885,-2.0547961460622735,0.1202839429560455,-1.6100145807355486,-0.6635745461923003,-0.14886939035759195,-2.718112160189335,-0.7562216874110345,-0.657679746691132,0.7644624862224875,1.0777813338363453,Type1,Low,2
0.5661516271189145,-0.9705049941494301,-1.5510855893880615,-1.066231536489143,1.8122306622123627,1.5702278279255013,1.250496727306127,3.520815848984185,-3.8998680848894964,2.3320035263764978,-0.4873072087460181,-0.9344656698352467,-2.707591892461745,-2.5131801700270375,2.691044975008838,Type4,Low,0
2.8321871733359423,2.0372875738981415,-1.7268567137739774,-3.5487384443086554,-0.11659342210572768,-1.8238344394177677,2.4781422259898473,-0.7889211144470798,-5.550430851467851,1.3395721641798208,-0.7456617452782865,-2.2473031096242413,0.5013242047084878,2.2393483499081897,-2.1456964646589967,Type3,Low,0
-1.9208906286719327,2.5573189598254844,2.809399357190977,-2.7646932717303585,-1.1574252964097616,-1.4157219410495763,1.2940325022121346,-0.7153048795914774,-3.1185409642421646,-1.6981245387335187,-4.070931077854135,-0.7293653506359464,0.725624360282124,0.8177550101569644,1.2929839206498779,Type1,Low,2
6.541669993060239,0.5415494321010552,-0.5313507076958777,-0.7464542703535544,1.0385951156815743,-1.6740156904356762,-0.014177753692522943,2.2710768880931944,-1.078409047637949,1.3946938749238713,0.7010959212325286,1.0708423528589326,2.059329326855302,-2.6073213303297673,-3.8250748319730876,Type4,Low,1
-0.6313835668406942,1.988129528346437,-0.1417232970650808,-0.1537870023481449,0.311937625540629,-1.4186749992903356,-0.037197049721083175,1.618981030181792,-3.239563109499273,-2.9117490227339076,-4.417819907163818,0.9495332678899792,-0.5707243375376208,0.699548036017287,-1.160722982954216,Type1,Low,1
-2.244907743524364,-1.3387414324165783,-2.108148836238719,1.2237782261997836,0.9005758955652866,-0.9841883776749052,1.3243768333435075,1.807595668809781,-1.9034955841401087,1.5646692697955489,-1.0116780686095874,0.5515788667318559,-2.138052773899042,-3.025798749280356,1.904503248108926,Type1,Low,0
1.6432458398001561,1.2835379609110291,0.1281901214107346,1.7569503417441004,-0.6448953238382149,3.83406952531509,-2.537707218424712,2.221415970094915,-1.425361386723447,-2.2671239709466553,0.32763861460731225,1.0622968819112963,-1.5259830015638793,1.2104875272676412,1.2725315189658448,Type2,Medium,1
2.4570474532429483,0.6678538677786876,2.972214168,-0.17435280713908607,-1.057910613619455,-0.8715615864559383,0.4451097593134641,-0.1406809452218616,-1.5799018887528349,-1.5875471558192338,-0.6828628319085014,1.4135730344249247,-1.2320157710409896,1.5264350540456157,-1.3120776709315922,Type1,Low,0
4.063218705416913,1.0264584091782152,2.056152274061689,-4.09145533973661,-1.658736251841615,2.6725610316128727,1.801036530870494,0.9136148705861038,-4.874692932945625,-3.205512534233703,-0.11380947429702382,-0.35499040046018,-1.6878877856919028,6.318441401141827,-0.7352267674065176,Type1,High,2
-2.344245166717319,-0.8322572245957575,-0.8534365432641688,-1.2942790300781375,-0.17196967150938822,2.2033409384349567,-1.6124161383538835,0.22966337412352433,1.3152672752754277,0.9775670372492926,-1.1228801612374135,-0.06055935062546677,0.045972971365515036,0.38410788273524643,1.6056298224143748,Type3,High,2
-0.6101609283142161,1.3698777216808664,-1.571464238836002,-1.1415805757153616,-0.01738073292164037,2.9373258908464184,-2.2330932058341073,-0.8600934769890833,1.8637846668932911,0.49510952426200106,0.5646115749104643,-0.8988581721076221,0.37357784691811935,2.460724170984791,-0.5968555119643666,Type4,High,2
0.2610997481745167,0.08980377660414085,1.6979868277868135,-1.3393734309467704,-0.6123644367278854,2.7954331031769737,-2.309985049717561,1.45405811111238,1.2564475706890037,-1.152347873885552,-1.212277989420914,-1.1792580002954482,1.682154977728696,-0.123357300155364,1.543143591872052,Type4,Low,1
-0.19461845593006855,3.6277261903809706,-4.685059131760651,2.0574448523566318,1.1309387925618508,3.173188056087874,0.10597586756707367,2.9587500417263386,0.6579371727516623,-0.0832899550820474,3.4104941967244846,1.382330080304381,-0.12526069054410016,-2.719566068348327,0.5311151024727382,Type3,Medium,1
-6.367738880820694,-0.31313897910644384,2.7915264790275116,-0.22618459367016375,-0.34125602032129265,-8.447340767208392,5.826747096687254,-1.7092356776410058,2.2182421788247084,2.636640742053663,-2.779483764428903,0.9459521410358805,0.7344662975410061,-7.993115174022609,1.05615189221285,Type1,High,2
-4.669549071110288,1.4260850970570809,-2.150321500234922,2.7217143454368875,-1.0718735209733135,-0.22692576287004013,-1.2992299617587089,-2.1103837232395946,-4.727468991159998,-3.368505247110829,-3.3895254821763294,-0.16369076310907998,-2.0677022210334455,4.769067140171177,1.7323237929956723,Type2,High,1
-3.7217903604519944,-1.6575505876699357,1.1664668949209802,1.4032472751141345,-0.12006786026666219,-1.749528059576505,2.4337637751482264,2.767657042192529,1.507258196410215,-0.40331425280823474,-1.2403497218077966,1.6348611666164226,-0.5463334229177198,-5.982765167608759,2.995505194932429,Type2,Low,2
1.5208430219221407,-1.0124694955701772,1.5395226877958392,2.0232144081941814,0.5767630368056954,0.493906901378403,-2.168403167331331,0.30000435714981377,1.0440765592780883,0.8668802868166258,0.8755975643111434,0.15558821386487437,0.9244817260940668,-2.39607329900969,1.3873013787832904,Type1,Low,1
3.0673637334396737,-4.608730713704203,2.0350552064020615,1.3737162621264192,-1.0754757117633582,-3.8553263341886312,1.4701471528582495,3.034020035505192,-0.8760487255716586,-1.9163664845093897,-1.979762669984972,0.6912470088662062,-0.38577204622107486,-2.3425271065326756,-1.9499966843807637,Type2,High,2
-0.06778834481519525,-0.30608077422426605,3.733841305437904,-2.26020556330083,0.2533961534892248,-1.7702154392755385,1.1917843984303436,-0.6222104485999655,-1.5880093279613048,-1.406496551446521,-2.6221138975476794,1.5185485564446033,1.495320251852593,0.36833761169741824,0.9317907347997615,Type4,Medium,2
1.6624338847207345,2.7196797969347517,-6.316204960157845,3.659791916190473,-0.6537906823706545,1.2423876253901043,-0.12316329435895412,1.7847036188178613,-3.02587075793816,3.0307026911569004,3.9462431008973384,1.2302529817992063,-1.044691260947835,-3.4318239677517486,0.6176890200699735,Type3,Medium,1
1.9823407071521921,-2.9699087991850783,5.107400254838773,0.1125310739701666,1.30179276664542,0.5453131194433286,-0.3821185866793748,-1.1761545613792617,0.07576993513375196,-2.2550166373902885,0.28115810404099184,-1.7153192688490282,-1.3403251453959228,3.3797780285065957,0.6777444905522099,Type3,High,2
-2.4897465740648395,0.6190401638379623,-0.6760807067432202,0.11844612378023323,0.0673806024210696,6.615485245529315,-0.129356275302148,3.967324671921942,2.2700415597133214,-0.5693220210938914,1.9504842533508313,-0.4203574784240349,-5.056441119365756,-0.4063462426698182,3.22152164512553,Type1,Medium,2
-0.3641927529044262,-4.601895851555283,0.5556257918211762,3.0392676643029386,-0.4856854436871016,-3.3469238397151932,0.5684528097339134,-1.5724464488038037,2.681120625226352,-2.5740109096461845,0.9017814963932045,0.6385795591670874,1.9968450364937107,0.6840533679223527,-1.3729514437734434,Type2,High,0
5.676043525757813,0.3759881659222313,-0.9394562195101785,-0.8564573057862221,-1.522477652210444,-2.0840172796845238,0.8000737366884201,3.235958139024278,-0.15503213735700017,1.116630312730314,0.5988796222328556,-0.4063242279690111,2.9038834535134312,-4.294564537211263,-3.5713692629166816,Type3,Low,1
-6.791272448964413,2.81506112769858,0.6503464651785205,-0.9215444706396588,0.7406481588024338,3.985494631893639,1.462435619701697,-0.3379849516877831,-0.5781535806260081,-0.781223242642061,-0.2722294669759038,0.755362615868472,-3.924456013182269,1.2623928368387474,5.524928176924955,Type2,High,2
-1.840465957789776,0.3059383582062536,1.2874512076931774,-1.9397584657322198,-1.4678132924989218,3.017266653194874,1.2170453694407057,1.0778393731464804,-0.2017506570159331,-0.9217350951978047,0.3693945624765449,1.197785937947242,-0.9151353046188055,0.5360833343562978,3.2856629152921437,Type2,High,2
-4.46276425995203,3.4719573894620566,-3.099649084248645,-2.8324016075524057,-0.10552935873192433,5.327718346163069,-0.8620865754649851,-4.105716547476323,-1.36599030043626,-0.95202426319256,1.4465324120106602,-0.46209766898870086,0.6557543294086332,7.7892812596060494,2.8714240468084946,Type2,Medium,2
0.777549409878673,-0.7245793568689352,1.1460377114608167,-3.7420169432030903,-0.7569863241880902,2.075205619093336,2.342422456447391,-3.2434962975592425,-5.423518048342747,-1.9242323034246103,0.794037544014478,0.48590000618704365,-2.3591257423167042,9.472952852735478,1.0099299929585712,Type4,Low,2
2.344890670737035,-3.0954182726027297,0.8293947320066142,1.3964878285472508,-1.6987793078475364,0.6908315490687436,-0.7093350790146449,2.941567529312375,0.5941610470884333,-0.19554590162840912,0.8967075254677986,0.13194024092515289,1.156960090246552,-3.2997564472753846,1.5548731036106722,Type2,Low,1
2.6912538032639732,0.11196754711684931,5.986440562359946,-0.33248777438519383,0.21639487424794848,-0.8446988150616428,1.486695179038582,4.06956742723351,-0.5736890855558183,-4.042301833469236,-2.1519441183900136,-0.04359603445081443,0.13847887034687578,-3.170254797654673,0.5974063876711382,Type1,Medium,2
-3.5852866408499575,3.729781318880728,-1.5508606826269102,-1.5941885806286993,-0.856184454044946,2.1449288278477705,-1.5318813079670934,-0.02010710130894322,2.809455350465987,1.88016867410074,-1.7477676669432918,0.05588927953999875,-2.8096024544336196,0.31049218459549943,-1.2661380627415695,Type4,High,2
7.091313361411025,0.31487395448632194,2.300247648660378,-2.2886847586953607,-0.34328159429596883,3.2604269215013546,-1.2428349206388132,5.096025895177522,3.6660646852110848,0.24052231990086637,2.2348753368534897,1.1424046255826095,1.9167308663354032,-3.550085339867587,-2.2941576751425936,Type1,Low,1
-1.397834607562559,3.1898713980203164,-1.8882163846015505,2.7379936877305617,0.010709409439417868,0.6036359241645362,-1.1193569389457871,2.331777395449299,-4.688733717381972,-3.5845874890940723,-3.1878349784521514,-0.6596380545199162,-2.119778677821928,0.6064843419605911,0.790263450445283,Type3,High,1
-3.0874752494260305,-0.5947003824703774,-2.03911559817461,1.2405821892227662,-1.3099243199660973,0.5371615186046023,-0.7845194800959714,-0.9703136832453061,2.751421567158929,2.5306053367817083,1.5220380908855478,0.5396068350309917,1.1440590813472582,-2.5846979768166327,2.0747318914673607,Type4,Medium,1
1.7791036645495477,-2.0509638569760167,2.440031493776148,2.457365305803025,0.7229587562584417,-4.287108572716004,4.030556429501104,0.8406614372093181,-0.5728960985496103,-0.8437235659797995,1.7095330695622546,1.1674280740407892,-0.6699325680549479,-3.6235471936339807,-0.2996464252608766,Type2,Medium,0
3.4299116588993432,-2.4715852743225004,-3.2091213622513886,-3.8207925736080237,1.044597447378469,1.5634388105600214,2.068683477192689,0.0784021952663766,-3.536355600437589,2.637216172240283,2.2203562176041216,2.0418540868630988,-1.4622122476217765,4.097090770009333,-1.255611877474858,Type2,High,0
-5.112523938381897,2.8890134661953972,-1.2391381657693445,-1.2389759670001592,-0.39998166000827745,-1.2034107462089083,0.9289182362132351,1.30558378807333,2.044207531972304,1.707690126556419,-3.1204805473536465,0.2848393011864897,-0.3926573065257608,-4.53800074018581,0.36743083696944223,Type2,Low,2
-1.2044191293344926,-2.2224090436354897,0.6721351306172205,0.4723975707260841,0.9787111111740064,0.26165194668941244,-0.4703936669197899,1.3252805106238328,1.327978884642861,0.0017357634493535556,-0.9684493206443053,0.8247263799064221,-0.5556081656399579,-1.557961885792699,1.2198822398490914,Type3,Medium,2
-6.259504035282436,1.984842585333173,-3.71647461050728,-2.164415384371155,-0.3310923111239177,0.8297040651698857,-0.947932479849964,-2.4366054880649513,0.7777988750364258,2.5553392242104938,-2.2586821455418935,0.26872139437193016,0.2381460382219761,1.2827566030558752,1.1194868745300652,Type1,Low,2
0.537203216552311,-3.474339315133037,0.800083354034322,3.1611892942136697,0.5207929984500359,-3.961441587406764,1.4666553297314642,0.07803508028209782,-1.0415122462991695,1.4057792947222265,0.4359941358463597,-1.6828436951840477,-0.40458735023846537,-3.95258616263502,0.9831391555866645,Type3,Medium,0
6.406241523813528,1.110512998585456,0.45987956117976625,-0.33809350501222,0.014076821331431039,-3.959147476342953,1.1790366437992579,2.514740739319674,-3.7280751470261277,-0.29380898281579215,-1.3129331687083505,-1.445414246976224,2.2733567355217996,-3.000645894399752,-3.7440355307556366,Type3,Medium,1
-5.728376206972466,1.532539132176352,2.671983501919995,-1.3125460900975177,-1.9073054120491297,-2.1363389874842347,1.4273850111745694,-0.14903593533000414,0.9116969928251153,0.364245899817083,-3.582054783808272,-0.32456866459546924,2.3316907805288567,-5.1506718747038045,4.095853880574964,Type3,Medium,2
3.299568373041122,1.1221358991953259,0.47791993102806907,0.4561221712104283,0.4329659175148597,1.571053756498243,-1.6055626254960988,2.1694480798104854,-0.8532060796946231,-1.0343184719286584,-0.14596940074849196,-1.189130801558776,-0.7509410293696355,0.1300283784004333,-1.232911956622913,Type4,High,1
3.7955558557133826,-4.341187271375601,3.9465357028261745,1.8968448553373976,1.0486590282133506,-3.5724264077974026,1.371247319780403,1.6050787783224965,-1.9575601556734337,-3.6628050607791875,-1.4922262097854315,0.26655144399115943,-0.7682369659823589,0.24052834368201476,-1.5780121801912572,Type3,Medium,2
2.2846236306743966,4.431025893707849,-3.9146403819255955,1.6345549150523053,0.7063567623952876,2.2909922101906814,-0.3019075678974612,0.8957614211558556,-3.588408594729336,-3.4667553332204735,2.344420872748003,-0.006734145762371445,1.7434052546125436,2.546352890717846,-0.6996528342897683,Type1,Low,1
-7.766360787057995,2.4238333777679695,-0.32531761824689365,1.6470830298126367,1.9117578013098968,2.9576744702228304,-2.4166512598039236,-1.6099341098193833,-0.39128768990502605,-3.9315842451728518,-3.6039510870435696,1.294763431412261,-2.898037171582761,4.553812831201006,3.3129230890719197,Type1,Medium,1
4.5909980283992065,-3.3426037605723247,4.098148926599424,5.81093854675245,0.31371057996141216,-6.4298717837677755,-1.4076698399104237,0.24274984686305,-0.519829465865717,1.288428474219045,-1.3114921207662102,-0.22979917405279157,-1.3569941533167587,-5.2755575841359255,-2.344000632890439,Type3,High,1
1.9988228417100686,-3.0832069214922417,4.855525940691207,2.1683736339411857,1.5626158246707789,-2.273985927033422,2.2095327653706764,2.939443800349988,-1.066720730737814,-4.383915545881326,-1.0294614685990837,-0.3661916386486347,-1.147240162230792,-1.916506207258655,0.7121014736207698,Type4,Medium,2
2.635207871512057,-3.4208294445578185,3.527192497696142,1.5997618705450627,0.5216414117302741,-5.681400940035864,3.7449233096831303,2.6629996997341037,-3.5845938022592305,-3.685194637928151,-2.9858478661067203,-0.0759376371707834,-2.002147779725512,-1.4887330643160006,-1.9456413960402825,Type3,Low,2
-1.1259453759685312,-4.759072168373411,-1.0353084439271665,3.0881662815893463,-0.2543879071029957,-3.6497675259360345,2.8599797914046694,1.9637753869794166,0.4402921532083637,4.18680189565211,1.1956783570168552,0.9998089836291046,-2.7595667274525026,-7.145011708011637,1.6463487094341,Type4,Medium,0
-4.302998640262446,2.0633453075120727,-2.722885464992701,-2.8975197911911286,0.21998696828150868,1.9237446696178326,1.5379038800086016,4.051005072231031,2.4971144557272806,3.113499571306114,-1.385276947104068,-0.2607861873723939,-1.2052758279616336,-5.73355939225082,1.629134961242535,Type4,High,0
-0.5370044885326577,0.16562019575108688,-2.0590518039265993,-0.42450914757376956,1.4483994232518627,1.641573193787211,0.8620659173070178,1.2946994945758359,0.2509454301196139,-0.12117511040774565,0.814936024251423,-1.3863240807784079,-2.442957345639848,1.2148443188805176,-0.7948509397412821,Type2,Low,0
7.233173924357322,-0.8223299529397288,1.9443615781739998,0.21994623884974374,1.0408916439114408,0.7661607860301209,0.23233136364537565,0.2008715770672338,-3.8919660235778766,1.7300210330860202,3.7693900033373176,2.5896463483355454,0.2088292568285639,-0.14460112467673514,0.7178146956748017,Type1,Low,1
1.8409710679080857,1.7057750610141351,1.6119976882594105,-0.0718514625131832,0.06923611962887509,-4.35915784490913,0.1330609268496099,0.8568313818363197,0.08153397988730382,0.03038937230074301,-2.616403359432537,0.8469543083355965,3.6471963759373014,-4.660071019148335,-2.214570202274454,Type3,Medium,1
-8.784948736944578,3.436675782240843,-0.6886658431412176,1.8988823576737228,-0.2493477004934708,2.3854203010136437,-3.3593415515685128,-2.231476697547631,-0.48984559799578553,-5.341918472403614,-4.819781427171784,-0.8511516934635965,-0.02307545587082216,4.521058136560514,3.670389806944259,Type4,Medium,1
1.5997987279353232,0.963973125227379,0.11020526100540118,-0.6670464804530796,-1.416941475259401,1.8176256641136868,-0.344145590481612,-1.7637332663642116,0.8832131476750066,-0.9065468243360328,2.4739699619255857,0.9496593586124389,0.17812840771894356,3.895182376394801,-1.371212342497294,Type3,Low,2
0.32356527452679384,0.3503851553074061,-2.56816666930757,4.454625848401976,0.9891500401425736,1.5894528946235367,-0.8426451065694474,1.1342773089124456,0.3471337143620039,-1.0479148080829404,3.0096580361450727,1.835580437856084,-1.7351856932295575,-0.4991536045118951,0.2685783339572845,Type1,Low,1
-2.029199799319529,1.0209916308455098,0.8000704952484399,-1.2255565205083585,0.05378512588327067,-4.446053696492565,2.343870526924695,0.35176919538863394,2.5881533458561563,1.7364458948483366,-2.2569786909169136,-1.2731136619784333,0.9551541153155859,-4.9469676217503915,-2.025938791823389,Type3,Medium,2
-9.013738930936313,-0.17519761032618897,1.7640376838674796,-2.8889873436641342,-0.11664924688905674,-3.6434510767829926,4.9256645464649615,-4.328302653645229,2.888936149596778,0.5743797537206994,-1.246718693593627,-0.4210627495810095,2.4088737128242066,-1.3299865315268236,3.4665422833022217,Type4,Low,2
10.080263472102597,-0.08036503004364137,-1.538985263028331,1.4024526114099405,-2.290981438374425,-3.1900758233879833,-0.9982585009025582,2.8780417584269946,-2.3758179778380546,3.243089471602888,1.9021027997109894,0.5027512306645171,3.25526710651796,-5.385095894172742,-4.637768008783553,Type2,Low,1
-1.7235831591720283,0.4139768011451377,-3.298889533479609,1.6580180248283871,0.5043991965754544,-2.8671482482251522,2.271380191737578,2.7045613974928955,-1.6980818441046652,0.47017701995539407,-0.7924868563502862,1.0131034272295656,1.9687002797308435,-6.081889881182628,1.229706816273556,Type3,Low,1
2.114808694676174,-3.7423246474982954,-0.37107587182483903,0.26426498350491157,1.0088695027671408,1.8019992456183613,2.6030911337810734,4.153233765673661,-0.6235985669591464,-1.6751449194182795,2.177084616753777,1.4325098198225428,-2.8073526028912044,-0.17396238831351238,0.5821551785195344,Type3,High,2
-1.4295985246444285,2.3534123155502273,-0.9452371933160247,-7.533179480631243,-1.2279891832805916,5.811452106481343,-0.35073808922902283,1.2364212023654733,-0.4161069652435776,1.6749798643231517,-0.6743194610236174,0.9922747294398715,3.647788992308282,0.8384178439832733,3.8454718875538685,Type4,Medium,0
9.189314005967443,-1.9393906099638345,0.7876400771283253,2.0739879837779185,-1.4046529172800495,0.8583581052401859,-2.5115775588368816,-0.1900174232260412,-1.9847464234599865,3.5769044778138888,4.185658355914633,1.5372832973619506,-2.3996956107589518,0.9613387818316996,-2.6839826728428906,Type2,Low,1
0.3396265238793235,-0.3178905726516763,3.4767163493574,-0.49284057531965697,2.229464642912334,-0.28587923134420434,0.4679254413221202,2.15348685862549,0.4015904325520643,-1.6752948479049943,-1.7234442821863278,1.4313126129013696,0.3331615973592774,-2.3859672220482526,1.144570334593425,Type1,High,2
-3.937004024915093,-0.5014467169298755,-0.18989619440674277,-0.9118409279453419,0.5479894893255806,1.367903132483169,-0.5577719643903369,-1.4111141769158695,0.2551645553664683,0.7501333279231985,-1.2638770512577742,-1.0336088569434467,-1.3947858071925718,1.6807092110443826,2.2777332832781867,Type2,Low,2
9.303342202391057,0.9193859380046985,-0.7138195766830453,-0.8877095456434139,1.8572841881277753,0.5654846708001081,-1.6750980971779832,1.0175380887060341,-3.112790562054232,3.077925447141602,2.9858766481473915,-1.2131878367886395,2.865859477097713,-1.1490896498934453,-2.3672700691900963,Type4,Medium,1
-2.9483455624284916,-0.22429551734115027,-0.46114807031938676,-0.17431639754208283,-1.1557412736009913,-0.6964998317378711,0.8191497680806467,-1.4110550394396246,-0.6668591735259435,1.1117519957896675,-0.4934945605806468,-2.34840562880592,-0.028067135424341583,-0.38639672198955727,2.0460785400346015,Type4,Medium,2
-2.1371953631842655,-1.1682232816348206,-0.5792047728358645,1.0916448491447976,1.036064430399516,-0.49063492005654724,-0.5858129914473273,0.4260816938772872,-2.4675309015635225,-0.5915286899137908,-2.0724916929949835,1.037524842395457,1.080977223674794,-1.1859794114038054,3.1285721509469004,Type1,High,0
-0.7888376051242737,-0.7891981692651658,-0.28163639716827993,0.7586342292858524,1.3547467456518398,-0.010973388081943907,-1.5962904465905448,1.43793046576638,-1.0440137643310305,0.16532987635818652,-3.316523608425952,-0.1111413251951515,-3.9656938436852056,0.6270506038225724,-0.986204591879488,Type3,Low,0
1.1984408458439055,0.3439158485706757,1.2972800212259281,-2.158004752518461,0.19504708055221823,0.38361957937105196,0.8971718286731915,1.8617143617469938,-2.3537273613782683,-1.8384931289375603,-2.085224335025443,-1.309739501988946,-0.4619789787312374,1.0784947830685496,-0.19292314231597607,Type2,Medium,2
0.10480655637871762,1.111168051567106,-0.6918365569506025,-1.5326619913755644,0.17180449071600387,-0.7089363522288235,1.7712167361171671,-1.0736007094417892,0.03902458194573555,0.41425540046151865,0.5649580728657277,1.5043080027023767,-1.3118826650340218,2.0287095681822978,-2.346678461501038,Type4,High,0
5.978907292593289,0.8130309865864346,2.6407044750794553,-0.4015392430690873,0.5878175644577087,-0.5689949882709221,-1.0455148173930118,0.2508094211760902,-3.0333611172929444,0.3975880786373155,-0.4088837463429471,0.2951265528652911,-1.476867904370355,1.3717803364660548,-2.5713630118304938,Type1,High,0
3.249036145928361,0.1644146309273249,0.8798623172837975,0.21079799816008304,-1.5726688480083009,-0.285211001457328,0.4959250572377152,0.707200792257138,-2.362819119691772,-1.631132657311022,0.5435909000985782,1.2226891787626726,0.5419525695592646,0.8687161058410443,-0.6720163053238226,Type2,Low,1
-4.696469129721214,-0.2635158947958476,0.5209740647857626,0.4226033011097522,-1.8775833652979093,-0.355995113983011,1.9561770683897575,-1.2301784986875903,0.045266546522981344,-3.2353944734116746,-0.6296232409289022,-0.7999666467484103,0.3356914797331798,1.6160873370008857,2.490352137581957,Type2,Medium,0
5.431912376684587,-0.407722652756629,-1.6512827527567322,1.00312944068103,0.06760029623244934,-0.7804218567800366,-1.6026378179415732,2.357941148552862,0.4917518595414132,1.8791211125982445,1.452106761626658,-0.2314810695710949,2.905998476967086,-3.892208226863119,-2.5102675573897093,Type4,Low,1
-0.3521662267453153,-1.4297404476118358,-2.846671446185093,1.0414022367047735,1.6993226904255312,-0.5287480078567035,2.345174502595012,3.2987308175629937,-1.9415351971627395,0.49432223496490146,0.2943214735764317,-0.006705839785366929,-1.985582003033282,-2.851441891687533,0.7065912913884441,Type3,Medium,0
-3.4801877183520613,0.8626912012874656,1.882674030888797,-0.38445973226049834,0.6249630727935845,-2.3288400836452334,3.3540914010001894,-1.3444470739072183,1.2797164158346404,-0.2764339969408107,0.3288182438966929,0.03969764518158545,1.108847878421388,-2.4712038587065623,1.8883940094852174,Type4,Medium,2
0.6680442963672815,-0.8266674564647114,2.7050188197887444,-0.7995297392729109,0.8677669605328829,-0.22120049238088663,-1.6228048073932042,-0.1337730089466529,-0.9370920044999966,-1.645873861079721,-3.1998264733833732,0.16115199018731072,-0.6873637487991587,2.3234954630515525,-0.6412138147036164,Type3,Medium,2
-1.1971326538996023,1.0648260323953576,-1.0927500090664284,0.47513097311481634,0.13589436418687145,0.31238533034159094,-0.3027122556659787,0.47576935040253776,0.17026436144221613,-0.07293859454053975,-0.8554467817983064,0.20388407175965417,-2.04932468888955,0.40973518869256553,-0.8987733679501497,Type3,Medium,1
3.724872626840428,-3.1370052654650356,2.3737900685604347,-0.06403303918131609,0.6295364761901969,0.09245156993896435,0.6837491193622562,1.8730112786838191,-1.6709983709742784,-2.747983820789748,-0.31166317486050077,-0.1772137040804575,-2.0402888546013234,2.5615402831174165,-1.341617128920531,Type4,Medium,2
-3.3670536586030746,0.06830550928383117,0.15173616470557816,1.133937652330482,-1.5119973131083508,-3.6118359345633184,2.236637179215516,3.4385272986509507,-1.2465353949290294,-1.1337289540517024,-4.6458598983582,1.4275663591549317,-1.9079952247807261,-5.043500455311411,0.39463899715759243,Type2,Medium,2
-12.358181509248146,3.484067466024772,-5.525387798028131,-4.7172861122095995,-0.6686553611433486,6.742155862194854,-0.21446769952363764,-0.7693677593462714,2.9515264943278297,-1.4419817094449683,-2.3621344320841433,-1.5064701596322434,0.03569301677315473,4.516931756106667,4.6128802760291245,Type3,Medium,2
-5.421899445001628,4.104137510021337,-3.7355412023327874,-5.846866110156968,-0.724033100985787,0.7539068658280141,3.8308948917375503,4.117176736396663,-1.8957205945679783,2.8915999655720848,-3.5213655477935792,-0.15130456922369395,0.9743942311224758,-5.874623248813878,3.100304728221584,Type2,High,0
-3.401047466580306,1.6545165969991908,1.454312295134148,-2.123094192421434,-0.6166441037860069,-0.9532403528183939,2.5972453074746538,-0.19331189424113093,1.6042429722169218,0.1877331982370194,-1.0547030693534176,-0.23637482387617492,-0.2652691156988003,-1.684804704244796,0.7629028662758042,Type3,Medium,0
4.215746365040072,-0.5657553427052671,0.8961508398819754,0.8506284403914877,-0.5272261106046283,0.5880355180202677,-2.0951529592363487,0.08616978291170174,-2.3103836355647465,-0.19006074205134205,0.6060137713520742,1.3595481664914555,1.5902824073500323,0.5974588820603692,0.18942197009137196,Type2,Low,1
3.383756225167474,-0.6234228121145957,1.9579385079833491,2.060173327689594,-1.7906710121105207,-5.348295747262836,2.028666353740366,0.4686896411949384,-1.6124903624781521,1.0488193207826204,0.6092869284811295,-0.37928981358613467,3.222164930658111,-6.168028469601874,-0.19429898278630242,Type1,High,2
-2.1079180315644184,3.717224845204641,-2.393173107932758,-0.5620552958706575,-0.8210800097142817,-0.38324097587477496,0.669029627332367,3.998147514809315,0.5131128050954332,2.1151191038965282,-2.5809144444640006,1.7443846181759908,-1.8817280063119417,-5.8750051960006076,-0.7973688151419847,Type3,High,0
-9.48839316878392,0.4254221289995257,-2.867434421660067,-3.4055386905668588,-0.251436752473494,1.6163597955333073,2.0235821017700943,-3.6434840860144333,2.096998886176109,-0.05473262457137551,-1.049985738778652,-0.5097835166710376,-0.5342386514420245,4.56347533519823,2.497763200408681,Type3,High,2
8.892637377910106,-1.9980480411501254,1.7344312380010685,0.25822278106890517,0.016591919364427866,1.0380049116540193,-0.2848121766270707,1.1673385982835862,-3.2030638771966164,2.053430598804102,3.7406657766377718,-0.5703693148191389,-1.7257236188192273,0.6608828804888583,-1.3745257463018845,Type3,High,1
3.1853756070975514,-0.0632149993946498,2.8105453319157636,-0.7031396420942964,-1.246547484159911,0.26761013933212835,-1.7078789606623375,0.46188212713924903,-0.6763187225673422,-1.3126868856121854,-1.8703735560580046,-1.1878079070844885,-1.4899554481740251,2.432109571490799,-2.3120742255449658,Type3,Low,1
-2.3590584759251643,-0.08160786400964071,-1.5928952622891184,0.45646262848976216,0.5283234565210635,-3.5362436933717665,1.6445396618470376,1.4177093667079363,2.679950420368367,1.4328605386520799,-1.6325856901161675,0.11891506637456102,0.08272088956308465,-4.790537680574499,-2.0497016444166656,Type1,Medium,2
-2.9845293338535157,3.848373075416356,-0.7778909829920102,-1.3639916848300457,0.2229014537554047,1.5058619052640287,-0.24636154439307512,0.7255404988576484,0.4110415168108874,0.8478864817826721,-1.6432195206763311,-0.30410011381914887,-1.2790737712810363,-1.153789644638135,0.721590266085115,Type3,High,2
-1.2708031253251901,-0.7855442085601426,-1.6329007019102961,2.956759043324861,-0.39321023278252254,-1.6719415640010407,-1.140083098950555,3.359339073678867,-2.7593195805870936,0.5719646961039855,-3.723150109158403,-0.5742186202068906,-1.959336248914887,-4.510583767425092,1.2314879262099965,Type1,Low,0
8.929830779009485,-1.7639032558082588,-0.8929004872944377,0.10201424638702328,-0.8073865227361522,1.1458285107284394,-0.4017383830562645,3.496741312744741,-2.806344081924033,1.384140453861717,3.2683420239268957,0.10354514082690147,0.8592331460464717,-1.4811220424908669,-1.7910728098358586,Type3,High,1
1.457661592609003,4.236096054877481,0.21674260771841203,-1.9394273808590174,0.9304824509235254,2.241107244482182,-2.162095953290323,-1.2880090231707961,0.031410152923491474,0.8255523510787122,0.43358957792014907,-1.0943515031343833,2.1876889943878064,1.178961243822881,-0.3727304150845365,Type2,Low,2
-3.846776917769106,4.660474820667491,-1.1386882835160774,-2.552194934867801,-0.6914413753914558,1.382217086900251,-0.08612064095457139,2.0498722914033056,1.9733954485848946,1.685635056304889,-2.1761398869679036,0.3686431404497469,1.5278660143251215,-4.773055348490602,1.5657273589962375,Type3,High,0
-2.8829265536912287,-1.5228539333575073,2.412906222934079,-2.7555995111218605,-1.0258715215989511,-2.768289675153139,-1.1238503555619195,-1.7144153873103858,-4.757437866710863,-0.7429750471504958,-8.348934270784603,0.28615688389954597,-1.7722420779016028,3.9210980954765002,0.2623397662885567,Type3,High,1
0.34119555174181754,-1.2869039749125677,2.8403658550019824,-1.660747171510252,1.1950848896339825,-0.9710232205350474,-0.06944651911537703,-1.1445115914551747,-1.4083583232049355,-1.1641326694431575,-2.2599847802259028,1.614297858189814,0.6415265167031718,2.162871557025051,0.30665128124009056,Type1,Low,2
4.4309675867746625,-2.98678742399738,1.208773567000243,-1.5072512270804983,2.1274992771025687,-5.385746768033898,3.8370455684039264,1.6348432043514687,-6.075207702337216,2.537494654177742,-2.0687420229989852,-0.04107052998367497,-1.7274666176286326,-2.537411107919008,-1.5663882992103726,Type4,Medium,0
-2.8168170868679705,-0.41625981446160387,-0.4493936710935498,0.3219154020231241,0.39762409337237065,-5.537914503611119,3.0465106062635403,0.4462617774603328,2.3489358529067537,1.4277676493242257,-1.3404704994781564,1.2378942012423588,3.1272145913820903,-6.819912024182217,-0.4854109244139002,Type3,Low,2
-3.7017344002330645,-0.20519363293488802,-2.4839516993178394,2.260834227744208,-0.7437129977866034,-1.3300573326096579,4.495987243529326,2.153020379772447,-0.8305455074980833,-1.6804274771791623,1.2673274807177783,-1.7281573196025548,-1.652859044277316,-2.980337146670914,1.9806164800230264,Type2,High,0
-2.2141227824896625,-3.1722361809342545,-2.0233337013000496,-0.7761774366825143,-0.6820114534200507,-0.7036381566872638,1.8184615122118926,-0.5160625895657913,-1.0199067715721513,1.1544240825589989,-0.09350713017539591,-1.384669393035774,-1.015166398355611,0.9980958325493011,1.0770740263260468,Type4,Low,2
-0.759378306086948,-0.46820169608319806,-0.28380604932897924,-4.36999336004518,-0.22271508035637755,-3.094960946948922,4.188528881764903,2.4169386575601792,-3.8436423713834804,3.6348296917850007,-2.9994373472553493,0.5532781601254368,1.0076314520740635,-5.489106245192683,1.9427796481209092,Type1,Low,0
-0.7825234115322266,3.174036681286071,-2.4784250647361077,1.9314094323909152,-1.413101641732568,1.0804307586327846,-2.765710033188139,1.3945611866602243,-2.5202955791912434,-0.9766764442300996,-1.6347260175157046,-1.634865236554947,3.0137458432641147,-2.336299009444222,2.2151181031805844,Type4,Medium,1
5.023162862017654,-3.4659689409928838,3.415420967453054,1.139455493226277,-0.8033123783225156,0.6745835121551094,-0.1952110781969929,4.139482090654112,-0.5552500223193735,-3.9056258359803087,-0.4196941442752029,2.021956153595149,-1.9118404926527597,0.5364290681439381,-1.362011362409428,Type2,Low,2
-1.8855189306607976,-0.4094662197774177,-2.747524274016259,1.8269481231423423,-1.0231036064151164,-2.0302705315468668,-0.16301808369828086,0.4411561262910796,1.6726463690129627,1.4095787149961865,-0.9853642664062772,1.018932017783599,-1.6441970910891468,-1.8640196795108566,-2.209233290265216,Type3,Low,0
3.276920379012362,4.41226610625348,-4.059070067388377,4.439443878690488,1.0439361704227161,3.664169319900433,-2.9813187511078514,1.1166794026971172,-2.6848204244054843,-0.7297942831239385,3.9058505273702435,-0.5188898698187129,0.1571894334820001,0.10386537547029492,0.4177595017809741,Type1,Medium,1
-2.6964388348426045,0.932412372115262,-1.1778220918831934,0.3588415694150562,-0.47591730666017984,0.41844097392074836,0.7055342174227225,1.4364035092049336,-4.290429453990729,0.5175475292503959,-2.463324403472075,0.5625741703648524,-3.3926026952967714,-0.7784602897789042,2.796862686720254,Type3,Low,0
-3.9005202213597943,-0.6806164155451486,-0.010965769707341866,0.07888215448039304,2.1028500211406884,-4.927690289634972,4.610425658176592,-1.3991620363792316,2.861447626278663,-0.13894887724636518,0.31083846538037907,0.4466789364698936,1.6153848699723614,-3.05394701839353,-0.7525131186415477,Type4,Medium,2
0.9658218284768275,-1.8292228903721495,0.04175425904317054,1.2812791947057578,-0.2258377437137052,-1.1835425799503598,1.5096632132596832,4.053629049474617,-1.8636601191126712,-2.241712014835402,-2.0868557730368735,1.0432667554144957,-3.4204212953137954,-1.1463600691395721,-1.2294074160732,Type4,Low,1
-10.165456163217915,1.677411661178879,-3.32888137501752,-2.5237181511549918,-0.25131217024049174,0.7007821031111974,1.0319064425675717,-0.21436196944267683,-0.21457191775743567,1.9186308034510482,-4.5481580203214005,1.1785285360087074,-1.3269298346878653,-1.4152106615557363,4.281078481754333,Type2,High,2
1.3915407334790737,0.035119974112714836,0.2791859698831062,-1.6134209732063427,-1.3423830314616167,1.2435857193910078,1.1952419492482897,2.0753976166892287,-3.304914537407411,-2.2251781903588395,-1.4646545068936643,-0.4058317773207346,-2.896506219354281,3.043895723810262,-0.7144831600510662,Type3,Medium,2
4.414967390801596,0.705222244670338,-0.07437052574096814,0.5732845175668038,-0.39196641967735624,-6.6134354633635954,1.2670982522423913,3.9351496698237725,-1.8295310051843283,-0.8938050465410416,-3.635894509664391,-0.022105293107386213,4.635545696206746,-7.065258428903449,-4.188356390520893,Type3,Medium,1
-5.770537274247567,0.3400835579160808,-1.6018353433296122,-0.4682921396045048,0.28170800399949747,2.564550806898078,0.11354118930388435,-0.1855199897954265,0.5094842446981185,0.6939983337537228,-0.7044732528960069,-0.6308542885000343,-2.1387260557817918,0.37856013404917277,3.66172087398886,Type2,Low,2
2.2509255558818477,-1.6559913167548124,-0.25644963408370014,-1.3657568932833457,0.7193810383730597,1.558712198150923,0.996614823391604,2.1061530859906465,-2.9787556734813805,0.07034436449494508,0.5093238221981526,-0.3054953142666428,-0.7782681031885332,0.4642865252188592,1.3420893907038676,Type1,High,0
-1.2795843071239446,3.0765236373381417,-4.662507763515851,2.974241268799685,0.07062782869834133,-2.149278507842586,-0.17246538289288915,2.0217616836233585,-6.396543440415462,-0.13816178902781506,-2.9908240886478676,-1.2781318799455943,-0.037904768430651714,-3.10577915105231,1.0258547927372343,Type2,Low,1
-10.875107843559494,2.0080147322859103,-3.056644912885325,-1.2938279586368557,0.04432151866678664,-1.3825880802785497,2.1148641344282253,1.4795560785776454,2.9662012193315945,1.6528791449438622,-4.239829817340471,-0.7679331465970476,1.1889091612027405,-6.833827966234751,3.9825751568330388,Type1,High,2
0.39291791901251893,3.870161924891586,-3.1563441193884687,-1.1253714272329605,0.8249790644500962,2.3952599656656846,-1.8558277293236791,2.0764286825016933,-4.607097283708239,-0.7851487416100352,-2.7824511465324697,-0.17955108909337536,-0.5672341126421172,1.588371299558458,-0.08418463094660189,Type1,High,1
-1.074176771435827,-0.13449816324087327,-5.26955393335589,-0.972250275177395,1.151279688627503,0.6985416600787215,2.305709648740013,3.2138789766194265,-0.7092670753233514,2.5093843638269466,0.5256091242866678,1.022884416568987,-3.056952524319696,-1.8927076932643958,-1.0092276515078442,Type4,Low,0
5.293695839537526,-0.06288110755083831,1.129934069675269,-0.4155830299659202,1.2456625424390397,-1.1934817948865395,-0.3569004004247983,2.537098540120849,-1.990952565141276,0.40585053799278703,-0.3654887832014473,-1.6655210507202076,2.5086723816860594,-3.231238122758007,-1.0119414262945605,Type2,Medium,1
-3.433216730134948,1.9168210833257788,-3.851844220768122,-1.230478432410354,-0.5417287860767501,3.389963797983269,-0.8091469311912782,2.600547968805748,-3.40018333359173,-1.2722215811134594,-3.3522165443786323,0.07486429894211466,-3.1078147283539703,2.3934339316555993,1.4110695829542994,Type4,Low,0
0.055865619036214335,3.4209555312980937,0.5570201397867565,-1.6008057904789275,-1.8636963563307483,3.982252657582804,-1.0881105149893908,3.5000933363512883,-1.0047517337050766,-2.578666282916814,-2.763507030329765,-1.265821006641914,-5.11931332184855,2.766310247166001,-1.3765542993054676,Type2,High,1
-0.7852861530987663,-1.3296151689952214,-4.69023893066645,-2.3658774343038456,2.52771847904853,2.61049407995224,3.1448858084872473,2.11808358237284,-1.3119028444455882,-0.5088933393758095,1.9217542681092756,0.17486234249488264,-2.0301493031204774,2.93376580755713,-0.253765454825049,Type3,High,0
-2.9601408388234343,3.1135835192013532,-4.887296606647057,-1.7382888798426017,0.12899458723469426,4.071747424488553,-1.0770828151326248,2.4034330674935327,2.7799022232026114,1.9390787045966957,0.4996850836656721,-1.832709085083111,0.251007988955668,-1.9258882999176166,0.424609153682441,Type4,Low,0
-1.0735462666554616,-0.0186338482913998,1.4441529820088608,-2.1735261146138147,1.3500939233452363,-0.29217784600257507,0.4290032018985981,-0.3727477541014015,-2.5636758326212403,-1.5968768130586748,-2.9522031393553165,0.09810777494123614,0.5207491266189073,2.0923911580560706,1.113130107250099,Type4,Low,2
5.317883492917906,0.4341351439794756,3.5327901120066065,-2.1373468617848306,0.9875130504844618,-5.582391398221922,4.045200344071534,2.0111394129558233,-1.66954550622575,1.5389281949905134,-0.7642219619301811,1.0210457067927523,1.7641409243591264,-5.6891766250992415,-2.9001760444376696,Type3,High,1
-2.6501373744673242,1.7990791142381801,-1.0619215697959297,-2.127328904233437,-0.10578146487814596,-0.1574213419052189,1.6722155845925246,2.736224282124322,0.20495367232705441,2.014761282022147,-2.05486669063166,-0.26136191679311443,-0.5427941475103648,-4.625050843517144,1.148701020759947,Type4,High,0
8.010810429184088,0.2873411867864739,1.9331686403352597,-0.7352077462691948,0.016262034689114302,-4.913201807726756,1.3108634637489418,0.4554861332030006,-3.5592535013592665,2.0305174007138613,0.03262475298059608,0.40263949781801217,2.078107519566955,-2.754170030658409,-4.120843577297795,Type1,Medium,1
-1.500712325316461,1.4412394570931633,-1.8732407165209273,3.8882052667337472,0.29959823275961106,3.8247197907158728,-1.0483420870292723,2.744504436539057,-1.392707840459679,-2.8156925500525185,0.9440740491301782,0.047062613184142364,-4.40936975483536,0.7892627777798596,2.082714101288785,Type3,Medium,1
-0.6932089402093115,-0.3087189162528593,1.7446064153887653,-2.0466168796618316,0.6727618409006674,-1.0617970775458387,0.9246247087066846,-1.014232722602252,-2.3259995597028267,-0.8528507006117341,-2.380991716628068,-0.5747972962469304,0.06976313199585138,1.9966312349295132,0.5753444585341346,Type1,Medium,2
-0.747866768035477,-0.995435479215564,-1.02655998347998,0.2793114189764414,-0.6051852775304685,0.309445281147636,-0.7940916730203105,0.8310513844431067,-0.8241553018900124,-0.10443558574126732,-0.5060770445815391,1.6355002972234984,3.293748727424931,-2.089588956785453,2.679945119445183,Type2,Low,1
1.3958929630117933,0.9751584236437233,-0.4644767462989047,1.6456081289770719,-0.6520502384619222,0.4066414142227496,0.9165784943828637,3.129807351048328,-0.7233512697654925,-1.3579788593649038,0.691381823569738,-0.4399511555713656,-1.4743392421376367,-2.2061418936043786,-0.3089869699789063,Type1,High,1
-5.837367055130612,-1.670208485380096,0.38416901731404063,1.5798141826031764,-1.800743056109478,0.5005933103254422,1.4922837291896762,0.9948024086172791,2.968991152080107,0.8214772956111613,0.46530900573146994,1.364857387585674,-1.172633465607983,-4.558768997057918,4.768597046714056,Type1,Medium,2
4.991006327332786,-2.8486357001931237,1.496625246496697,0.7434307128292291,0.3557396076228804,0.7648499971277588,-1.2354070200127736,0.707523155900224,1.3642154973415548,2.022226873009199,2.4921782616207,-0.3860769810302055,-1.8230516501424914,-0.11163957763377863,-1.8107959265604177,Type1,Medium,0
-7.379773199766167,2.2246032748380764,-0.49173655324735777,-3.8725689824963427,0.009810028271456755,-0.5678685341114617,2.754861593341814,-4.069324839325491,3.4806270942454725,0.029873153305056133,-0.6899140213068065,-0.2933691152969921,1.6157705608815838,2.346102668844388,0.6578831485252546,Type3,High,2
2.5031885097405326,-0.6078287547571987,2.0679501450396587,2.0165320042107004,-0.19361945169410327,-1.277033257528487,-1.7927102795573986,-1.6641618567929908,-0.6351315153130055,1.1424361143305877,0.6691551988557802,0.854991407222731,0.7972857919888163,-0.7752008609215851,0.20892089000730163,Type4,High,1
6.529434961069142,-2.641401411784848,1.2889968680000154,-1.516776104916818,0.016962149554998737,0.8454225595785875,1.2148864091559795,5.241483784582036,-2.192251694514489,2.4341388779002244,0.43615049431462594,2.21774535654848,-4.450569224399041,-2.4769320933932977,-1.7177887877250737,Type4,Low,0
1.5014281896972121,0.025236454967171307,-0.38163580849436785,-0.21530929052022718,1.285383856524289,-1.919991506014126,0.39092866119712055,3.4443298558696807,-0.4061626924698556,-1.8727853349582326,-2.08459534813287,2.253311936862172,4.166925481252371,-4.206771065496715,-0.6300719811848168,Type3,High,1
-0.24850752395026993,-3.3756380424841517,4.368099471671931,3.9222794214554666,1.3654578944989981,-2.5015911126884816,0.7667873418359634,2.4916903617811434,1.0053152295322314,-3.199682315616272,-1.624354252934804,-1.9132745175965902,-2.3668100572847814,-3.2359569450925765,0.9079958400583529,Type1,High,2
1.5914493356283255,-1.75710263149815,2.381510293768632,0.9443740908086626,0.6771939985331886,0.5750092928239372,-0.42268267069215515,4.133018807941216,1.3807392190643863,-1.914826951599903,-1.173546370937117,0.7722281014155891,-1.057228871776489,-2.8857407284744023,0.07475516461670362,Type4,High,2
-3.3660899937958573,-1.90541412284781,-0.30137964806280815,0.36621044608608155,-0.11679009123297983,-0.5292031108871994,0.23326787919525216,-0.9052370578892477,1.1763464712384408,-0.981995488806623,-1.2707455791439901,0.04533351766186557,-0.8946662241174239,1.4835616008170787,0.4644718919486315,Type4,Low,0
-1.1193012916215506,-1.1244454099346297,-0.37276291420479135,1.3499851123308384,-1.6379459055542478,-0.39296619277588385,0.31381561477301256,0.943876001859509,-1.8033878121691465,-2.618769316515767,-0.9782545329936192,-0.26968914130564314,1.397267641342363,-0.2526775640250859,1.981732779104647,Type1,High,0
-0.8546079088306497,-0.08413735200117256,2.0567986067715824,-0.07081769007689431,-0.5335589477510904,-6.365207994674946,3.150565684261284,1.0501625352169426,0.66605024635646,1.7484245642172822,-2.338759946685284,0.6263860331002923,2.7757983083515163,-8.071418023330251,-0.18781264014621613,Type3,Low,2
-4.529033816302612,-0.035466834746730846,-0.6862968568641081,3.562855067076049,0.18127779894355706,1.5676649646584373,-1.7112004344465306,-1.5453087452296748,-2.121750352970821,-1.7933190934268153,-1.0865894152771072,2.302859433167354,-3.3266916040333196,2.8122125172489905,3.5175143407590883,Type2,Medium,1
-4.450716761473182,4.399774199831713,-3.224053691213188,-3.8482088184006837,-1.7343493339888194,6.703744167521159,-1.8691381583977944,-1.6925182829460959,1.4017411959707817,-1.1447034960259161,0.20432739811231726,-1.8461893744570723,-0.4166904574047561,6.8132748885929395,0.9456446367268903,Type2,Medium,2
-0.8099812621378799,4.017291595359634,-1.0010517835640076,0.1201000414331419,-1.4670508897606058,2.269500791614825,-1.9752317710910265,0.19202131710540982,2.3841377821954683,-0.4848263138851745,0.02916912014720685,-0.1589006180018763,-0.7158923985998014,0.719781549288792,-1.6706738833559127,Type1,Low,0
-1.9787159326843742,-0.16683530273482905,0.9367202992456287,1.5427114530987809,1.184156479322327,-3.528381679178132,0.9278435293359513,1.2461276352805988,-0.7415804482233479,2.881634511870627,-2.3535301161670805,-0.9940829944985712,-0.7243136566263924,-6.8814502761977625,1.899428247336095,Type4,Medium,2
-0.9075979877001698,7.058787961382743,-2.2661914649664014,2.9623744502889218,-0.6968842027998349,6.447518736882028,-4.83216597127573,2.3544230024033905,-2.112925332542553,-5.672611017253492,-1.5685125672620295,0.8507370485590988,-3.436815847222961,4.797310051451037,-0.14289312694925904,Type2,Low,1
-1.5681563777555845,0.7870748313527949,-1.0153814971102448,1.1431691471470318,1.6588500470173637,4.49315251288318,-1.0502332588463226,3.134668689969197,0.7099271222045975,-1.1463301428408976,0.41658795277534133,0.13769562787397982,-4.031473251346538,0.13903110735037255,1.740063976795052,Type3,Medium,1
-6.030423974389999,-0.7255773890193102,1.1185203179130374,1.5532858306809345,0.18714741971803342,-2.4263625749566087,2.584319953469657,-2.4712344148690724,2.3002230705864006,-3.5241946736320315,-0.47366884780428364,0.720447443255888,0.659287788150867,0.9250282415443245,1.4618952479203073,Type2,Low,0
-6.437404202669321,1.7371798157936822,-3.257156885214319,3.389979397456707,1.2126070532914888,-0.371765047746989,2.0590015046893724,2.819015751311294,4.244324929603753,-0.8128260678845436,-0.6298569848516974,-0.841611577887965,-6.674729295816253,-2.8419958460529915,-1.751616526119021,Type2,Medium,0
-3.0117830086808115,0.6431529656269168,2.427523208370483,0.3189758218638934,0.18227260922421132,-2.6682027346649937,2.392867310094791,2.774528456918583,-0.34924278904740436,-1.6953863469050132,-3.368466717906882,-1.6821050946728053,0.41704703774133023,-5.567400720289973,2.2678103305584028,Type2,Low,2
-0.5977723604670669,-1.8893474582601901,0.44904081763303694,2.084237175729522,0.4162391740148056,-2.350982512665967,0.2605569052502127,0.3915149837857639,-1.5576660165904048,-1.0861163085527228,-1.622485707973742,0.07425641868632615,-0.1136916625978589,-1.1869817727488758,0.6922073117949947,Type2,High,0
-3.9205519739974646,-0.7153501140413497,-2.9450460252933497,2.4093597033424192,-0.35440498334042336,-1.9556783031759615,-0.6790469800330181,0.20390359579771766,-1.0900332548673195,-0.5124244221103704,-2.9176539105615573,-1.116434681827791,-0.27549850654115715,-1.0786547186016233,0.6292127936254523,Type1,High,0
6.045288321392473,1.690109937398379,2.660212317395501,-3.128591225476338,-0.08419239103838097,3.2712732585768736,-0.3370127952411036,4.862889968622197,3.322339651903593,-3.462989346156347,1.4468658383550137,-0.9094429466888794,4.064748390232361,-1.502478995084785,-2.36397566775707,Type1,High,1
2.3291214897993715,2.3346443475173864,-0.490026983950529,0.33470713941170926,-0.73903108600508,0.19603030490823717,-1.3169513250703304,2.7366074609563364,-2.0758869204927075,-1.399866859899783,-1.8074931347125034,-1.2517653866139233,1.3134181095853648,-1.7388205767049763,-0.8162502240928269,Type2,Low,1
-3.660745338736457,3.306429377081372,1.3129829661390717,-4.333856655047761,-0.35154291644841207,1.595466923483046,2.636722819825894,-1.1585534797292194,-2.978377979754592,-0.5903749733930248,-1.4840909596497884,-1.1513837351068839,-0.06297819408877692,1.9865545438254253,3.5938636126096597,Type4,High,2
2.1812851639682145,-5.09370006938326,2.1197217199068605,2.9485593926213602,-0.6075975143043544,-4.738127388544694,-1.4491885852137267,0.5070606897266209,-1.4325145843191083,-2.462045944146645,-4.359334372767143,-1.6617239476338246,-1.6175714950988007,1.1944994625733159,-3.3526375548456624,Type2,Medium,2
5.3818801377166094,-0.46511622859139057,-0.26294681577280943,0.5363398250944896,0.19086030765253428,-0.5724051624902472,-0.8099891894713412,1.9147515357606608,-0.8333565721352438,1.3358185322786302,1.4952059749709652,0.33082272529863804,2.4035552130065954,-3.0258510556133356,-1.2737046209755551,Type1,Low,1
1.438887558307476,-1.0488335901714532,0.37050360003889815,-4.688712572843693,-0.15784655621131746,1.2417486528526636,0.6446651359526814,-4.2222578061781215,-5.55163786859588,-1.1945881421981275,-0.7597797456250004,0.46407240642889175,-0.2174642186729271,10.294591704606733,-0.31388851160060605,Type2,Low,2
0.6257038421535382,-0.9897526145066986,-0.13588679180651508,-0.3502039908997282,1.067647711716651,-3.2654185728013783,2.666561431103389,0.4539750984566391,-1.9915176200304234,0.6382464888113148,-1.1797193676681383,1.0477243990202074,-2.088782501877361,-0.5326075902202286,-1.963191380189742,Type1,Medium,0
4.16145901886764,-4.452586535549818,3.2862048948449365,1.2262810660215506,0.5712261567782445,-5.556714622164986,-0.5119257742456249,2.110509752656235,-1.4118617254442192,-2.8774261517100688,-4.563832720508222,-0.4749412562128272,2.197465743235633,-1.7866034068081027,-3.202551311169702,Type4,Low,2
-5.680822374388996,2.2665729378580473,-2.2821834179514378,-0.07679125923581631,2.2119981995341362,0.731779257567989,0.9031269470748656,0.9687756755264767,2.854392812958368,-1.3013284159556466,-1.0923141852778315,0.9436308178168978,0.14270734976787858,-1.5284726381451368,0.8087386629377273,Type3,High,0
-1.9521811074286877,2.0427630375467807,-2.6288690396269083,-2.396057179724685,-0.29286094960750525,2.793014986709265,-0.6606012357437965,1.9880162138070627,1.9196734905436674,3.038040401062284,-0.29869832996982126,-0.3810002280680549,-0.416665234193181,-2.501739769272078,0.6516586178308421,Type4,Medium,0
3.089769498961169,-2.084592190883199,0.05108019055936075,1.770514618248912,-1.1675520952169836,-1.5869986004851238,1.3134623529510225,2.8907514469524656,-1.201249345358136,-2.7778326116092513,0.48229750952864525,1.8811635073371178,1.3626984198469572,-1.7505558888137358,-0.8760438731783093,Type2,High,0
-6.972233003356968,-0.6538910161174891,0.0509879493854255,0.12585315355181914,-0.1415782866854496,-1.003045212032491,4.569505442058395,-1.7763853169084647,2.29559806858739,-3.381823199542088,0.9574531631953451,-1.4791891985809522,-0.040140379759361466,1.2835261276506964,2.416847161709316,Type4,High,0
-4.989656770719651,0.6924769120530021,-2.357879066324651,-2.9674731333231494,-0.7670499136936044,-1.8873500273477566,3.40183196542759,1.5484469918388801,0.1059877118915673,2.8224842077689933,-2.3976239866407902,-1.573903424198271,0.46122165810922877,-4.831837132298991,1.6565769919377304,Type1,Low,0
-3.6308624371850606,-1.7321574668280624,0.6492833443106436,1.5122079939258763,-0.9052278309418225,-1.8906020641361203,-0.5927480519468538,-1.53684193416334,-0.056208291458910375,-0.0503205343008819,-2.3017963711417044,-1.3699383045269669,0.011262297004942967,-0.5627229666465892,1.9548874637015512,Type2,Low,1
7.401317460306929,-0.6572843382293261,-2.082807432481512,0.9013756609985581,0.9022849998719265,-2.3088501310837852,0.42275830991646435,3.273717190168048,-5.953214463425508,0.9847444936959624,-0.718424087615457,-0.07197860371738857,-2.6793160848454614,-0.327562408646294,-4.484309859074183,Type2,Medium,0
3.813362891730171,-3.8689648301239465,4.145154115854075,3.4261369044783927,1.0530622397556881,-3.633478814733492,-0.18657526519099388,-1.330891485284277,-0.20574884471759403,2.30739093256161,1.589870520719419,-0.8421577093770197,-0.8470519748363674,-3.063920237787662,0.21900977231794028,Type3,Medium,1
-2.7675449136349233,2.078320986269187,-2.042847910237171,-0.37190341305179786,-0.39013235211168124,0.08168035318249837,1.1238358583907566,3.052267445736455,1.0971033011005105,1.768859736706161,-1.4404246619698824,-0.49954753554920805,-2.1654073352111562,-4.4896596597512195,0.0697136248224779,Type2,Low,0
4.663643792095664,-2.6164906703761748,2.864372975177435,2.5973705647095118,1.1192696739847967,1.282187868486129,-1.2307727069542558,-0.15454137424724168,-1.499983558333762,1.8943884239843636,3.6878847056474404,-2.589752194657605,-1.096727435283221,-1.2251715035289803,2.6069070891407984,Type1,Medium,1
-0.012745017062761013,-2.11303091800709,-0.470658794873424,0.10557518717989556,0.5362551470660816,-2.2581002547350915,1.7462941657281708,3.509834205382292,-1.266404448321064,-0.9996287993112645,-2.6433518516073207,0.6272058971648163,-0.7204747916523406,-2.843040522373569,-0.6120761590349493,Type1,Low,2
-8.684778787914828,0.1715967938684242,-3.3854944783824705,-0.23622675505385915,-0.056945814638392545,-4.842020002473387,3.4532733188130322,-0.2665452358864938,1.2539668914293762,2.300992375844268,-3.6317411466095155,0.3011729428874865,0.4075185110133037,-5.455902180900382,1.3443522907057244,Type2,High,2
-2.1808798478592917,0.03382885868666907,-3.5471658888525237,-3.215761247698143,-0.7227865196606073,3.1088138110215495,1.585163800581843,0.516306413623427,-3.206616378740007,-0.0007927889511678554,-0.15594517440207079,0.6539248202008935,-1.5498675156970243,3.922991581115793,1.754240994738645,Type3,Low,2
4.470523834779803,-4.908009474604986,3.80021717784157,2.4515945282507228,-0.3755282598020564,-4.0164631539857405,1.112717815951327,0.9281882502583216,-1.3461059198124212,4.223160035870095,0.6935071722431838,-2.5708548950331225,-3.646002338263187,-4.920422305782282,-0.1292173699227599,Type2,Low,0
-0.538605921929037,0.5569425618691608,1.1624486449902829,-2.0500364720509685,0.5927472845078328,4.903746795673718,0.4836036234512764,0.10770474132159302,-0.5003333843191125,-1.011896551011802,1.8696380761550926,-0.6279670581252966,-2.563529576262273,3.8352585407553397,2.5713446833770925,Type4,High,2
0.11208883950788018,-1.7345388175965666,0.02154367304276028,-0.8418769746339918,-0.4268805676707039,0.6486068270982002,2.2755435930778125,1.2363384034252425,-1.8881170192875618,-0.3154574694034379,1.057156562850932,-0.9267390378003573,-0.18779549665268125,-0.3636713186665029,2.3371536521677934,Type2,High,0
0.14809565431261218,-0.6487773986674119,-0.8529175969276257,-0.34543013933159206,0.538960281037568,-1.7323277630706504,-0.020053594626066484,-0.10170478419048701,-0.466998164487476,1.7280058805836402,-1.2780119491726107,-1.1645288260785236,-0.31683192221755807,-0.8451781924174387,-1.2539188312117768,Type1,High,0
-5.2637128394620865,-0.6944316531881658,-2.862174305169723,-0.013212756700494377,-0.8789845307272849,-0.32318632999171815,0.006509415151714548,0.1404559395189371,-0.5208291727553047,2.17338909318135,-2.406815290260898,0.041106484080118855,-1.020615091402076,-1.8729134598797503,2.5147794769704266,Type2,Medium,2
-3.7887056150819163,-1.696577687729596,-1.2342996273224487,1.2526687183816172,0.7753605022205854,-6.987345773731648,3.204844368068825,-0.7123471518877996,-0.2580130368216127,2.6617054628544667,-2.094102631152458,0.6827160809291423,2.6565537828753287,-6.870743720356358,0.9540324237575505,Type4,High,2
1.7870785178797117,1.4610536015105189,-0.7247110262211718,-4.223924053533253,0.31527407094933296,2.982606848154233,2.420572171259386,2.3553111878957127,-4.6105627483408504,-1.9438729897848144,-0.5354515028171691,0.8260229229617403,-2.2013226629750298,4.199703466142054,-0.09988236217133273,Type3,High,2
-8.76020659190786,0.3904321819754908,-1.2553548484790467,-0.3088074521204409,0.7356821592925853,0.16488989659206518,1.6213946619600421,-0.22298570943379592,1.537651362793996,1.43694610486025,-1.4588568491115268,-0.8033072487591058,1.035628369682458,-4.4663457084776965,6.086774794282356,Type3,Medium,2
-8.035410313692447,2.7458876562363077,-3.9412685354872656,-4.6795960014038815,0.15204181076527454,1.3972822541112417,2.142852756451993,3.287828420533029,2.369409355798772,2.8357795375833357,-3.305975871532,-0.7959977166193544,1.6724899808176406,-6.157963525696185,3.3956035841544265,Type4,Medium,0
4.7125373347584905,-0.2005412686467345,-1.0710779634189298,0.3766981820617411,-1.1048062588469574,-2.240980422163502,1.5392043889503686,3.9752307789970898,-2.8779796045608785,1.6702123491879406,-0.1551730187295075,0.6501216146301122,-0.5507146554670945,-4.681169706938097,-1.9841114771558037,Type3,Low,1
-5.572620849893168,1.8209166188757697,-1.2860009152801406,-2.4031070821273484,-1.2997293701154606,0.284366271663946,0.9631488630848328,0.5093343054167643,2.396965572117141,1.5750940501797515,-1.9992657519247317,0.3276089583419018,1.1406476724478978,-3.1747327935913594,1.9802905487592968,Type3,Medium,1
4.776850996783606,0.1526340972910567,-0.4349901473981599,2.2406388303915277,0.011240233861028608,-1.9539508230228004,-2.860396014407872,1.3500896587968323,0.297749987066406,2.186797042155745,0.023393941415872588,-0.6915304090883179,2.6171201035637406,-4.532175187754595,-2.31215997089307,Type1,Low,1
3.164318811836471,3.216279628157834,-0.13407188115523128,0.5389457302616633,-0.2800573211844655,1.3762253898221848,-2.7348418607726916,1.9927125774206869,-3.3004457193280365,-2.9933349132381704,-2.543023847895796,-0.9320182634750263,-0.5289640942580114,2.2239758728608248,-2.093470410679675,Type1,High,1
-6.001301711710796,3.686917345041049,-2.5136222862056874,-2.203958354677694,1.0996862200399624,-0.2064016931720717,-0.499238575107521,1.1251196862782729,2.1441654857561216,1.5394687528429354,-3.833624925797892,0.3750875717338467,3.010972967981547,-4.728355495496485,1.5176332175380471,Type1,High,0
0.4056994357621304,0.039791730968992356,1.6203947239692527,-0.7691030551505904,-0.07697504862101459,-1.024036507296526,0.11516200419003386,2.427845047303997,-0.9334757057970937,-1.5450172003540037,-3.224899125650536,0.5262449476308334,0.08711909722767142,-1.6270759742023575,-0.35213644767502905,Type4,Medium,2
-1.7638053121073731,-0.9032902756727503,-1.5590141788913492,-0.9757929632217139,-0.8616532129042705,-0.976104472626803,1.574330290812386,2.9193864926775124,-0.3407594618745099,3.228791947731528,-2.2835837094516016,-0.2919133219387593,-4.3067515669529985,-3.50600062788366,-0.4252275192550561,Type4,Low,1
-3.9499204516060646,-0.8422853944354276,1.295641838003844,2.0475199453903064,1.4525363893238166,-3.6656073927789397,2.2838153288302996,4.741313519491742,2.931784058870896,0.5082429826633503,-2.9438381384282186,-1.1058233659986403,0.08473047258365729,-10.71442552434137,2.086337375745078,Type3,Medium,2
-3.1425385677669264,-1.5971639385460041,-1.2753824281877209,-0.19822121741425702,0.19691480240704445,-5.224926115738308,3.8057270061750645,-2.418278297977791,1.678265798814302,0.49366325350110574,0.4017065073049628,-1.3966667356870257,3.706608491573405,-2.1908770781827887,-0.5760896014517534,Type2,Low,2
-4.641035845902136,-0.4832773898169158,-2.4334296849598864,-1.016376232710736,2.128694793052634,1.64036699148466,2.0694029110909113,1.1429037513085687,0.0312121425802121,1.4657513689995145,0.07355406121939922,0.8800643858085628,-2.4923760456084434,-1.0674932184721222,2.922700186024227,Type2,High,2
6.214510543821823,0.6759000917878767,2.5800106879151796,-1.3370542816846813,0.4036092126290777,-1.7288235764137538,0.35792992552028513,2.131731302418154,-5.194664188839333,-0.08927593688449575,-1.8135689736961393,0.026698409035857032,0.4522212427034349,-1.1538806388769944,-1.3095210276909874,Type4,Medium,0
-7.370568443268871,2.1917125936570065,-1.1259188741068018,-1.7141549679178754,0.43905866087037315,-0.1485575336289658,1.0972405491220423,-0.760898876438331,-0.3259562919995793,2.0296652506498054,-3.1669307101526325,-0.630093873549423,-0.9611098814958772,-2.135095483428008,3.645099086434266,Type4,High,2
2.31236775353882,-0.02405964021683782,2.020388379176409,0.9695962991885315,-1.5466726677498848,4.2594285702230446,-2.5168991755270076,1.311253524038101,2.689293170198166,-0.14986312797230583,2.43090938351973,-0.8966626478031198,-1.9656167345131905,0.4406828997377863,0.5429704964682927,Type2,Low,1
4.952113999764899,-2.2034357977690826,-0.7934658128428158,0.12011747399158534,1.2124509509434849,-0.4098242210156292,-0.7875611560389433,-1.8894588141903643,-2.636115674504941,-0.31074786069910276,1.438370475523143,1.3714190019041985,-0.8025562090762388,5.716689168038825,-3.4370831864467792,Type4,High,0
-1.068522905242466,-2.6563033140849046,4.954499469495038,3.9543101173224082,-1.254237534677396,-13.595908449045881,6.397674335360297,-0.8643510511370894,-3.138821278166601,4.394040128114588,-2.2123152551963807,0.33671603096806324,3.3455232987110426,-14.665311239134779,3.175150732516047,Type2,Medium,2
-2.7499008876346687,0.07714666092894484,1.0269656740055353,-0.6761658003668631,2.0244993192824183,0.3215031038086736,2.2096221474424436,2.880314832168115,0.2612369163017312,-0.7191448805779044,-1.1378766129455253,-0.2083275657939122,-0.4853279730941601,-3.8536924234587713,2.9813004820893356,Type1,High,2
-6.132365770607213,1.955047310408884,-0.44872943057049186,1.006353392196762,-0.6473876570865835,-0.5238374252643624,1.0564648625712287,-2.438786446895252,-0.7618292980964392,-7.262721747097946,-1.8885918785857245,-0.10486523106102547,3.7394348531005512,4.207096741622402,2.269820079196574,Type3,High,0
-0.45012113891222094,-2.3382175503509814,-2.4295136366783856,-0.8655527562266523,0.24758848277055628,-1.2084941577539607,1.1049146324066597,1.4801254395661616,-2.311294766803192,0.16653613001780543,-2.1848735806523005,0.23428514610215595,-1.5430680395376084,0.8234208699970521,-1.0409185485770642,Type1,High,2
-2.6182683897679624,1.1561827687937882,-3.8370545556382885,1.6895538154099814,-0.579302906224897,-0.642467706113513,0.4470781404250532,1.372414320043803,-1.643573553204878,1.2680911596797468,-0.322458961531345,0.42148206671903377,1.1730570242822251,-4.091613864224949,2.2747256552950907,Type4,Low,1
-1.4838098257201358,-1.1025489988031123,-2.385852909300058,-2.9795442757286024,1.9807331982851426,3.378798711797926,1.1552694306312086,0.870723259417913,-0.13617168269288926,0.3320970987483458,0.7355027672103569,-0.09623903738874413,-2.008340140461093,3.239962668046007,0.685914990167878,Type4,High,0
0.8566363354673724,1.0207072951665888,-0.028138274204668412,0.7977506583130406,-0.6693766082162661,2.0108637701298724,-2.612061431897853,0.16020296463717298,-3.527205630241117,-3.291886118035861,-2.046669361448678,0.4488544539083109,-0.5866026052984559,4.294114945233648,0.3684722346465842,Type2,Low,1
0.5306530450787974,2.833858661478244,-1.3805833139703088,1.6452638134829671,-1.4990647307534786,-2.646082782847523,-1.3128518429712466,-0.06195763846602298,-4.85860587816765,-1.427829513593303,-3.6078663967792606,-0.6187141946497247,1.1488931941640685,-0.06983243226820308,-1.044196314819645,Type4,Medium,1
-0.9344458843793676,-0.7296159679586885,-2.081954677295465,1.9061625736424666,1.385555582216974,-0.7197412908670447,1.1396843672385646,3.579735046264537,-1.0770325608716709,0.27828744379143,-1.1712246432514486,2.7038751925892255,-3.5202697339654967,-3.1325808192915954,-0.14875703946976127,Type3,Low,0
2.4835068160011975,-5.263393557076651,0.32570885190963283,2.2657341913765237,-0.330136035287354,-4.253658460840071,-0.43612837793691916,2.2134367861367794,-1.6369661320150948,-1.9238662228905725,-3.7775970162155112,1.831928089933372,-1.5289399244407949,-0.0203098527817266,-3.442392191428848,Type2,Low,2
-1.2518858787740692,3.014217330581032,-2.612847819698798,2.217087752909121,0.7801316239135077,4.4849052063287544,-0.6354007545574993,2.174958511382685,1.0604016967729466,-3.944801826700402,2.723097802565042,-0.7325277198121316,0.4512553221793363,0.733094407680846,1.54686325160746,Type1,Low,1
-4.130631454657545,-0.4005103705219908,-2.142864513235584,-0.2684202837401415,-1.1919564866450747,-4.7747647048976205,2.1425654375181917,1.0524603240703332,2.9385433678262176,1.7672487419116798,-2.554508355192228,-0.6177766161137611,2.8976119811172776,-6.518100410026085,-0.8719789883658973,Type4,High,2
2.6489405957237175,-2.7245445002798596,0.4590736780237974,0.7278589006153184,0.6588419843714824,-1.0117395436463286,3.4433001377536447,2.2948682027154605,-1.8858802595323667,-0.1969431653011926,2.407418106006103,-0.38651304521391355,-1.1320976772483102,-2.04607121123244,0.7595481390697718,Type4,Medium,0
-1.3834651394639832,0.960349342726981,-0.490598857316192,-0.3682596465322283,0.5094489674107001,-0.44225373498957016,1.4836762316346563,2.6510683828986332,-0.7007751000729132,-0.6125665126886481,-1.6765337940390523,-0.5361311640063222,-0.7639856719734709,-2.6687860729539983,0.5371239142637958,Type3,Low,0
-3.672996479099292,-1.4587296603397726,-0.49100387889089536,0.5499850602876131,-0.7855081867916142,-0.15110662711081171,2.8085738767257604,1.7382392569779714,2.6356045407462636,0.5140378316157133,0.3772669518492726,2.0867978044352475,-4.391982437064934,-1.9577730336837065,0.35913355577021955,Type1,High,0
3.674772052996843,0.3104607277082567,0.6148356958657837,-0.5861488407893543,-0.22344727593936864,-1.311276905505285,1.1523644737928898,2.201954100617834,-1.5774539716441507,-1.1181908439829917,-0.13135398963864464,-0.43407387903562705,1.7372648110191722,-1.7090346227774054,-1.4831421191511887,Type4,Low,1
-8.906470289205807,2.069026397829193,-3.34617419385593,-3.3016903466925402,-0.3971661738562422,2.129764505617139,-0.5189544462109028,-2.621278652172961,3.250673744050706,1.6887405681952687,-2.3093163798145318,-1.8327062129565748,0.1626266191572151,2.063507973342832,1.8087852037747336,Type3,High,2
3.979449397337214,3.0961673410245956,-0.49592749862610686,1.387092436234492,0.08705755421392453,3.758290516592946,-1.905050828803025,4.508088147011419,2.7005788547874188,-1.3193754384791196,3.0302795605292268,0.6992681361293903,2.3340145406621158,-4.158329766945945,-0.3395995656138424,Type3,High,1
-2.113660720880889,-0.18061450717779448,-3.5773228478532157,-0.8384768592526757,0.8250094747659392,2.520533538392229,0.8861289381633017,2.422763951317874,-0.892137032256209,-3.3375970810895237,-0.3353609703526387,-0.34036115758350893,0.8593046045171784,1.9566372557276823,1.0065407925648198,Type3,Low,0
3.063323442491152,2.111665101730287,-0.32494052581573407,0.21019814362091138,-0.5628291493608575,0.7190699068009315,-1.6749965533257305,-0.4917655144317321,-2.392201039140421,-0.3664297212698666,0.6651575106343373,-0.16546367642398113,2.5794945657967325,0.728766884027153,-0.06967901191337689,Type4,Medium,1
2.6087626449133934,-0.14195581729947526,1.9333422174409756,-1.7062596548862405,-1.9266456705749981,-0.5724907660940431,0.4829385635414484,-1.7506593779953978,-1.8981319341429315,-0.14898379345354917,0.18397447799102062,0.5138192237763901,0.19003159129606906,3.0144884245377432,-1.0599841026277255,Type3,Low,0
4.205374480655971,0.15097598773961862,0.46452557303922415,2.059887839868819,-0.7364100104580964,-3.9274210255442825,-1.28118824228293,-3.0522323828622415,-1.316202899342204,0.623679214648941,-0.14946941586558682,0.7021115994891354,-1.0185647298155027,2.7782126838785266,-5.421243545672999,Type2,Low,0
6.672462318599819,-1.9382257702667718,1.1351041562551012,1.100156202934329,0.2971499158920785,-0.43112169961419783,-1.047741783689425,0.8754651996350911,-1.7249501885512,1.7118389225912445,2.272353896939027,0.3225909342631092,0.7303477229461091,-1.3387124900731093,-1.0319644919522892,Type4,Medium,1
-4.6158698852492535,0.8838327849928485,-0.14793694877555708,-0.18954747934831684,0.5945400074189489,-2.3477281910493604,2.5032087802073066,0.6390384276879766,1.660672848766362,0.5988206413518573,-1.4345022816400426,1.6344718983073303,0.8834023979721272,-4.7384528276973095,1.6330397648475172,Type1,Medium,2
11.058717696301471,-1.9061473165570824,0.5016263654556872,-1.683762720568164,-2.076214683266343,3.0072717966885407,-1.041111335855281,0.9560876519157101,-2.7135285920631684,4.355947838270473,5.698112938633841,0.19578382232160313,-0.6029377150411965,1.2705992622062086,-1.7990395936656527,Type4,High,1
0.30494035574131495,-0.6319586191173452,-0.3228537681145218,-1.956214958405014,0.10215863094974963,1.4112759433379016,-1.2520392176968334,1.642269520928927,-0.011384309859399422,-0.09216771356887865,-1.9243065536037747,-0.39892118914435415,0.6652654018042101,0.2897603325687701,-0.02549724337264747,Type2,Low,2
2.0943786444413526,1.589762049788846,1.0360877154161274,1.8006387437098894,0.26925057330729946,-5.206530940706666,0.38363003959766195,1.44878631036242,-3.5961228833331647,0.6888560410320282,-3.7274187166200847,0.43898576996361655,-0.6407738316833285,-4.372816329793536,-2.15842793563176,Type1,Medium,0
7.390621765158032,0.961339143712211,-0.05530145967681066,0.7448838776657354,-0.38106275316101756,-6.040058445924058,1.1933603793334915,3.3671576798404863,-4.163596748310289,0.21254930013162943,-1.7966620720702435,-0.6007041353006921,4.126565292316384,-6.094312649584903,-4.141025166496645,Type1,Medium,1
-0.5698772995478372,0.24050541190499586,0.08683731077300594,-3.768609814936832,-0.7294901107614066,3.5249304889887796,1.3996955211794302,-0.5535498764583715,-0.9502488220828648,0.6898890885862945,1.4933302398255535,0.04603581011266547,-1.0870375526296598,3.305381273768039,1.9975804973304605,Type3,Low,2
5.159749276639547,-1.4554837980591748,0.28921881256167503,-2.9153058972635053,-0.10942406379726602,2.9568712698186674,0.9281587564923814,-1.0447063303843311,-3.2569217762581073,-0.4357247832370088,2.83415010438734,-0.21225642167361064,-2.8809164139706396,7.796664119447304,-1.9579400303469232,Type3,Low,0
3.1764751697867615,1.987649793546836,0.9097705884104781,-0.8775856000257987,1.0755679379999952,1.8235041222156727,-2.616993957075055,1.5652555023677195,-2.800993044374632,-1.8746975783808486,-2.1105436967481843,-1.292259091968081,1.0153485410384238,1.54295384334843,-0.4614632289098075,Type1,Medium,1
3.202759535784884,2.285903798419982,2.7247178576720694,-0.0017832697062057923,0.32507674318526925,-1.8233690505513227,1.4188370388972666,0.44093345407842555,0.6551678316742963,-1.156823745404067,1.7485405128259344,-2.275696830927855,4.523555837349884,-3.712332245400992,-0.307134013219188,Type4,Low,2
2.2340900289420915,-1.8324731021374434,3.650939968454771,0.6068242708962532,-2.0487540284471115,-3.6205354133736622,1.6908383465952843,0.9971309311523059,-1.2275106533497182,-1.8262487111875392,-1.8402765237804752,-0.24125311871540903,-0.6213855572147446,-1.1967545115222695,-1.4179313249004368,Type2,Low,1
4.19194172160884,0.4958394960946749,-0.5198483290793199,-0.8760898272101663,-0.35310915243344193,-1.1859230276234007,-1.5736706746796312,1.4387081751709616,-3.550021146607088,2.328992364675239,-1.9094199575572093,-1.124332658559483,1.3128895069947384,-2.061530542322503,-1.1570190553195363,Type3,Medium,0
-5.998651274695084,2.897508252434222,1.559637791103834,-3.171459718757738,-0.09253469386186064,-0.08138075828448173,2.464238459303861,-3.2044505207810587,0.5416749920272717,0.6709608482380569,-1.2981635578878963,0.8207551108636598,-0.9403306094599009,1.4554409696086907,2.311203806311209,Type3,High,2
3.9281275751405222,-0.7669561519293837,0.7702465725296852,3.485219901715776,-0.6004491400265938,-2.23190324033682,-0.2905093768452196,-0.2070053021036391,-1.5826164464563264,0.7232512348157523,2.3758370318207374,-0.3677070840365687,1.8585746926821778,-3.112967300581918,0.3003794882046885,Type1,Medium,1
0.4496755766935481,1.9252409570883853,-1.6527020623750783,1.099534066697646,1.6812587597831745,2.7213192693660395,0.29677394186383665,3.1503370707786704,-1.7664859156648447,-1.5930043572361052,0.17781742996964378,-1.3394619789177664,-5.038754061211327,1.2316231009910474,-0.7239474101227392,Type3,High,1
-0.953299543361496,-1.4333686301143833,0.08062074417318166,-1.0359993973607713,-0.6650156131092885,-3.287918594135925,2.326607231291541,0.7913790075408753,-2.5935812850163042,-0.32529557730387926,-3.0551795924431313,1.0343916222995617,-0.34991398733912293,-0.9008763262810348,-0.32179484125424307,Type1,High,2
6.725292702070137,-1.5658453088596236,0.910658361083294,-3.440810682148654,-2.8381294828296064,2.302289348363095,1.3900403017132614,1.767376594551553,-5.888806778449047,-3.894362151191081,0.03640414793405977,0.4769750186646809,-2.344558592567715,8.140474557595644,-2.7857501753673564,Type1,Low,2
-0.2700210584289986,1.3266714572996308,-2.3391939045636816,-1.9808721885761136,-0.36332045930561596,1.5850758521495498,-0.63616623512663,3.04568010586637,0.5441113238827189,2.5487041441157974,-0.8600983341824082,-0.5658131216174611,1.4849004997167712,-4.200253808495168,0.8703563907684595,Type1,Low,0
-3.537705577745795,0.646341279333905,-0.5104437440682881,-3.7783975874478672,-0.4874668254589845,3.9324777848375705,4.382953588180527,0.5818924101536266,-1.8827861655269238,-3.4690992136748364,1.7195689661134312,-1.3561720611949675,0.1342647549580862,3.778242147424333,4.32834516367744,Type1,Low,0
-3.7690980910489276,-2.3974081751612335,-1.2684090931114342,3.582774875504089,0.6359871413654583,-2.1464663198726157,-0.7270322053477376,0.592067323926813,-0.9127474416812993,0.7288616545683939,-2.38940106324923,-0.09420858348949422,-1.152524330235798,-3.3826479475043123,2.580316337967859,Type4,Low,0
-1.4043083269777739,-0.9365257031677592,-1.2036614915638457,3.947945791121667,0.08714659375793643,-2.062739652228662,-3.930750318726626,0.8560141916698367,-2.5298100284110783,-1.5210970278339495,-4.95369273014777,1.657010733925431,0.7268362875961427,-1.376796465042078,0.5938094999046493,Type1,High,0
-3.981617219746112,-1.0427943458440307,-3.1388592268307978,0.7079045190394936,-1.8900707404653267,-0.06123296706441088,2.482182907026786,2.400092037895413,-1.0083990795875297,0.7295492539383246,-0.49033470772356,0.07477557858347839,-2.4497600493055263,-2.718953276993143,2.3118035702476396,Type3,Medium,0
3.9375055317453818,-3.794212257385049,1.2227151266239082,2.92453982932763,-0.2827300147939021,-3.036751940378758,0.8782924056019769,-0.08024592464312819,-1.586403585935403,-0.9210127392293879,0.6340856292347024,-0.07796739196679794,-3.771330987663742,2.005266593062215,-3.4270565176177,Type1,Medium,0
-1.944565778899316,-1.3691542313192044,0.1958162721718999,-0.29864414602390243,0.7574823144502231,-0.5826201035355079,3.379068837290077,0.38201562493036256,-1.007300130751786,0.2195453185390639,1.1036913851068282,0.7084381994142844,-0.8824249295637872,-1.397465751554254,2.642861130793974,Type3,Medium,0
0.24062889093666387,-1.5416594399509145,-1.0283657809107185,0.21456524137926114,-0.13088950630311388,-1.115930111581387,0.9576838660839877,-0.8505110236316457,-0.9714359180053012,-0.33261236804206096,0.976930773345124,0.5290829817297604,2.2858737173613597,0.2965505542310875,0.5892868598739955,Type2,Medium,2
-1.858296578114656,0.914786138241259,2.0750372873006104,0.27388886448327,-0.38548085983017455,-3.1045153931553915,2.9493423094000133,-0.8073693956822872,-1.6634277545329095,0.6438244563201148,-0.5680298915870925,-0.4276402031835861,0.22869741020285939,-3.319260082207379,2.2183038911705966,Type3,Low,2
6.599679805091466,-0.5318963957451961,1.1172152178099553,1.0908398567105713,1.8328366920290835,-3.4589936969322435,-0.25795875944797597,-0.19536995587087524,-4.360261707155502,0.7752196380773174,-0.5410463294987969,-0.5305645711366545,-1.0467778887206967,0.7324224454956126,-3.881379138238948,Type3,High,0
-1.5279983971086193,-2.3913223745096666,0.6622309317661844,-1.1812414520518317,-0.6004150845169894,-0.335535326234003,0.5096777635032057,0.17245033043917823,1.2615243869943389,1.1267863135669973,-0.6441750189889546,-0.5204967088634761,0.8224880364478222,-1.484197760435627,1.55782827030964,Type1,Low,2
-0.3028514953711156,-2.4909648824913178,-1.0136398645575497,2.244135904790853,-0.6496488659795991,-1.440915056068508,0.5765868728421273,2.733246651276171,-1.6542514044243148,1.6268389384820208,-0.9817677815940206,-0.26901332884820794,-2.2083758847160464,-4.280453758974781,1.4623685263576172,Type3,High,0
-0.24475465280043063,4.609602637251296,-2.849271829650583,4.820598345867122,-1.4598149207340623,2.9193210327304926,-2.1435995051185435,0.7008256031134598,-1.9360447057291355,-3.6502796620750493,1.751088120856486,0.2410654012350828,-1.2622874164107987,1.6930635306880688,0.5399458671865824,Type4,Low,1
0.3433172404378514,-0.9389977467320584,-0.3739434284770613,2.9597233423282288,-0.6246906322107701,-2.6541912791100266,-1.315577806840119,1.3087937262447982,-3.6980413481976773,0.8663052845953394,-3.0721661018075963,-1.0672884134027065,-1.1415634141622155,-3.082193755187194,0.8038034673936012,Type4,Medium,0
4.259478137026739,0.647052687823765,3.2477470277606937,0.2225585534573501,-2.083906529208803,-2.6507442673277586,0.7432274219016308,1.4804127906365365,-2.919714098770569,0.22384327509284319,-0.8192705427336284,0.9412219317146497,1.7083919260363374,-3.954534644946503,0.16044477334403595,Type1,High,1
-0.5981344168339152,-1.2540355382541633,0.2164801573684081,1.8838785522985289,-0.7501750339834308,-2.540331966360374,0.9934094733092956,1.0157078021407149,-1.4693455477596251,1.646084806950698,-1.6254267249196563,0.15098902520849833,-4.215437541312115,-2.3149867403394078,-0.43806593068337984,Type4,High,0
-0.8309034620218317,2.1161175542836537,0.2960451440031844,2.0823496036475966,-0.8530125633358254,5.5356243953979725,-0.6904472696795816,2.3528249044349385,2.1327327541169896,-4.226935887801419,2.9514533026796026,-0.7415526039614807,-2.0426261278366926,1.4871621788396407,1.9411547870523664,Type1,High,1
6.531331713122446,0.5185972843612319,-0.16615673215896098,-2.0110600449835747,0.6797501924429028,0.9735115285840286,1.0719994506607597,2.5855306015071635,-2.135610898269362,0.31854193950129817,2.025892650948812,-1.1148024867471467,0.3329776322737996,0.09522097455346795,-2.464056042742536,Type4,High,1
-6.385799242617895,-0.1510641867485163,-0.06574776602913757,0.28462120823876325,1.48194287919213,-0.5854483965977999,2.450915879147153,-1.0067601851230492,1.0458316017939655,-0.4671172971811195,-1.2635116263619015,-0.26030777712080566,-4.118124742755992,0.8132678504218773,1.5183624486504996,Type4,High,0
2.121645971894525,2.513972372773729,-1.2924343954701758,0.007387035024243316,0.20387252749461302,2.4301225777207445,-2.1722334151891887,2.9829320407898163,-0.4838182527958411,-2.08384322987749,-0.7985823446216824,0.19741484183300131,1.370933699626267,-0.2601139807964875,-0.974212031004825,Type2,High,1
0.6030700821686309,-2.0960675350318816,1.4534233834059895,-1.2649663140688299,-2.1025422048530134,0.28422997581033055,-0.3710743657037965,-1.229656457470932,-1.1804939322053682,-0.7366452860124921,-0.8897497345496129,1.1395337623731594,-0.42259411530483015,3.4977874093310053,0.12799131910639472,Type3,Low,2
-1.2556583279283864,1.945061463552828,-2.698689261541685,0.6656726314821788,0.2222144080146437,2.6768272718137913,-0.14296601252768548,3.1130232760502183,-0.36673501061651936,-0.8387646079463742,-0.11963307414769564,0.5634045049040575,-2.448618770513437,-0.7003775855327468,0.37967112941108727,Type1,High,1
1.4950049947388646,-2.421552001228023,-0.8730853050141201,-1.1565504870817436,-0.913145573073174,-0.19769012343172446,1.7572764497640492,2.210736844389343,-2.138481946339903,-0.9067551930563005,-0.5603363977419709,0.35389722666978135,-1.0489376414459444,0.8685930972433996,-0.6272781881331415,Type1,Low,2
4.584242165923713,-1.0448441298764888,1.0930870489131486,-2.2192950006206638,0.11662454001126092,3.231912328568295,-0.7942833225684187,1.4835048718778916,-3.3230833989381883,-3.030780198448343,-0.5225874450053118,-0.1673044218339797,-2.624660320618583,6.716008624254322,-1.88836267704363,Type4,High,2
-6.494202287554747,-0.46160120812861605,2.2656680851789046,0.4905611016275959,-1.8372352147897113,-7.149068527565758,4.64178711480861,-1.5170370596749851,0.7054231462866892,2.997846871839305,-2.726696705956774,0.35884438259380075,0.8615919477907068,-8.132026361226908,3.117156235361882,Type2,High,2
3.1558956063054078,0.8707677516982348,4.780634483204144,-1.0153196410980527,0.713835393059119,4.375365106977983,-2.9589484263253434,2.740005688783895,3.384634337356215,-2.918449954414832,-0.4894690763102756,-0.380379305056798,-1.7433103272477326,1.5674988888268193,-1.2088172257130565,Type4,Medium,1
-5.673906108895095,2.121914387732053,-0.4645197887587891,-1.2651924799477268,0.13632743204568418,1.8812806403017448,0.2589882395067722,2.464538857496986,2.0686536603368064,0.9868549020707671,-2.0371075375011105,1.1231900074410524,0.4972585091163033,-5.147573733357508,4.182778004032324,Type1,Low,2
4.2225978879439845,-2.032036918715452,0.2369713027568292,3.399465957252339,-0.402730878913721,1.3182705859482298,-3.8260007248986025,0.7690991056904982,-0.008709445873474109,1.4602280885653514,2.091691499896031,1.0314256876441483,1.1446439982997538,-2.048309172800041,0.9913557994729381,Type4,High,1
0.6061052879453152,0.34362308875034664,3.15271906923707,-1.2716911408468834,0.3138533314335379,2.3132936525848358,0.2596640749348621,0.2635903960734547,-1.9288374929318155,-3.017924109684805,-0.7043842902630588,-0.22608386327707417,-2.161036853928799,3.8996717389348983,1.196729802258001,Type4,Low,2
0.4755473933942605,2.5768516849274805,0.8191134544760978,-0.8849043433096446,-0.13428026691092623,-0.053677763784599854,0.13180731583294758,-0.13211780583865607,-0.595831131069087,0.2842525559750195,-0.7654904047169776,-0.2979491828664624,-1.330585075250239,0.36761070007845575,-1.1939454754211662,Type1,Medium,0
4.016354036084229,-1.1942226460269145,2.5767223379942576,0.12729823262972606,1.4624762163941751,-4.898242854705551,2.7061604443170393,4.009731992185385,-1.6016755988480265,-2.452425411467917,-3.1630799204475215,-0.893232783526692,-1.00601689932529,-3.0639548494203175,-4.212857213557246,Type3,Low,1
-0.6026483345903818,-0.2656567792617859,-2.557058720803236,3.018799918013997,-1.2037853261956195,-2.331406575503325,-0.902651079650342,1.6048501973830502,-1.1304307820560604,-2.4273659612239946,-2.603750555573178,1.0959894562453656,0.13248660876987284,-0.6920716246989917,-2.0175599370317383,Type2,Low,0
-4.567652196344799,-1.6573618082034436,-1.7974839299568908,0.05868289810027805,0.8752149751633859,-3.0306343229728676,2.358148173858892,-0.20220168530624816,2.7465227127357874,0.2770847824937547,-0.5117840492237289,-1.3888433682294679,3.510895682962637,-3.9139044206701543,1.1718588459220207,Type3,Low,2
-1.3550194663442487,4.641128579804548,-2.6362288567861363,4.259005705861193,-0.31700146906165244,4.431368333228078,-3.0356479630276496,3.310053550101228,-2.1244672202660544,-3.2689084190861775,-0.1737586402105855,-0.8824813650471803,-1.766647141504975,-0.8097791354788464,2.582638423414301,Type4,High,1
8.880189255053361,-3.368259114068496,0.3639419931549439,-1.2263358350430655,0.39990265472797654,1.4096702216086023,-0.37076109116968303,0.8286957666425081,-5.467034668916038,-0.708663637318024,1.9718315925132774,0.7321872924638225,-1.136060047902162,5.641077411919412,-2.398168301240896,Type1,Medium,0
-6.206545646731343,2.292498424514733,-1.598681664104142,2.7300205645404985,-1.2842634099521737,1.5266019597299838,-3.3146618093481135,-2.0492838275798073,-1.6843872452136714,-2.983536551103964,-3.100114402991143,-1.2674969159095062,0.8716574991585884,2.405959737741693,3.845384698242547,Type4,Medium,1
-4.524636111966965,2.3843824494454737,-2.5373689925641334,-4.626869034333797,1.2466433062863491,1.1899930899169735,0.9145591426650777,-0.04003529658311611,-0.7437067160130946,2.4669102576112554,-2.3910618944960533,-0.3327601667090064,1.8353118608478565,-1.053881486606016,2.396017721710356,Type3,Medium,2
-3.802125907071031,4.367334256304981,0.20935362999167006,3.6615484676229517,0.5422910241858707,7.1228816519893625,-6.428586393677966,-1.4251045388588803,-2.977739017136014,-6.408620779477946,-2.65293961841076,0.8307571709013057,-4.819408977618384,9.326723166345332,2.927645040545502,Type3,High,1
1.5212195699299145,2.8668104715029346,-0.22429337440490182,-0.8832684888791068,-0.5648800467247536,-2.2547888867811814,0.9472176815769269,1.875316850207012,-2.825781959561777,0.2966596504697191,-2.437418633033438,-1.383112851155231,0.6386323873083912,-2.861842274596195,-1.435268799812913,Type3,Low,0
-6.319153929056525,3.5935868263519963,-2.3915903085135373,-1.8308843177091256,0.3622350395549847,2.88024023630104,-1.0160038522842094,-0.8761716009239793,0.46986743403623066,1.379740086374436,-1.98047294889523,-0.2404251346503542,-1.0114773366004632,0.5779861682456592,2.7499339874526822,Type4,High,2
-3.548901871777853,1.121670642153306,2.8999039897568135,-1.0686878227722147,-1.761507397781324,1.0287246039077895,1.2914224737002065,-0.05525965327501714,-0.20649821284456138,-1.343900762593255,-1.1036131913442944,-0.9133163944714809,-0.1193541571736656,-0.8338044192323921,4.0843973928269515,Type1,Medium,2
-3.503429219919546,-2.462867822844283,-0.7375445309333011,2.9592326350208515,1.270398150637164,-2.83484961078246,0.3779732009433172,-0.8708492895639823,-0.06035602844827748,0.4174068473867447,-1.342593004671849,1.2592589968430505,-1.0968713770025076,-1.7253978905478105,1.3066522234168851,Type3,Medium,0
0.5717911629420949,0.3446000549052697,-0.9164616155451568,-0.46476983340068667,0.7366107642068844,-1.5564198818245754,0.5029716074294865,2.676060436774964,-1.5416731858965549,2.0848883393408695,-1.7399838647317152,1.1067746252602664,1.1751172763812403,-5.24193546736521,0.6876810759763483,Type1,Low,1
-2.1870610533069255,0.6216759039925368,-0.4313245062425498,-0.986599859646359,1.3735881093374234,-2.796539326231075,4.402926355044285,0.6494373727178797,-1.9901095292719493,-0.44937690268842756,-1.403957508275476,-0.1945314141952151,-2.745389280840107,-0.498754175110857,-0.7950320693157776,Type1,Medium,0
4.471304549131859,-4.336494991743739,0.2718081406826316,1.3555482331819602,-0.7509676978032308,-1.5159857855541012,0.35282259872561916,2.0348478647439414,-0.8641422470138944,1.6086633163421356,0.8379154458394131,1.1258393017292299,-2.5666219494006297,-1.237664818461263,-2.0386016957415434,Type1,High,0
-2.1568749083699847,-3.2769903334589823,2.150886201700891,1.2710292022429455,0.005930498097845524,-2.6600325888955916,5.315784169905019,-0.1395262968033386,1.4815169333261062,0.16384551291078364,2.515917387736749,1.8432095870626992,-3.0457396614744834,-2.3148550816487417,1.4898829826227509,Type3,Low,0
-5.66264686129673,0.19751568816394016,-2.348255944468341,-1.4869060994298802,-0.3606478574917862,2.7983218630563798,-0.5968209611317672,0.543735478059653,-0.9336987129420079,-0.699310011442821,-2.9035034592777182,1.4803707499856724,-1.8240096660695753,2.2077897518322764,2.884084746508001,Type2,High,0
-3.837619062788096,2.0652823145097656,-2.0284444616406514,-1.5571993929187569,-2.44164858749056,-1.5440867695036944,2.040913124233048,-0.36419121699317425,0.4816591986559893,1.4651858437144964,-1.636580651541439,-0.4836725998536152,-1.1680995212626217,-1.0433798966781545,-0.8539995219303078,Type2,High,0
-4.687308027520695,-0.5677608889708587,-1.1054006665374336,1.5770729525915277,0.06386266887650824,2.3614975475267324,1.4555907224692435,6.096755966049105,3.9077772960115684,0.4081121430585368,0.22192807117314417,0.07269242167587621,-1.8666879733625454,-8.356535255109032,4.255498404891323,Type1,High,2
4.570085711289638,4.284304976575905,0.3804608006085798,-3.001164841042436,0.4355644754036715,-5.165693024427212,3.1511345739263277,1.0368018936038101,-3.73500200490463,-0.4961924710835728,-1.8473817869457658,-0.5075045619643784,5.301928937383747,-3.285953024663976,-3.753878230864247,Type2,Low,1
-0.7988825653902374,-0.9664849874613302,-2.266256395552821,1.1079976397122369,-0.9807749201516472,-0.399777151842843,-1.228442745908945,-0.2243777042204005,-2.7327325263517217,3.7158240902534674,-0.7322895926122917,-0.3599535034019913,-0.7835744624168104,-2.091169423473602,2.192124641214787,Type3,High,1
6.16181386857464,-1.9194896213100048,-1.2519366339790214,1.596219648154876,-0.05752351015304711,0.37424770705065674,-1.5256244009330093,1.9030797419874423,0.30905153148533615,1.9973622605031753,2.879054545717235,-0.7053168659710661,0.10880743838963591,-1.603292970714946,-2.550191640758323,Type1,High,1
-5.596508778109939,-0.8964572382507618,1.1605893544386165,0.6489575413265511,0.18175054075859615,-9.063783125758127,4.681916350556483,1.1451814898465695,1.0145123513581515,3.42254580890521,-4.649191235703331,0.3061680987644578,1.5644769398077365,-11.585549026186657,1.290980534642529,Type3,Low,2
3.684878217163019,-0.9257193413402222,2.3458951666562666,-2.0894019725232935,-1.4420933076707205,2.1466791389911473,1.1028576075441752,2.6353102881601904,-2.69446784667778,-3.59952599662195,-0.14197683859546184,0.1337449336546736,-0.5341354756705994,2.872951082632427,0.11046893969863658,Type1,Medium,2
4.591191027132646,-3.468009281128588,2.5402582786461307,1.474588016133901,0.4530449171210191,0.5245569492812148,-0.6227862785406275,2.0460697686096134,-0.19493393222305655,1.1819737599979183,1.9573193480788422,-0.31494351049356656,-0.9200617098065251,-2.453132566059786,0.9394060654291714,Type4,High,1
-4.411721621726822,-0.09521843841173439,-1.0797648791939678,-0.2710433909555303,1.0754327173023768,1.8448611478285208,0.6705500804554416,1.3604668422144777,-1.5598918208128478,-1.0550562405846637,-1.97932327995899,-0.27581983195813325,-2.5867954299764317,0.5632064245865386,3.1657231616463672,Type2,High,0
-0.9800017568559176,1.923923742341846,-2.0759985451588143,1.3851955726681964,-0.5484630639094585,1.7284358441771352,0.4116788148543309,1.523846660827405,-3.4389434916525605,-2.1189432244636572,-1.0749886739859562,0.36112743663948,-6.028708758273209,3.5545980731004754,-0.8829090576891347,Type3,Medium,1
-0.8260653086944277,0.996577499353495,-0.25436978581708947,-1.2187813700274337,-0.254399569511165,0.7343778299225829,1.7960409443017515,-3.358184881000835,0.5499809031140217,-1.739685247777873,2.885459192015764,-0.3805212455874885,1.4259035654956826,4.6604302413857885,-0.23801455485694678,Type1,Low,2
8.069014031759945,1.6963790564559775,-2.2233112168210694,0.3012577125474446,0.2921356971966038,0.486886629866978,-1.3023251792631658,1.5279649377153244,-3.403619698530059,2.262462766681395,3.565242726952923,1.1901891224134347,4.817758240022172,-2.882225766950359,-0.9091870132333844,Type2,Medium,1
2.0583857152420815,-1.709488847158224,2.544864856624256,1.244982872175284,-0.41270024169995817,3.863271630179306,-3.5983943239171317,-1.453282651058935,-0.4445986534635231,1.7779985850022353,2.726216931526287,1.229670326389756,0.9866077326089988,0.34652937786318644,4.794920407149899,Type3,Low,1
9.305738935112016,-1.9222269863603372,1.7101761426732924,1.5852319406891588,-0.37324365758609657,-4.681812359025393,0.5834369515608617,2.808418022186748,-2.3897367108529757,2.972393545191606,0.9659124192273952,-1.0946051429375772,0.7449927409015002,-5.866014671497461,-3.850633607609619,Type4,Medium,1
0.19509335366086494,0.5974204411598707,-1.175861234091302,-0.18453042957750032,-2.207231205176024,-0.7485781586978351,0.8699261981833204,0.22095160446243267,-0.8541539463852502,0.8020216800810622,-0.28934185825661574,0.738086795904378,-2.0824742065446245,0.4288127204399255,-1.669815376675532,Type3,Low,0
-3.912993874079567,1.006791996726092,-2.927526898078297,-1.2552387311252613,0.1474690355829153,1.1962995134119685,-0.1944083794121838,0.27765504141260733,1.3043413346150061,0.2099734898151948,-0.9940726258570016,0.46785116932001547,1.6290836407475733,-0.509178680816323,1.1779678664494957,Type4,High,2
-1.5522050203981745,-1.7394298221396722,-3.3541772862572636,3.7162395389665686,-0.6610053958956067,-3.908308932003853,3.1056100621905864,1.889475984292603,-0.39888505162314325,3.43266740230594,2.0513547223931914,0.2924730422230902,0.698925691523316,-8.636298923689292,2.1200466685346315,Type4,Low,1
1.19748684569817,0.6802324516081806,1.3712480422434798,0.8954894194600249,-0.2686974230328262,-2.7500661531575825,0.7038343420613726,0.7391481342492631,-1.5103758310466757,-0.12031596791398758,-1.8235121291494112,-0.04150659407009333,-1.493025544803282,-1.60747938996205,-1.6348990751319925,Type3,High,0
-0.28537662837375055,0.3224250457623017,1.1632280991605668,-0.7167939832885848,-0.5037804489447905,1.716030530017946,-1.2405231151941791,-0.7747974939594455,2.1737104889970618,1.1004255700483672,1.3747840858428164,0.29072874896373796,2.577424855561589,-1.324862994062534,2.1235923347616623,Type4,High,1
-2.794262053819681,1.1749145255394895,-3.0150381189938504,3.355961448304709,1.607935933597025,-1.0770182863071929,-0.9191419392898752,0.08581948278162588,-1.2300687046771104,1.353867540415195,-0.10495001519248703,0.5593218748236782,2.0073577115628627,-4.517239114402585,3.012952543822301,Type4,Medium,1
2.2421209655065977,-3.7424006674151205,1.7552804906646087,-0.17098254322898876,-0.07417963984338605,-0.33212763284919183,0.592411561277526,0.12497288718991129,-1.4438709913674475,-1.4238146801640477,-0.24643077275133984,0.2065696801445694,-2.2704325137169525,3.3502843949575793,-0.9629764843779367,Type4,High,2
-11.093525181652707,-0.7993849511347679,-1.6092441596311096,-1.3051764606658656,0.038294487252045956,-4.422611679603891,4.0177330524716215,-1.437453115819358,1.200829804177788,2.3970999969587665,-4.1900286646749105,-0.025136446915406535,0.6384780067242093,-5.102735436484359,4.251359009765329,Type2,Medium,2
0.9485312259428448,-1.6094737965673953,-0.3328175266643103,3.3878236347999917,-2.9074368790206333,-2.039553024909776,-2.0489496441280295,2.3090100372507982,1.7207773546589973,-0.8206047723432448,-1.2068231733478516,-0.46065313802770413,2.7120064579684886,-4.797493501341844,-0.5187652609221429,Type1,High,1
-7.4925731793060795,0.9732567163135288,-2.947796479014156,-2.0893062173964645,1.489503363617231,-0.0011190716314552446,2.61551976317434,1.0942081855285777,0.8563353942290592,2.841257305720447,-1.5614514900292833,0.27744658261079375,0.8064040618239543,-5.156630106295462,4.484578071021987,Type2,Medium,2
-2.189446270693571,-0.5698513210510625,0.7312324338837293,-0.4864391928056999,-0.5664301483012153,1.3291267425775906,1.2128326260730828,0.16985538494264996,-1.0326487988544106,-0.9584250603316803,-0.368692602360846,0.16362079777498512,-2.6391234588274646,1.6649963384167787,2.025999361605608,Type2,Medium,2
-3.6276948510969333,-0.4698495773027407,-1.1090472871765007,-1.0486294468761646,0.31366769759808283,-1.1931277807548895,3.0214153807274626,1.8267250549663998,0.6505967836437732,1.2161131862639711,-1.3847210625368365,-1.5546034876955204,-2.5745280904404493,-2.7827533567587217,0.5150241813812826,Type4,Low,0
-7.284401335601508,1.88056355711739,-2.5183957654019116,-2.848104361034791,-0.011097052106183421,1.8647813813301757,0.7532181031045619,0.8798251493462044,2.61295940441932,-0.43427394737975855,-2.3609658539393497,0.2444647433512436,1.9169898449000717,-1.3999737016128828,2.7304888937732645,Type2,High,2
-2.698850856152805,3.9798435969328154,-0.5313287187165865,-1.2193463205173622,0.5719050117982476,-0.7834345310227128,1.4904629725791458,1.3300792208867636,0.22535377253665612,0.05577881202767776,-2.281809378665741,0.706866783741549,-1.3487574868735945,-2.201870861398981,-0.8325544876627964,Type2,High,0
-0.675446367134651,-1.7268735295695588,1.059424738940374,-1.2680465821831315,1.600129099440466,2.381548200908829,0.6791426881802478,-0.5721541028000989,-0.779092044362206,-0.706212602089999,0.7641383847803573,1.0865719049305225,-2.4018784406003117,3.664973156453442,1.7005430629479652,Type3,Medium,2
-1.2026000097745677,1.536524176538859,1.1300119185174542,0.5253609464436787,0.32830088238009164,2.0629133888903226,-2.6013749097127232,0.3192726056872507,-3.791434589699679,-4.51988012047261,-4.262893447186839,0.3015685285863645,-2.3856777716255557,5.194384544989833,0.7568716831199218,Type4,High,1
3.799419845766541,-0.23506049378127036,1.5691067475125018,3.2567066886165263,0.9657757371220537,-2.0024789031201937,-2.3120771244959437,-0.7302903097790929,-1.17297739917922,2.1591461183088145,0.9919390985264869,-0.9543162411489825,1.8699717557795932,-3.678281323371046,0.4704804186934233,Type4,Medium,1
4.283447944217763,-4.921585303104832,2.762787436465965,3.9040490647101986,0.9499854173875839,2.5732078433193024,-3.621830189279904,-2.0360388622271612,1.4472524736035934,2.5999907942750755,4.401666669220148,-1.0864501741488903,-4.511594826041487,2.6148909384856656,0.6311862072893646,Type1,Medium,1
1.1681504526225786,-0.9107534502015243,2.7676809950105445,2.222705572409166,-0.2791394381123184,-0.9288496235451807,-1.513242861490951,-1.7222313033080758,-0.845494452268135,-0.3431122224896719,0.13979479639018266,1.0508385454367086,0.4719924395953937,0.07427667172109192,1.2928226384300978,Type1,Low,1
-0.22924407059682597,-2.479949814721527,2.6767031366444614,1.7344164143923222,0.4884741510318143,1.8579588288240696,-1.0987058846434374,-0.6742259113340232,1.4820698315633316,-0.21020624679314426,0.8188677333012542,0.30284483926723055,-5.502533642469561,2.8709806171184837,0.3513536484974601,Type3,Medium,1
-1.214581201153359,-1.8569327472921202,0.7880412082402103,0.09433521243928822,-0.5462993125566823,1.4894781600875344,-0.3240820224214178,0.63554551818204,0.648566583892435,-0.3447584395541443,-0.3087284925992726,0.0005059017199613115,-2.008310296888336,0.7809793959724088,1.3751919567069266,Type3,Low,2
6.48893476516077,-3.2461899457898937,1.9266076146853217,0.33632046305179697,1.194406323420924,0.4704135005659128,0.18471212287279215,2.607473554153188,-2.4952937902272563,0.18894270932554413,1.673864922848744,-1.184197796636598,-1.0648193148813814,-0.4978061410979079,-0.36237690981613924,Type3,High,1
6.509642751263192,-2.391956303000828,1.411022801697127,2.4184198565179846,-0.5065133960964893,-2.1071200394976937,-0.7157569117808509,1.5403488281298223,-1.1358375722681062,1.8512079566454225,1.5936934390263588,0.09657718195083985,-0.3433585601506157,-3.084857625565216,-1.972711070941445,Type1,High,1
2.115741602798112,1.8445576821023362,0.033622748354873666,-2.0694198681918916,-1.955063042721507,2.1935020565965866,-0.02842699458283038,-1.5076614778364505,1.5067244554846884,-1.978788444534255,2.618882874330724,-0.6670587240056953,2.331664640126661,4.278535399725076,-1.9724695309219422,Type3,High,2
1.8067353487478952,-1.8383234820658352,3.4396187183117695,-0.5639813553291173,-1.0822197396773219,1.152794631991814,2.0591848832745865,1.2038939920620524,-2.025695499257499,-3.6404925647562565,0.7140314246731299,-0.8021668549618599,-1.301993557172341,2.461863738002827,1.5515457225476905,Type2,Medium,2
-0.32948415875329545,-0.5302452674989704,-0.6014424784904233,0.10558970040317706,-0.14958209466385114,1.5742793278544132,-0.4008101485999971,1.3343827438956852,2.3474860478110298,1.1567663271669137,1.210699299753049,0.8780680089791214,-0.3792677723945894,-1.8606348946756288,0.5568981194249694,Type2,High,1
3.1869150933249566,-2.6112133505786854,1.122428130302171,-0.1525765235498635,-1.0959924344178027,-0.1329648168020617,2.305053190357155,4.060035356049792,-2.407679622218967,1.8849429593568043,0.7576940001307995,1.0463286156962754,-2.8056221329032116,-4.065241618413429,1.3637199072673032,Type3,Low,0
-1.2717685121388942,0.20255513866634667,2.0884629519564872,-0.7492217126933124,-0.15065389859154632,-0.5168634400870087,3.7088269066218813,1.9225478489379637,-2.7304213673541256,-2.9084157744692485,-0.9066162303116149,-0.8778463780197555,-0.9837144863738814,-0.8051171189501636,2.518138201594179,Type3,High,2
-0.5593802779052074,-1.223651114149947,0.033793700787107195,2.333101755202774,1.1378373302646378,-2.050105886238774,0.5622689234104017,2.452317058493107,-2.135260464976061,1.6397901222147424,-2.034256933908566,-1.3749829590853453,-3.546524666949765,-4.2564419021771505,0.981331999074692,Type1,Low,0
-5.109116534835155,3.5422581564524998,-0.9034984352463208,-0.9626665631867256,-0.7842571859706045,-1.1976270131658568,2.922337569351294,0.9823725362837517,1.8399370575233625,-0.16462715488096813,-1.467901123336448,0.2323100448623203,-0.8234030387984013,-3.220247662788626,0.20596086334037556,Type2,High,2
10.617195025915738,1.4931349826770095,0.3217656688159317,-0.8614747657390271,0.18477356828625602,-5.212442903363329,1.2833690156644626,0.2914973150926906,-3.6380709028871023,4.2022378071389355,1.9682718920022797,0.20246281841925354,2.853959273557533,-3.745625729374462,-5.8971720186522765,Type3,Low,1
1.578079279423973,1.1361646023542682,0.9054563555423245,-0.6693870923100033,-1.3521213205763554,0.5760220021136527,-0.0787682678831747,-0.861971125657861,2.231799447242711,-0.45732593890513806,1.7721128185496848,-1.1857643484894296,0.9220855748608159,1.1357133366705006,-1.824684907748456,Type1,Low,2
5.256030529278844,-3.8622971438577105,-3.4079756734173965,-1.0260429741189614,-2.3684344357120315,1.7023855238484067,0.7567269271170165,1.4275253330005189,-3.5792956385777006,2.0925563575239297,2.6653858824852272,-0.8777272636867991,-3.4135304625938563,3.785225844457483,-2.179524560559086,Type3,Medium,0
-5.168515023153837,4.883031213505689,-0.780926553310874,-3.4556140168063894,0.4034462900122984,3.801361539713275,1.1836073744046551,1.5689924117741358,3.728399633239805,-2.367364524474678,-0.8752337310076872,2.8473738528450068,-0.10939884681866219,0.6064142528034997,0.5488592496887564,Type1,Medium,2
1.218227662068736,-0.9178789564520814,-1.0930497182001158,1.5602521077535991,0.7447893122340409,-1.0621057751014664,-0.15061204457087585,3.606454530610326,-1.5850794111146864,0.1385583309927616,-1.790552099280002,0.9999070671650587,-1.4395045119515988,-3.368323142345733,-0.5390629452504927,Type2,Low,0
-1.984154374059458,-0.10591123828718951,-0.4502994415529997,-2.145408464504242,0.6178554137565535,2.6918568720790104,2.201546197419137,1.519340465579361,-1.20776932701979,-0.7334798343656278,0.5243004551537456,-0.15623439385304017,-1.296396775972176,0.8087799341645012,2.905656269967358,Type3,High,2
3.3605150528264507,-2.467477163026876,2.527600691523058,-0.7659626780095057,-0.7373280510197849,1.7305890645042499,0.45835020016347594,-0.04921859693085584,-3.6012165054875798,-3.8644962136861603,0.11299593136700481,-0.9073798555877602,-2.827843834865157,6.9487416929200965,-0.5076465364387661,Type2,High,2
0.7630292238352476,-2.7652101281187784,-0.21920639761976957,0.1906272840424892,1.1555472628682162,0.007510971272978276,-0.18295321861204017,2.075062847138395,-0.790940887010835,0.3288298465955717,-0.9422714683420621,1.7064673571301374,-0.7185803727492117,-1.2165818066459153,0.6108429020663979,Type4,High,0
4.369569173680616,-3.3814766988602663,0.9450940054830812,4.197670053466489,0.12673148563790018,-4.953167683976842,-1.2373990196684197,2.742105026246687,0.6873890291010638,0.5442409447125158,-1.2438892365909537,0.2151564208915537,1.3108886665146078,-6.193569820581732,-2.821821875341045,Type3,Medium,1
-0.4423421599591913,-2.001610254490078,-2.445188551037702,-2.8462082756769016,0.3390209913263253,3.4146200586262534,0.29834213223392325,-0.8222723045964369,-0.6326946029516995,1.9762538573821984,1.594773859003229,0.3437965798799513,-2.4908693981315535,4.659057513195485,0.46914600490530745,Type4,Medium,2
-0.13010111671862382,-1.0839973233491662,1.207298582600862,-0.1294370879528537,1.2825589396649273,0.9180224080556769,1.4251108832582413,2.122070121039568,-2.0390868756978127,-0.8162007834676543,-0.6151671817970569,1.0689401661654243,-3.0740870209373137,-0.17783974331035682,1.751916843112499,Type2,Low,0
-0.4935466095436989,0.4214260012203179,-0.40554836160062624,-0.031258457183126254,-0.7722125753385581,-0.3354648711385711,-1.4846952550711827,-0.02988989887167981,-1.4579080499501396,-3.1151528054109816,-3.004377885158047,-0.4373908888517595,1.3294427546298588,2.6850502757819377,-0.9678201435331701,Type4,High,0
2.1464659081388566,-0.6665260709045469,0.3784218804879751,0.503594762389167,-0.19759296063294687,-1.8158300465960215,-0.5120341552717063,-0.866851099511641,-2.1761733627158737,-1.3902354339748983,-0.8430501378564924,0.8975719601897459,2.0286799376017846,1.394729115110229,-1.0577819508654573,Type4,Low,1
3.0060651657383204,2.5868301033580776,0.3235012560599557,-0.5427271099606339,-0.21975168585761387,1.9475016710494237,-0.5670249925815367,-0.09706876300189249,-1.717509074386745,-1.0178260858794288,1.694269515431448,-0.2866984465259786,1.088644555647182,1.7317424704308997,-0.16844421730495296,Type3,High,2
0.731960389338614,0.039652471424643565,-0.1625635456428125,-0.17849618094818076,0.04760716444615775,-0.5592119749051816,0.44902197587514714,-0.14976219184803807,0.13507379541094444,-0.12818105553626236,0.11867089347776227,2.1808150497041847,-0.7785221541462928,0.9113376782756527,-1.6502498639386798,Type2,Low,0
0.35011031848907975,-1.6164859994815224,0.2635547363468239,-0.8664388214785061,-2.0618673939556698,0.9469621498332494,0.5070003695456156,1.4767288465559312,-1.1542901834390333,-1.2150671425960635,-0.7905634488135304,0.577861214096289,-1.1830840470344797,1.309897518522679,0.4253511696626533,Type3,High,2
-1.0213199753398199,-1.0444932502400084,-1.0758543685789728,1.7616805689527344,-0.5610195769455976,-1.0002467374125936,-0.7951074736625934,0.8618732710861168,-3.39613139843851,0.5730468972450489,-2.434161690130126,0.4716304120078518,-1.6897978510464384,-1.0563180545792878,1.5359622896995437,Type3,Medium,0
-3.0357240023764844,0.30326374244015497,-1.962493476110854,0.7308555762298348,3.8067173661195937,0.6347818783903164,-0.20920706809326206,0.35564777636276745,-1.3915994898027133,-4.569653200554993,-1.77988836066532,-0.2376008824036259,2.2250834836883504,2.3629087587749225,1.395935550061496,Type1,High,0
-1.4369042967338095,1.4159277064808267,-0.7331008672649952,1.0207688787686469,-0.8507698083411803,2.1103890601207436,0.8371491456317735,1.8393596050058405,-1.885438306883318,-3.23051971416114,-0.4402580699698033,0.024825354160865475,-3.707696641522792,2.3466602025835526,0.5863803596441222,Type2,Low,1
-6.98651187156345,4.186190798945422,-1.1298666358356386,-6.4043163487974075,-2.037413653353657,7.02460081090025,0.4009651799528765,-2.1216622517300348,5.867929893425979,-3.4363168831509316,0.5434675879214814,0.8859999747748353,0.577692283324057,7.9717663167497586,0.3992322509231725,Type4,High,2
-0.21809708589811505,1.0117190188821437,-0.6609938428900147,2.0087310892229926,-0.3080379076410163,-1.2054508278619187,-2.3285721742622503,0.7061337485277828,-2.91427061754973,-1.005121814390528,-3.1539892450644653,0.10556239673808898,1.5677076565245671,-1.488981015136343,0.8948400333220754,Type3,High,1
-4.053702128887427,-0.36923249638415323,-2.0060694811904307,2.0680432791053844,1.7651609012393776,-2.352117324881841,1.64320627804529,-0.06914544431077818,-0.6423348410918941,-1.3483742394863034,-1.403154606060699,0.5412311540108008,-0.6957437329859079,-0.8867588692691223,0.6044735669473857,Type2,Medium,0
-6.263378667758638,-1.4144864225406302,-3.0579909391999434,1.691253891021009,-0.37404412439466284,-0.5314542052928223,0.5482016730691239,0.9963498443633475,0.25407109767742164,-0.5701435875208768,-2.280771374565165,-0.36704139608245534,-1.0479474497616097,-1.6735326995839994,2.517107625387098,Type4,Low,0
-3.139480484435425,1.8465226677917883,-0.735749620907852,-1.0590715015318246,-1.1243074063213536,1.539540006880905,-0.5524605634869753,-0.323075998335864,0.6979183624850811,1.0238596610823165,-1.2158578053353326,0.23646667593104356,-1.782504754393532,0.4560126437021883,0.820972543493694,Type3,High,2
3.7521379583116983,-3.2435955025738705,5.762082230212597,0.3934992174962626,-0.10752980780808609,-5.361940769140779,1.6569272949574856,1.647906570932602,-1.754851389432797,-3.562512050150223,-3.29187447158231,0.02646608961567541,2.4755334584903927,-2.4089586539051004,-1.196464915296818,Type4,Medium,2
-2.8214769753223377,-2.9451857666427967,1.4669797426957039,-0.15576843349912795,-0.9711891066054478,-2.840234329316409,-0.1554520746577588,-5.743900579024228,-3.289135537705066,-0.4828470498416546,-2.903276246371533,-2.0672402806590027,-1.7983668755938003,6.875344130563448,0.31506169996431865,Type1,Low,2
6.881949981047551,-1.4801451982764107,-0.8715037078868255,-0.965403864454725,0.04198712520108483,0.22997088112690314,0.506492222627769,2.486441702525269,-5.263416102219166,0.5945096616814575,0.5556811572903235,-1.3623600338854833,-1.8619467064560542,1.679555503338038,-2.3062406205306027,Type3,Medium,0
3.351209520566738,-3.042300190416024,2.689652584144568,2.7769890349187456,-0.3943931021675813,-3.2136024575739772,-0.3075448745474495,2.069112313520794,-0.14192772526905983,-0.17998822140770665,-1.007216512126491,0.15615683089724114,-0.47664145470000285,-3.8206541815562667,-1.118126282571064,Type3,Low,1
0.40213938400504046,1.9617274924460228,-1.7094668953457004,-1.6327108591003012,-0.7766351599419932,2.7699808351160975,-2.2920451703156286,-2.141195980806188,0.42379930753380746,0.6120257657703304,1.0380367086337459,1.1485430150232032,1.4885523289996234,3.818467275944925,-0.6729574056976111,Type4,Low,2
-1.6492487164359937,0.8081499269341439,-4.250416662929302,0.9076148689077784,-0.19268745421445066,0.7956212942822416,0.40514534841934047,4.115138979658362,-3.2320714852482073,1.29443283749805,-2.4280039731425904,-0.6921831005163138,-5.312452284662896,-1.8656080407632558,-0.06332028945820745,Type4,High,0
0.9632001930928796,-3.4597674626794217,2.6229866171972427,-0.09494031752284127,-1.2906122377629918,-0.3664109496993234,0.09829803246523805,-0.8091622227006254,-0.7456789820312562,-1.8876735454307099,-0.3412507845812748,0.35355678165713594,0.2870531538384835,2.4976785063212947,0.8525802658841642,Type2,Medium,2
3.0323514696268123,-3.012691192839529,2.2582566550470196,1.2877474521579995,0.28647008643351857,-1.0594441625761855,0.748384114194329,2.472839194766719,-2.094711511586349,-3.4260303955957427,-1.4878891028060321,-0.4962305604880284,-3.1019686429099145,1.7795799436725328,-1.7765748708172828,Type4,High,2
-5.575471116407435,0.5988394252593056,-1.473824567639742,-1.0419945632839966,1.940009409240935,-0.5551230404433717,-0.9897804888663403,-1.2216618919892732,-2.0153009270100952,-1.3098172598800661,-5.008747452504893,-0.912221834596125,0.7484096854813178,1.961829378121162,1.8759802389833509,Type3,Low,1
0.21527263039689223,-0.9969329202810205,-1.8796668242044514,-2.749344013550145,-0.7861306361826071,3.335553528712457,1.6231209848568318,2.594871914363295,-0.8448173904377815,-1.2124870399162406,0.5876780385320326,0.7791897214109057,-2.124663847344589,2.875118318023637,-0.03512414185067736,Type2,Medium,0
5.175151892676436,-1.303744241494294,1.7456987640616735,3.7574078222063974,-0.680014768218883,0.33622923340591,-2.64515775868973,-1.1092914509178229,-2.8243717131131376,0.041281625879802775,1.9814605271170618,-0.8347739864259969,-2.0232303518963324,2.071954802378897,-0.37270443007341836,Type3,Medium,1
-4.056839804739911,-1.7126154616029408,1.7083960063468333,1.8340891516370998,-2.3869000412569576,-1.9769832540946035,1.5060819725511625,-1.811232556364243,-1.5135005895666187,0.7009678129475352,-1.2251765908965815,-0.5711446737074408,-3.4894812219307303,-0.36650623799823484,3.0126658194479905,Type4,High,0
-6.727966719745422,-1.1339241910315008,-1.137138634449091,-0.6535166265727097,-0.8455233915853783,-2.6674310958858083,2.31811842885275,-1.8752496155374092,-2.4238427152496542,2.0100282214800163,-2.582240221281815,0.11468115925651041,1.1932456066134232,-2.563375173380473,5.0458704922588575,Type4,High,2
1.2353615539968212,-2.1587305421291103,-0.1300414405651441,0.6410853184703924,-0.8410618540027395,-1.2414992362014055,-0.26741946043216136,2.197815168521756,-1.106657147953077,2.1527984503406037,-1.612394400661425,0.35741462029241006,-2.401117213869342,-2.705343290006612,-0.45444230738833635,Type3,Low,0
-2.9083408012262213,-0.5750019793500127,2.3457252667464976,-0.0891526051892152,-1.564858190971569,-2.5779108687702146,3.241174056749699,2.6152622237084104,0.9712486446257242,-0.3317858666819834,-1.602812089200412,2.211469952975141,1.2766989650139315,-6.870525549262397,3.016861367512257,Type1,Low,2
-2.133027395159259,-0.34716622523560203,-2.4225125483426218,4.119534642785775,0.8474042084925388,-3.25898407259804,-0.6220834081274065,2.2407413046046383,-2.2772102471928832,-0.015562572698363364,-3.571827163576648,-0.6393787834823357,-1.9419138720402804,-4.039667318234507,-0.07469906148272387,Type4,Low,0
-0.24609161687168038,0.3202706283228568,-2.031704042605223,-1.0095651382072706,-0.498473556984149,3.5292803138413262,-0.9404129188744554,-2.051256922901029,0.7910681880054631,-1.1829826092281457,2.466913237731791,-1.42058944098977,-0.019991364602560235,5.977209086564738,-0.5144477941186674,Type1,Medium,2
-3.4838309739566733,-1.9825407171962608,-1.221033372290841,3.4934491260070697,-0.5212596926497903,-2.8859785583572277,0.38463459825528223,0.19152355277095146,0.12979925672603576,-1.2873909126764718,-1.8366133254744363,0.7419742028318573,-0.8107604355237068,-1.7272495625454298,0.5142128047095589,Type1,Medium,0
-0.34579261371651515,1.0239244079309517,-1.911710997460324,-1.05856438451403,0.4573986378362093,-0.42806253172953035,-0.8742780912401026,0.40914619924893814,-5.574035780925352,0.40599102067743265,-4.044290952107325,1.4090878335499093,-1.6278722862542625,1.92535648403496,0.012979722960578921,Type1,Low,1
0.49186438247785624,1.7394550244351485,-0.43201367596356066,-3.258063393237031,1.48575093966304,2.219457931833657,1.7150671934994763,2.0398051780890016,-1.7796714386333359,0.6664136752423738,0.015577240660299196,-0.026099036301325675,-1.2148767818156543,0.01948897383035862,0.7833685714037097,Type1,Medium,0
1.1078091858317562,1.5432253764688244,0.5578210047243355,-1.0091496669725075,1.6197390823843134,-1.657973521211764,-0.15441771059169285,-1.486520741631902,-0.9209465739282858,1.348441300419746,-0.14402159953600602,-0.6884183219332114,3.7788676876353016,-1.6621620934334178,0.2752589225379336,Type4,High,2
5.761530658621699,-0.7636197815869212,-0.5253216806000336,1.6712541784593213,0.13359324356525704,0.9803816478156113,-1.63496247164379,2.3475195539527287,-1.9460627795272067,1.4473969803966142,2.6399576006988896,0.43120955683497164,2.7877494926529502,-3.637103248196278,1.0906730788911334,Type2,High,1
5.40182742522325,3.474500640102078,1.7038474274567577,-1.0927657904228072,-0.41587441739690867,-4.689586957934763,1.0354433576449718,-0.7458378335320774,-4.716492011177875,0.363275160505079,-1.4944311679048554,-0.031190836306037924,3.4974176907014556,-1.7055056748170219,-2.953971022012749,Type2,Low,1
-1.8566155924947851,-1.6554445174897636,-1.71067061193059,-0.3947741321260534,-0.04610952694782359,-0.3490249953456064,4.7507628868607075,1.4062981173950635,0.6900249010844253,-0.7109961266160656,2.64745194639584,0.5277479093914943,-0.7136650374441887,-1.1582529725916788,0.9681582168835009,Type3,Low,0
-3.969921758010472,-0.022903646435569525,-0.3530754948235497,3.4342793544602666,-0.8460417197294041,-2.725126792014134,-2.1810198916730044,0.6079493383307817,-2.269593409435428,-0.9634471194783633,-5.2911046506293475,0.06160938637731035,0.1625072789859221,-3.1257356272124723,2.2371664921159518,Type4,High,0
5.796084722289908,1.644170653842179,0.1462420779634801,-0.15279090311730603,-0.10119351726761724,-3.9558734858143327,-1.3216958231493847,0.5812579665891113,-1.5083997575339199,2.4092150757207422,-1.0297511349865958,-0.3327915862238279,4.831765719546864,-4.612899995426426,-3.258843429555725,Type3,High,1
-3.089896380097551,0.08869025658895813,-0.4635685379842004,-1.912785349820838,0.6268430611820571,-1.1949953159408286,2.46333953980952,-3.1337146369713045,0.837908989528301,-0.4133855167971723,0.6311746538275689,0.09101846347162929,1.467728665385713,2.521887909960985,0.11321302970486746,Type4,Medium,2
-3.8884519552862193,-1.7147018963616905,-0.8647543525955965,1.0102059373301349,1.5860448567893932,2.6852417754412867,0.7999090844890206,0.04472279955756531,-0.30092656544891194,-0.8175155409635826,0.815744200058689,-0.04164241820118128,-4.0643688551644725,2.333029593603736,3.1571336083301182,Type3,High,2
-0.4947086552321169,0.737196291173561,-1.9708194383774358,3.06086964099219,0.8392217411109192,-0.6890818348717469,-0.5918079916018876,0.09209776468314279,0.7404173945271919,0.6043064309573045,1.7380325477108305,-0.562677297568024,2.000892316461325,-3.3799386986578255,0.9754261461931023,Type4,Medium,1
-0.7023936270601686,-2.158436671086994,-0.7274876773370398,0.9871393613317625,-0.8240311159254023,-1.019921614366163,3.650677700568587,1.5123335604414951,0.5540222704020024,-2.2060747189835976,2.2316095769593796,-0.607921725918519,0.8281411832303296,-1.4554141366408386,0.9017197416606383,Type3,Medium,0
2.2080144160047146,-1.733744470471739,1.4090264284741325,0.27315272940857904,2.289639138815099,-2.6504045774371074,-0.10418138334971794,-0.610950656317387,-1.5291252982630525,1.3516429754015293,-1.0949696525365957,-0.5448788841737326,-0.25969761857845264,-0.6013850741902457,-1.1207222943928135,Type2,Medium,1
-3.9333887437939876,0.14882807478711713,-0.6155640146238945,-1.1956244672229803,-0.03324474005486299,2.0877258853055625,-0.6978725246418356,-0.9885262144897533,-1.641671736007671,-2.8844159320255285,-2.3323175858056393,-0.7113105088048456,0.27819803549425504,4.296665739503302,2.486386044883771,Type3,Medium,0
-0.5028568919865339,-1.3420459504840747,-1.1926743551449415,1.155981246108112,-1.1291819358805553,-0.6423146233421315,-0.6026296868648156,2.0203157399803464,-1.6599393796557487,-0.43036467708731296,-2.1894197058745424,-0.6338013961460311,-0.5617446904242573,-1.439291951252381,0.5530504985212032,Type1,Low,0
-0.17728345049701236,-1.3439991877663813,0.09971688304294757,-0.9182265847348046,0.21507702131602913,1.8445162796310783,1.7137236304367631,1.5889382928952203,-2.064145794786012,-1.7223325869179962,0.06823903125796615,0.017286763766214346,-2.9754804959134953,2.4798155073695183,1.1010106548502192,Type3,High,2
-0.22611092157770288,-3.2822557275709956,1.7656509686474218,1.9722789424525027,-0.572403645531329,-2.8448177652787927,0.8705941436326358,-0.3451657239335302,-0.15108187780182258,1.1505532436192971,-0.1350700884410163,-1.9131109389806655,-0.4320237949741157,-2.7953613325591524,1.36464059353915,Type1,High,0
7.638452307889233,-1.1041868947546796,0.9321779626149731,-0.8726211513966387,-0.7414781797460644,-0.9149757579691336,-0.17993941231716049,1.4361475199996663,-0.859814819440654,2.416971405455211,1.7874380942352683,0.6097107556367111,-0.10919933118330083,-1.0268532606163083,-3.750253678491431,Type4,Low,1
1.6750362896431699,1.3522053790001736,-2.521370648467447,-0.18487682631999314,-0.35939703589379485,1.3284375649782945,0.4113519101762948,4.441320663779951,1.234066181314272,1.144860929247773,1.2779785030471271,0.855743443556822,1.2006575411947105,-5.195234142403318,-0.3489062889388195,Type3,High,1
3.921330431654553,-1.2414736949752945,1.053977090573332,2.1325419681471125,-0.29225802554012503,-0.6391371841158044,-1.3009599075622105,0.5108711669434177,-2.794749085535244,-0.8245117285807237,0.5948694823224596,-0.10564588080167885,1.7643323373928834,-0.7327832952230601,0.7501521977997767,Type3,Medium,1
-2.5751589299051982,-3.806190680597506,0.19381321865296708,4.431425691446261,0.41305403178613803,-4.779379620265918,1.3707043535219399,-1.4051533662154867,2.2275205920831973,0.5493111887517534,0.24600979138531276,1.2064926184712497,-1.4863938849044518,-2.7201003047650483,-0.4628727253663427,Type1,High,0
-8.132216081010517,2.8736024361108186,-3.808510061631211,-2.973389413314661,-0.5140189141911219,2.466317404916289,0.49749876245190494,-3.795124133767417,0.11733868496292854,0.8950799446782705,-1.26260426758367,1.2571283082609743,-1.62652287850341,5.228752470923392,1.836947415073442,Type3,Medium,2
7.6797512580799205,-0.6991481068263936,-0.8692007717468468,2.2117341299072253,0.9848406649977343,-2.7167412414977368,-1.165118587506785,0.8391934950685804,-2.196395332101716,1.6854592757269864,1.7340810597331888,-0.9486279287838232,1.6481529975406874,-2.016445097133404,-3.8689713134702135,Type2,High,1
0.8112098466293626,-1.771948302329624,1.1512423918527435,2.5030285552566784,0.1321117331081251,-10.313769831281494,3.2067103904649192,-0.3623518148562249,-2.7682695830895394,3.9537928717108413,-2.1295848431690425,0.43545395780278306,4.937976304206682,-10.859949278513042,0.6677451093781774,Type1,High,2
-2.449362029085864,1.1023806172573798,-1.0005862546465865,1.6333516274228193,0.07737632761947057,2.9728293241280936,-1.9384075124794755,1.5176534126448238,1.935298250945639,0.538951725095302,0.08897973196180353,-0.04180224775162977,-2.4281667565692198,-1.4481935388919691,1.6775158678280007,Type4,Low,1
-3.313206838604617,0.47790623798388276,-4.2127786271266405,-0.42040127395034843,-0.43586578601403997,-4.473124519734794,2.8414040105912726,0.8073104662961974,-4.703678492345321,1.7911417320203258,-3.9204063034888414,0.42400742840031486,-0.6154064916865687,-2.6899842672340264,-0.13370637525326412,Type4,High,1
-0.47429686932905013,2.2044311870424798,-0.5365697569795,0.4186540052020682,-0.30743808109017506,0.7874487113261537,-2.530950147308685,-0.48170424646876,-2.497612893357073,-0.26295076469140044,-2.4458294539209042,0.5990334172837148,-0.5284273393526313,1.4775204989608288,0.3403107902890462,Type1,Medium,1
5.090044659741618,-0.191763965485642,-0.06329263072542735,0.8505767414175713,1.065579444485567,2.157822253030868,-2.575885894980598,1.782735437740715,-0.8094876132485748,1.2031885502608661,0.967010459380298,-0.5921274752413529,-2.9966590995532774,1.0459193487858829,-2.3339211789402468,Type2,Medium,0
2.9212043110619628,0.4849555432300561,-1.396827949947804,2.9847157981670764,-0.25579197722717456,2.294525775082764,-0.1527949931114606,3.7809622171600266,-1.3497220037029884,-0.26683798315164775,2.5394366066166976,0.45847986047768347,-3.0477882515214523,-2.1479600330285593,0.37604479637418464,Type2,Medium,1
-5.979584133585409,1.263226856758396,-3.0430027410036815,-3.627262801164235,-1.000519400348357,2.4354081950083826,2.9459814854287765,-0.3523016124649301,2.4012417929850036,0.055010399946798016,0.5960575239989727,-0.08199462063832304,-0.8369590626653004,1.9728009433855493,1.1236081757304457,Type2,High,0
-4.234633115909487,-2.6809352581126955,-0.6512158596680203,0.12214117352960596,-0.12686678003788668,-5.104676676796868,1.4281184949815735,-3.946743399224605,-0.8584366350256305,-0.13364915013136436,-2.875641724586697,-1.4845299264555774,1.6628634437111818,1.6445594441137543,-0.19763635211850428,Type2,Low,1
7.5352771676924455,-4.6252732457184305,-0.04188881366434749,3.0129742092441103,0.49620389903074363,-3.5012736472352977,2.3682851062258807,4.396822060083004,-1.7136608078231208,0.9467562290452924,2.5996934783504626,-1.3451193311100536,-1.065742778104038,-5.036727466253155,-2.764040578250443,Type2,Low,0
-0.23127359214758533,2.1166952661641014,-2.915047377471165,-4.632044970991399,0.2407266094567804,-0.903241793888452,1.7160391778505866,0.7679925773581538,-2.599741385380078,4.178453407633302,-1.8908888170417368,0.3975883728511986,0.9912297817482683,-2.027810109865096,-0.5800437377364525,Type3,Low,0
-1.0638478768047062,1.6566751455783786,1.6330140319157334,-0.4745802410697887,1.2227260100852637,-1.2984992281794594,2.271349633617028,1.1579767410349717,1.5778221865507132,-0.9297943165015274,0.09543861537834952,-1.0295928602564584,1.798147720700867,-3.7628008166043125,0.7081141325119491,Type3,Medium,2
-5.5600945422810195,0.34321360251927935,2.9675403955600133,-2.45273136331883,-1.7677208646053852,4.211020571583215,-3.1955696084551866,-0.36831712748760936,2.5807117857788477,-2.520196672664287,-4.7219053445296915,0.2173557941119708,-2.3956678154263527,4.288748434675888,2.276628080596808,Type3,Medium,1
-1.0851945096797637,1.1836011173844299,-3.2687272841880546,-1.7700500341356107,-0.7897694532153167,3.957205009042966,-1.8935609438705963,-2.0271065883906862,-0.6293947385614451,-0.5034427036226781,1.2390515105831472,-0.739270870623477,1.809060444647431,5.334308350878356,0.8712895457680991,Type2,Low,2
1.623577710695842,-0.643315314545285,-0.5374513262262293,-0.7927916426959594,-0.024222048206083893,1.2433784381365285,2.373543874870723,5.643882119858493,-1.7323102808588482,-2.0218886117800166,-0.6727669580032218,1.7255621861100967,-2.537243120756764,-1.7892641688180226,-0.19014548154827637,Type1,Low,2
-2.563240977547625,-0.8314421376445758,-2.5808306837019335,1.8625166038999115,0.168902892429114,-1.3263502236064513,-0.8415050237816961,0.6055230384662318,-0.6652226954059031,-1.667973769235767,-2.3536620576108094,0.4557276144960468,1.1913280638964312,-0.4395265010388812,0.19853107211067744,Type4,Low,0
2.128939641045005,0.24405327996723725,3.1590915531985346,-0.5102885016419954,2.8863288812175214,-3.926296864608143,1.8428193521076661,-0.6822395463397977,-2.003525197866328,-0.6350965986861659,-1.4226401528517556,0.31787156782644804,1.10751007733885,-1.059684014876789,-1.2310996005904595,Type4,Medium,1
6.002613819366298,-0.6777827750103891,-1.73746140784761,1.7639856111943912,0.3154615322724144,2.3608521474806627,-3.619029855288578,0.5891937228512932,-0.17274643266378342,2.926112448997582,3.9611193280615646,-1.7538854067587886,2.6928751541927154,-1.662259201787367,0.013394733811529003,Type3,Low,1
-6.165079006541754,2.991733910511601,-4.713577701513032,-1.9742069611600963,0.20122493102096117,-0.44045127217096147,1.8544969617971638,1.6084480258995653,3.008543374445229,3.630747051926423,-1.4461253531285023,1.0613443717528315,-0.198369517032709,-5.22628737290319,0.11654188903650553,Type3,Low,0
-0.44336401314893276,-2.6452711669389575,-1.273240011136852,0.6457090268867675,-0.24342275255394902,0.00019293457069757412,2.0610266137831674,3.237418995334892,-1.6592076383502108,1.0774851016463334,0.37744939807607447,0.30458367308015605,-1.4510905879285412,-3.682121348441192,2.585012356420009,Type4,Low,0
4.673483955496851,-2.773162628029125,3.110922151297197,0.6401501887001568,0.9347734439106482,2.188837952874827,0.18855090230540383,3.0078726379446294,-1.1148439223621796,-3.7235579691437106,0.8609993881979643,-0.6082384332376899,-3.6558719027579607,3.1092348023339413,-1.0785373678688637,Type3,Low,2
-3.01744400396369,3.0687355096192337,-0.2708771362196527,-2.448848764133728,-1.5633074041774064,3.64318643826921,-0.870225622937917,-2.5367410952433205,0.26642404165671474,0.22162046693275672,0.06993129695776146,0.7179891413082952,-1.8231989546381095,4.8071567144310645,1.047114499224973,Type2,High,2
4.566664988885912,2.247050564059956,-0.7003294082166407,-1.0452111516018352,-0.30223237181668305,-0.791545539969024,-0.6785208914409215,0.04109593518983934,-3.9359823467070556,0.7094986357128055,-0.6453099664995893,-1.2707032796455788,0.4843997293357616,1.2910744606726081,-2.68573668890321,Type4,Medium,0
-1.1915999647615,-0.17607342879974552,-2.640873085180606,3.6615961594606126,-0.24308016897727405,-3.4652868738904856,-0.36636688034389553,0.6306231923683692,-1.5516531444331667,-2.8600513542550448,-2.4190280912642397,-0.6721412733897842,1.095987158865154,-0.7328146500364892,-1.7169180504274593,Type3,Medium,0
-1.4617681849034667,4.7021162563380035,-2.25559927264794,-2.878533032795354,-1.3004904039002187,6.25599738075581,-1.8020419424792706,-1.107546291761668,2.000422588306939,-1.7306470269181338,1.5936143751810725,-0.14096353531250091,-0.6745788315023074,6.484976195560087,-1.0194519243638376,Type3,Medium,2
-2.9229910720865933,0.2796968415417117,1.7476894113267818,-1.321268329407505,-0.06320453445223755,-1.3599226138328688,0.8344148854821919,-2.130265304862987,0.2410831711928535,1.7324706120610234,-1.0491814616109318,-1.3165853859030257,1.2109790670682057,-1.4923660854213607,2.427386296990637,Type1,Low,2
3.446949587110531,-1.1830615876830919,0.971425369432254,5.114120078413686,1.6939846337775444,-3.077951775461267,-3.201151978807482,-0.3846604568725167,-1.3307098133938637,0.4049376017602152,-0.43459159116813506,-1.357556946455415,1.4539487525317822,-2.961168189332159,-0.6699014918789863,Type1,Low,1
-4.281794130914436,0.9459901014821381,-1.8655683005041113,-0.0019724520657818934,-0.267916181352738,0.5005847590903975,0.11398957364256068,-1.3550096447435607,-1.6616000358782244,1.310561851337797,-0.8854838980238273,-0.5096964688958858,-0.3768014399131052,-0.0726048136008341,3.1763957440447177,Type4,Medium,2
1.5971155609643786,-0.9625894925250519,-0.215266783508004,0.6740294320893576,0.249513149378733,-0.21450692086971695,-1.7924657145484368,2.668498527091284,1.8966373205290519,0.041710079060824135,-0.9794921478327145,0.9646774583640515,2.184442870301729,-3.5581191792926132,-0.8021595964150674,Type2,High,1
7.542229774873861,0.9861841031241527,-2.211480845616596,3.5461444573237513,0.5424478467212955,-0.7379454481586751,-0.9729605379029924,1.6511585880969277,-0.9188072740019709,1.4809197639923957,5.072479637973816,1.2137722786308258,3.7835878930253477,-4.437804467524793,-1.829095158172092,Type3,Medium,1
1.0564628250576134,1.5499236337883207,-3.3973134007828296,-0.44899724617112136,-0.33073958648709806,-1.4865695296480084,1.9855348581616714,2.885389784773622,-2.027868333235089,2.2802809191040456,-0.678149529187116,0.5699889051318785,-2.488122662454267,-2.8964527239509446,-2.491374502988827,Type4,High,0
9.23816512299432,0.44859517824677453,0.10710621849100865,0.258091913079707,-0.441708370811123,-1.5190167698902326,0.04184360534784237,0.31959523990845573,-3.6328170867428473,2.6549410518975236,3.390096618910935,0.9277678910381758,1.6528477759338787,-1.269263261696341,-2.9442407328695133,Type4,Medium,1
-2.8782078894988055,0.10799965485333929,2.055880726568932,-0.17383494260477939,0.9449269960527593,0.724378151630533,2.058732265528772,2.3415269218386383,1.1199159872498141,-0.6173444357226778,-0.4429533849157362,0.9909328491049462,-1.4830133670751904,-3.5765336877538028,3.1838091607292145,Type2,Low,2
-3.3515476214226463,0.0014121778166391596,-1.3892621515796018,-2.751689652282918,2.185371733284947,4.588717921064745,0.26178186140604764,-2.0357273869837584,-1.9143743132897475,0.021132953366185037,0.6722571116416245,-1.7256048823794647,-2.8394402661714047,6.440566589652234,3.0050635756971418,Type4,High,2
-1.74672459508378,-0.776346886360871,-1.0680525342660359,1.6756271037995358,-1.0964416439410125,-0.7730377697629108,0.22634719036489892,0.3381032884772416,-3.729197590238075,-0.09382500067992827,-1.4153587225120994,0.3185152887806779,-0.6752204323654196,-0.9000731020579669,2.849413153631179,Type2,High,0
1.3003637000285617,0.7066324766739822,1.1139783762812252,-2.046044050920175,-1.1629355231904364,0.6948332613237906,-2.1946792604941265,2.426225334080048,-2.670227646898476,0.18787178865966725,-4.393216388830664,-0.5677793782534163,0.4444838640888513,-1.0596090265739981,0.545785384599742,Type2,High,1
-8.988236487596835,1.3622012419293221,-2.9573080195592505,4.462317158227721,0.278787138224366,0.5040085946334216,0.048343094593485736,-1.9071445226017616,-1.7746668832886223,-3.4100506733375036,-1.2428159738368612,-0.7577631004228758,-1.099976035483245,1.345419704263488,5.250977591828824,Type1,High,1
-2.762367521965367,-4.384386866078115,2.8433399649816393,5.376010607605686,-0.8472955410637681,3.883128642000864,-3.947473617699002,-0.022714920844866038,2.8451366713761344,-0.14410439008445142,2.160890166728351,-0.5280640122679626,-1.012252388175046,-2.2780600005415073,7.372972612217508,Type4,High,1
0.25179468519023784,-0.6430512440244746,2.5352660580041015,-0.01697334808278217,0.9614856507091686,1.4889123569466574,-0.7249787148784885,2.661826271466913,0.7674626581837314,-2.153738748325721,-1.389268063289137,0.14469421319308495,-0.2965186544742193,-1.234646935971923,1.3332603274186896,Type4,Low,2
-5.433316495870848,2.7668643867917,-0.28938139313508027,-3.129611525753444,0.9158530583140829,-1.4456194617680522,2.4783004566771556,-1.749543219793726,4.08266827386233,0.34822533543004486,-1.1955085700098746,-0.21091941029747827,1.55088964701915,-0.7975671530568397,-0.8673042418555208,Type1,Low,2
1.7502652370391472,2.388527365501042,0.3991982815139439,-2.027500764131077,-0.3519547292557266,3.193746160694564,-2.147112003484822,-2.24794873262808,1.0214506784647623,0.20137949121939147,1.443444677075806,-0.27952349670394916,-0.10700431895136342,4.86804698419041,-1.6592580034866327,Type3,Low,2
-1.0293911669613944,-2.90996717704651,0.07238795523671682,2.5777987687431825,0.6283783803912162,-2.6073546396217973,0.257019512316497,-0.1280521488491726,-0.5664027289873592,1.0124909713274972,-0.8471754428898918,-1.1051825582596264,-1.5497824445917314,-1.952939439314303,0.6528218601508938,Type2,Low,0
-3.218509117148213,-0.5702262774753839,-1.2763941156055254,2.9676075330081693,0.2845316663412878,-3.231217342337248,0.0007871339296403601,-0.5486642722613191,0.1753899224515454,-0.7039924213175806,-2.2474937110306805,0.3044805090237054,-0.867394526173502,-1.2584418185403716,-0.6698594891325456,Type3,Medium,0
1.9820785949323794,-2.636232044211415,0.9961841779988825,-0.16410748563418587,-0.29110657759487546,0.7755130752403402,-0.13880898662680008,-0.7021947447953676,0.8282152597115537,0.5808269756435049,1.458633118226285,-0.6072988747752069,-2.761240685086986,2.943920159684138,-1.4964723579184196,Type3,Medium,0
1.0532932342436037,-1.449585118878011,-2.566698489915388,-1.849516788158645,0.7622809242840798,0.04987508566790582,0.7108310026799772,3.639350652937392,-2.2820985228923627,3.4037520000843418,-1.4061454243842029,0.6402712334650095,-0.7343485100636076,-3.8005654133524427,0.6077317811431697,Type1,Low,0
-2.4317124947010758,-0.4730973553328548,0.19585376423077294,0.2459230835320536,0.8116673629600006,-0.6685091901164099,0.3805105335491692,1.3174502981787937,-3.1228581659245296,-2.316970976043673,-4.151071096969719,0.30634283937043144,-2.9952597243430494,1.4934338011928883,0.667320825357361,Type3,Low,1
-1.402839506044942,0.4115088330942003,2.255045728437936,1.2840897563089149,-1.5860192558283148,3.657169422873801,-0.36877244018226985,1.4277988109486766,2.8024444801005055,-4.001643608373493,1.1790321179449847,0.4016537673404463,-2.520247739464933,1.8893620722057014,1.2088552192284154,Type2,Medium,1
-0.834182420532566,-0.94592225085649,-3.049064856318114,0.13418745678046817,-1.1742279297823626,-0.8753557735898052,0.622057316292156,1.3723407916912622,-0.020566254846837273,1.2920839790712573,-0.842756135908617,-0.6073676181233753,-1.8278316553736702,-0.7773165349743008,-1.6832831497315448,Type1,High,0
-2.931851585682559,-1.0043244460033818,0.8397713101210791,3.0127131529723905,0.07872821703620124,2.5425156323370133,-2.3021471854108837,-0.5043102013303227,2.166442197940123,-1.4260239287574332,0.7459373146565673,-1.0568141808153906,-1.0392461909580604,0.4593984382265293,3.157184520663748,Type1,Medium,1
6.835080280770286,-4.6334732674714925,0.09600168615116,0.7223762957499389,2.1739111516855587,2.3639337940146437,-2.51030620705306,2.8828774718788317,1.736682244525837,3.7191706968693725,3.7105367086945273,-2.0375240930224034,0.4623667595769514,-3.0880130454476182,-0.2320781878574295,Type1,High,1
-1.9195460121535377,-2.609751972879147,2.533263439587279,1.0036563791730095,1.3736475717009295,-1.946243393256053,2.8770171060928638,-2.395180699415358,-0.02335872612775214,-1.8708842052753354,1.5709010736581837,-0.3466525739117052,0.8699594892278153,0.8256813196569532,2.5429840095499703,Type4,Low,0
0.8686349829864591,-5.7202352172571,4.531980484215752,3.9975783889929932,-0.8649459744745971,1.020813478512586,-2.472516434689147,-0.11170034631997305,1.7175948358019109,-0.4297125592080553,0.6297499549570318,1.513559210992294,-4.495884807753684,0.8032960535035367,1.9797013767525322,Type2,Low,1
-4.041980620268449,-0.7693547356129611,-0.3733501032073384,1.6948122381385389,0.7081572558078263,-4.673394080819163,5.05447757058397,2.3105973493647447,-0.5989424855097976,-0.4290748372283584,-2.406186007897849,0.7718693127423429,-5.275406955577806,-3.761327172272987,-0.9378699138570666,Type2,Medium,0
3.4715793425113657,1.2792725732441599,0.22380849976145878,-0.3663935454075846,-0.13005613643714392,-0.9237782311673148,-0.1520810704757274,0.6407311868775879,-0.8821397134050557,1.0693123554949948,0.8918149074593448,-0.1674626849310439,3.1137254460650747,-2.69262449931574,-0.5921549318614863,Type2,High,1
2.4120419402279096,0.5777994829306017,1.94763484806073,1.1308361741707458,-0.3856041957915818,-0.777378992771027,0.21718702334727946,-1.024420665837059,-0.5535863137577951,-1.9500382164316776,0.5471903175019754,0.6425090612225574,-2.4887897411583415,3.2272916035368806,-2.810773807288342,Type4,High,0
-6.916933675417259,3.287816246807306,-3.476881381246434,1.479851786774562,0.41231019403353353,1.7361489532710346,-2.4837432626529514,-1.3468304246029428,-2.6808948644533985,-3.0066774038934745,-3.7351703488068044,1.4961983548274973,0.9801588072810881,2.71113230998645,3.4577827049272427,Type1,Low,1
-0.559054099904235,1.3859059327504513,-1.2360084176761539,2.092336999657345,-0.23862479721825064,1.9082622678688521,-2.317121310017566,-0.573346331334391,-3.251422776941145,-1.6100329681626409,-0.8482293314487096,1.1577739301811867,-1.8337012350809494,3.2307546836728345,1.1561040163519338,Type4,Medium,1
5.135098598244013,-2.0980132622432945,0.6122421841869122,1.148568620024177,-0.5760504607606073,-0.6088769277407632,-0.7458158899365508,0.21060167693318121,-1.3099353114582755,0.19782985524372676,1.5742977724207843,-0.27999306880781855,-0.17538538788288616,0.9908775980120647,-1.9826581330211668,Type4,Low,1
-6.1755517007611616,5.2733802840639985,-1.81688547420373,-5.208232677836194,-1.2800729073468584,-0.038126644050525876,1.9945476431990683,3.110577631280291,0.8058091017831372,3.687408459075486,-4.354651288346263,-0.49194667841980144,2.624976647604784,-8.166719037721672,3.1383977859921286,Type4,Low,0
-1.2945114645307596,4.840643253153152,0.26546194191637595,1.2108332189113238,-1.2582965283438698,-2.930562830326502,-0.3661660609339521,1.244136998456371,-0.7046243998613253,-0.4959010526741463,-3.960047736477612,-0.44507109913546034,-0.7037895716467579,-3.5957600318675036,-2.0641278160737055,Type3,Medium,0
1.9458065030006064,1.6006129240651092,-2.4100428049754905,0.7202147180262564,-1.7281569166785278,-1.0206884773485505,0.28423328749106913,1.8182929261330383,-3.0875388317385712,-0.43583329690931993,-0.5922283582208987,-1.909131103686756,0.8969039195149608,-1.3523446259377017,-1.1352491757227785,Type2,Medium,1
-3.353331138283678,-0.6408042968324228,-1.7911824864839208,-0.8649834987484207,2.4226688755390207,1.4170636773312328,1.1627177200023817,-1.8641377436612472,2.8572883598354304,-1.5970317552081164,2.131981798448898,0.29998120276257684,2.045617756449269,2.724097321745789,0.821629443170154,Type2,High,2
0.4471608114666959,0.5962615505481412,0.8215184229459436,-0.3110516669936205,0.2980971679913876,1.0993323369689525,-1.372189313885574,-1.4570628102486705,-2.106699093700276,-1.8522892047405417,-1.6194030377498754,-0.8248067914418262,-3.0769314370913907,5.8414566975854525,-1.4971507918198461,Type3,Medium,1
-5.380649660841364,1.0525507062131487,-0.5670843739797793,0.09075129162349127,-0.04183618971424044,2.4950613844282445,0.005854572455844975,1.9475181703024518,-0.25292405887086034,-2.603547482297953,-2.8047651759905414,2.4194656822405447,-2.8857141343720487,0.7157271422224492,2.7848420639643514,Type2,High,1
-2.053195128104123,-0.403226463479446,-1.491628106325232,2.144338661120977,1.9118135898933488,0.05187953344229514,-1.6824996859732129,-0.582469285570655,-1.092265709333862,-0.6426223755005513,-0.7286235347651404,0.7189495770093558,1.9669902420529355,-0.6064087376995358,2.503182509531819,Type4,High,1
-3.927370667919361,0.604260222358507,1.2328336985012833,0.5464028018985635,-0.5743805091186861,0.8406807774736861,-1.3291677092854703,-0.8988732792778964,-2.956183891736835,-4.5532577127303995,-4.669621810334336,-1.1038404260171149,-2.9209537192561306,5.478594048375659,1.267394216024433,Type3,Medium,1
-0.3501268821037313,-0.5531324834606088,0.9465778533688953,2.4524964157463134,-0.16630578290832382,1.5850565207880984,-2.5571462085059657,-1.289045617358771,-0.6837143822191372,-1.3015701650237756,-0.012923371761531133,-0.30401689526598963,-1.639438238897722,2.7143716988955844,1.3075155214073158,Type1,High,1
-7.660107912891228,2.0835009624978715,-5.626901030258403,-0.6862657148738164,0.10724334839604492,2.1316669836330355,2.5214347661978755,0.21035735466114358,4.495041844716547,1.0177702369904877,1.4085135258398664,-0.6667307455268605,-3.5804232674803407,0.38254464067987265,-0.398494492377075,Type1,Low,2
2.1756233051738727,1.1994508573524363,0.7375172769859317,0.4056907145084565,-1.0127272634128923,0.03737176622787398,-2.646549724575079,0.5762551097213837,-4.0248272595316195,-2.929469875474706,-3.373179124988015,0.5322862544139333,1.2119359457948948,2.335121668627277,-0.47840313101633036,Type1,Medium,1
2.2294536143588273,3.127306110711098,2.7251088033612536,-0.5884208285568138,-1.2705595069383429,-1.399372772228199,-0.06936692583906923,-0.5028674907640283,-2.305032290952297,-1.4261351155867477,-1.5933291788280433,1.2178635150022223,0.8262492894140132,0.3863762694666402,-1.1499939472416627,Type1,Low,0
-10.544025051716394,2.221068390745443,-2.4009852215843512,-3.2010418775816785,1.387010395010795,1.0130352774832414,0.7923274857551299,-2.341316790855307,2.4158686787520374,2.1154267810559877,-3.32281565946071,-1.7771080213875565,-0.9004217988496945,0.2717662661119871,3.2133911001087307,Type3,Medium,2
-6.8235962448178915,1.8507043665765361,0.01995794745429036,-1.933385280393611,0.45657982113628653,0.09676146141064065,2.6691301852900047,-0.4138594348315596,5.2047879703557145,-0.9025595703347262,-0.32925641812779527,-0.7803172607724657,1.029936365824766,-1.8005355787489545,1.2627965997240032,Type3,High,2
2.220986354675186,-3.2414301373877255,2.317732731283261,0.5611379431455783,-1.069976954623892,-0.8431413482233794,0.7341961875454412,-0.43026909093764587,-3.5580538109829614,-3.5567769620842955,-1.0814796112928207,-0.3868863011382074,-2.4380819523365305,5.216059654817562,-0.7851155903687035,Type1,Low,2
-5.201465010027933,1.0988144314185653,-3.96880779329779,-1.7864057831077491,0.7904707318349238,0.04794020142654498,0.9417268004282612,3.989453662810762,1.2591874277669937,2.5946546775183803,-3.2236990959987293,0.041408267473309744,0.48898440368424656,-6.514042460554555,1.8346031979130202,Type2,Medium,0
-2.950300559441178,-0.4831829167158428,-1.5425795036484047,-0.8221407929788289,-0.38946592539770214,-1.0596289198472033,0.9992047194101817,1.2058249901654505,-0.9274139801097635,0.3502270211096741,-2.514567619760023,-0.9564485892351755,0.2176038149101216,-1.8430339086646097,1.1785341426615816,Type1,Low,2
6.40613384850572,-0.7813948993227305,0.3555289480555611,0.02812429340176914,0.6203385767441011,-1.0359255588636116,0.14890401677878806,1.1137105511712133,0.4055023724366724,3.1716299926164493,2.8522041750901557,-2.7687566489724116,-0.06721264058089393,-2.4563001792061208,-3.1558729404169203,Type2,Low,1
-2.1246775375436204,-0.8727308446163035,-1.923444895568479,4.674784043537743,0.4115573988265126,-3.519380381294248,-2.262621488698751,1.2312011294206768,-2.407631613362245,0.10244132450583221,-4.411403239893449,-0.5789045384003241,-1.0711805660789977,-3.5562940344431215,0.24520352713203242,Type3,Low,0
0.8773831585815595,-4.498675604043799,0.9650397283998257,1.7488409512046075,0.1380228450890939,0.8611998723560974,-0.948577263753595,-0.8798361842236466,-1.6506072325080114,-2.173082257209696,-0.3283410593389102,-1.2447131363767872,-4.887430033557115,6.270755621207386,-0.7642302246188861,Type2,Medium,2
-6.558553957109788,-0.38587966052406486,0.5773010373760001,-0.6297726401396407,0.3095217495653957,-7.344293178612141,5.3449829959240045,-0.7275534998930593,2.146126113286292,1.8599293895907332,-2.9796653082862328,0.11198432318812204,1.5003552522701884,-7.115238904530935,0.61539312046752,Type3,Medium,2
-2.9332437565713243,-1.5406462474401157,-0.609965539672798,1.9038767345528869,-0.30049738935540643,-0.18789693154489667,-2.6258176382614,0.12452574546778283,-0.4415639328212546,-1.2971275619145102,-3.548071228781668,2.209466789802954,-0.6809553282704883,0.6913835949414809,1.0613940620131397,Type4,Low,0
0.5472284413806594,0.8804194671627247,-1.3327558920733873,-1.1239732272569756,-0.7839273908828671,-1.4522563255179173,3.099623930802217,-1.1663242631020072,-2.6894078125537755,-0.5020767706785332,0.2723906675211232,-1.130993839659266,-3.842606943061799,4.3437027253617675,-3.2802338179066632,Type3,Low,0
1.238899828569505,-2.8855432244049384,2.091768431929929,3.8715431036633396,0.6875918566492015,-4.341712447257146,-0.35620677520880895,1.3060784390702433,-1.7457623260885415,1.0387039070356914,-2.192396269073554,-0.6270165247163441,-1.3722269746630387,-4.931268782601582,0.4392001774943377,Type2,High,0
-11.644441167544143,-0.81884805539597,-3.3723354762833706,-3.0586410785815192,2.131828467799029,-5.1148548846297475,4.027139073638798,-2.042052825868348,4.587340106331538,2.4350550721036455,-4.637217491195798,-2.0492317195345278,1.4394563723586555,-3.4332964224560567,0.2971395362741879,Type4,Low,2
-6.45035935494586,1.600597581954098,0.2835159989786211,-3.4490859222956165,0.65902862649258,-1.0107098470919418,2.981752428351629,-1.4903228320579744,2.067135130616417,1.774095752691331,-1.7554777074950794,-0.7512417207677052,-0.032248175421767944,-1.559791840036343,1.8789312123897535,Type4,Low,0
6.32685572857759,-1.8226656930751597,1.8255817891284225,1.7446184476797555,-0.5580593603172669,-4.183803635705061,-0.1433601113592975,1.1179156432822348,-0.8036297612472763,2.128628262114277,0.18399633479199606,0.4640285391806819,0.005235777936571373,-3.6632586114189696,-3.6450023575608173,Type4,Medium,1
-2.9253500718044227,-2.6451444707546514,0.7331154267191686,0.8444684504830573,0.23819751895098848,-0.670867171233413,2.774203178899396,-0.08166293393436774,0.07866753422277029,1.0074472596515482,0.9612418955485593,0.6284007960474711,-3.0771314842777637,-1.3129814045571213,2.7246582173050022,Type2,Low,0
0.25762260934731773,0.9478044655262875,-2.254119906950622,1.9255053274973601,-0.12157751775232185,-3.969856941422585,1.9938630565800775,1.6994004730449512,-1.1572189896560705,2.470321778311129,-1.1998250457630788,1.1934823152629634,-4.298293926426036,-3.581161917680117,-3.5518470961206092,Type1,Medium,0
1.383844067028931,-4.759817782358263,1.2599054872008209,1.9799684001429716,0.5380383639249167,-7.373971733351881,0.3177118807690882,1.2278222617209453,-0.8635372557516126,-0.3899762330185482,-5.013940482413242,-0.7008429855362637,0.5034080407883335,-3.2664846289623233,-3.498968134787445,Type2,High,2
3.7095908288153177,-2.8548221408177215,0.7824310692675516,-0.3366447220322826,-0.14484224569553084,0.06955109106374005,0.22031278655156172,0.7175841275667432,-1.4777182673707707,-0.6168145937342941,0.8327844839329421,1.0668726901990064,-0.21026664314767363,1.7481114457544351,-0.9039696402197137,Type1,Low,0
4.249726509050125,-0.33286775006089964,2.887211268559797,1.8994181622894155,-0.2163798381782341,-5.70121025410445,1.8016619779431409,0.3575230271739317,-3.9039511309519495,0.005688670210293956,-2.0547528960077237,1.804962523081355,-3.0595750327143887,-1.352806735307497,-3.6364192477323942,Type1,Low,0
-2.211549915335783,0.47411486910894085,0.21705521320806853,0.32532640646149014,0.6464489772378144,1.0652336722363402,-2.025144857142292,0.08332586077234716,-0.1540645056745943,-1.3109518080142744,-2.3038473022037467,1.200436866673032,0.7288754097746104,0.4240264753183637,1.6895729125290355,Type2,Medium,1
-2.7470939943881403,1.1302435686550067,-2.250748392035914,-1.7141809225336888,0.6579711807999089,-1.072368143381691,2.3626278466398656,0.6526819809723121,-0.15693186884540045,1.6293822864836853,-1.1867328922540632,-0.23906307958743775,-1.6603199885345834,-1.2079280506386696,-0.710868680856275,Type1,Medium,0
2.7664683315305,2.1092398520527023,1.1262506851090335,-6.205558362544365,0.6808955389608131,4.0547083725172985,-0.7400546269778474,-1.0021165085430543,-4.110363353439215,-1.5057201657579717,-1.3566152486740624,-0.06377856362809804,0.5435962567142252,7.7687114176433285,-0.3358578053299719,Type1,Medium,2
-6.8995715101101025,2.213779352060568,-2.378666475489193,-3.6394876369578895,-0.4940926662760314,0.7461392181902036,1.5725210151496705,-1.914568691008659,3.9575116909016463,-0.2788890344772428,-1.2622327026780962,0.04529044729486691,1.08314442150759,2.033376974929387,-0.35072515760160305,Type1,High,2
2.32542957675961,-1.8304305320080765,0.603706957577421,-0.5663730050205906,2.1224834106870887,-0.19455805393222217,1.2681405115727316,2.4365045678911286,-2.991844585210057,-2.663430245825948,-1.4697034589883555,-0.0981571578138971,-2.000654583543383,2.078053105380343,-1.1793750226213287,Type3,High,2
1.0066926258497992,0.36455321677382024,0.5825872133790109,0.18140549306868214,-0.2586889520549061,-0.18622431368207462,0.278306879596834,2.2051667655886074,-1.1382237661128205,-0.2934113488207126,-1.2952464745243975,-0.9265626019814763,-1.9795381832938808,-1.2692489056583327,-0.5652470536744656,Type1,Low,1
-6.433183461732343,1.2275296803718845,-6.288339422138877,-3.190483780887533,1.5006153871350185,3.46272139442028,-0.6059092028801407,-1.9472926641711106,2.9795925279010795,-0.7368543977250221,-0.30757847792747894,0.42293443184520274,1.7119239310230445,5.431142491301822,-0.42194432922112446,Type4,High,2
-2.0279173518399016,-0.30332878983958333,1.0317488369273198,-0.943597049955738,0.15611754452117496,-2.2956966552247033,0.37770446288083503,1.0267977199880676,-0.4632769767083992,-0.8268303696434349,-4.452389136363643,-0.21677314623465152,-0.5865678109191146,-1.0440851826297564,-0.6677568571155421,Type2,High,1
-6.797036545717398,-1.1563713491898562,-0.5039023510618127,0.37262886023540265,1.5464470157149268,-6.0816565255748065,3.0864195778191936,-2.641953887419206,-0.7753036306680441,3.9321800604186503,-3.0113661624712327,-0.08846044585236078,0.20493140459371306,-5.087616162003046,2.7476978614747662,Type4,High,2
-0.9108721710300128,-0.6727548711000412,-0.29842755357658124,-0.060963491795372304,-0.35644652082415146,1.9859259421523572,-0.028712294554408713,3.010545616218902,-0.19390025011618894,-1.051841568666951,-1.3116043961869455,1.82797824915557,-3.1174125964907926,-0.07011995567337183,0.6137325079752778,Type4,Medium,2
1.8108964042481583,-1.169636400547534,0.6311391751861093,-2.15449799684189,1.5446746801162379,-0.25358018802950744,0.6417896948657371,-0.1001816592480187,-3.4094588384442663,-1.534597007993618,-1.83207025783581,0.541800827317001,-0.9122834582264246,4.176523129364835,-1.2197036838713107,Type3,Medium,2
-4.671790652613348,5.148653945731756,-2.75448807233613,4.894477995374003,-0.815012442845064,8.298015493737003,-5.020384811512937,-0.48020928383805916,-3.0982754027491293,-5.3370555682576635,0.20635504254449133,1.0492398719584197,-5.5707742779916885,7.592892509613703,4.195841181398698,Type4,Low,1
-4.639484889286003,1.416168915764009,-5.250561855127544,2.045065158799792,0.6682386082394608,0.87388739878908,0.2883668809981297,2.71286323102908,-1.3541001271544855,1.6262555657877678,0.1466146482083417,0.5620740062449835,2.83170342572451,-6.858137643702597,5.419895221645112,Type2,Low,1
-3.494050256411193,0.5207981277297071,-5.266420855857801,-1.9043656783799694,-0.1589216586226859,1.9165047377514837,1.4247889773868523,1.4202372124694755,1.5620706444506984,2.5004534201181037,0.7267234063339922,-0.8802656394770324,-1.539376826624868,-0.6856934278565705,-0.11663547107988248,Type4,High,0
1.3906460820749804,3.24189191700672,1.994012540402414,-1.037797667646513,-0.7766120806414085,0.19379019585497526,0.24319438709043295,1.0885194471893276,2.393305402991314,-0.5772416051604916,0.5592466287283793,-0.4633827080477286,2.1405460353705537,-2.7138409795468874,-0.9896900202551815,Type1,Low,2
3.4342600581233262,1.3450966045672106,-1.086895937088172,-1.5506028603535102,0.5621428228907491,-1.1639379593081425,1.0503807968948444,3.2516028086387205,-2.699518441936707,0.43516080661889167,-1.5357669003745982,-0.1399848194364008,0.005300928242016667,-2.101739282421298,-2.4288339608323097,Type2,Low,1
-5.589351082492056,6.413758387925161,-2.472874875334944,-1.5255429935660811,0.7103330866754772,4.433878577868962,-2.5324354593049905,1.7464580700393522,0.9172339977882981,1.8482605469792732,-2.811908913870535,0.12230919098792595,-1.6927503254112182,-2.3127589741772896,2.6366746294751096,Type3,Medium,2
-0.4213890683449005,-1.4265810792939746,1.2901771218721243,4.242984144335782,0.8003686802923236,-3.8860788585239034,0.9875969832193936,1.0899395650972084,-2.7621123673535246,-0.5417427736449567,-1.51434408776701,-0.5543706661827079,-1.2239769654871726,-4.27193556356566,1.6840082434303363,Type4,Medium,0
5.556153463414373,-1.2529884188530755,-0.13662662416191473,1.2402671421483302,-1.4812357116409642,-0.24083009565669783,-0.8195392530415404,1.2171575398941425,-2.0297518627337,0.2431578819023268,1.0722195084707549,0.3078534436267028,-1.9344717941994247,1.20855950091803,-2.957280986761533,Type2,High,0
6.709260388328323,0.2159513836660385,-3.0713419794808976,1.2237756326342721,0.1565204679684785,2.179049071966303,-3.280541419725189,3.292062623782093,-1.319260339172608,1.8023159074659139,2.7641543968965427,-0.2937990753099973,4.9612562341124296,-4.000077268632974,0.04081856503324022,Type1,Low,1
-10.30916131491204,3.0347715921578886,-3.5711887931238335,-3.099329820608178,1.0517516999593768,0.6646599070242495,0.16280620083512287,-1.9788305403873605,2.633081630211332,3.0816156910980217,-4.060635982313643,-0.3292318331569714,-2.0396847662359305,0.05991260494071782,1.4448834905610108,Type1,High,2
-5.778870518764783,1.7968869046580633,-1.1488749878778732,-1.7419777656216422,-1.360127618408287,-0.9562904886204683,2.4606876239021567,-2.9394047424094385,1.9220107891275164,0.2625480628360778,-0.05930216328338045,0.5141988983641826,0.8498595264130323,0.8865201775055459,0.8536594609083562,Type3,High,2
-11.439763194093098,2.3199378845508356,-3.3110263453562907,-5.932474372251058,-0.4728706620033471,2.752629796168372,2.248804309388676,-2.6212774073209166,7.153537857083532,-1.5772760603075686,-1.4715959598521946,-0.028929040364761342,2.036299055388917,4.040877725839551,0.6829130622816033,Type3,Medium,2
0.2572775992391238,3.4918848225275765,-0.49458856697889353,1.0832788048097197,0.5549715291001369,4.3503433563883895,-2.8387490301215665,2.1625171817064253,-0.5085073058793059,-3.5293196895130228,-0.4923944352360301,3.1163480330180198,-0.5573574864111531,1.8218630652462375,0.6231708533863278,Type4,Low,1
-0.2230046839395543,0.7414645314095568,-0.5621797190866222,0.47502435696483447,0.7485912982505656,2.2330883915314637,0.6217999288531755,1.98082390665381,0.873485831508183,-0.7640602429286854,0.714270828724374,0.6314334252071935,-5.274696241497756,1.4875602614984351,-1.4336027420917352,Type3,High,0
-9.009200396586477,1.7914690081463687,-1.5153918458388236,-1.1903414324247006,-0.4240004902682071,2.2314609732477106,2.067984579895266,-1.9368516409394183,-1.3466259915969154,-4.764635395830786,-1.3642669471425997,0.1714731904476285,2.2511907254297494,3.548702342712878,6.00931142542376,Type2,Medium,0
-4.661853709491011,2.9138452197101365,-4.075802472413752,-2.8872313807555487,1.9465639205096612,0.5200975065801172,2.1626701495414498,0.742967957197166,0.827094994576637,2.254097319792269,-1.0460966238717455,0.8460493484671823,-1.0945129445563095,-1.2967856518379264,-0.21192830445029098,Type4,High,0
4.534472601718392,1.97175890973804,1.0257929464164424,-0.8994300951273755,0.6995666148515437,-2.312260110844563,-0.08172930807921441,-0.4456197098216821,-2.383022846737503,1.0368726033829996,-0.12959619014640245,0.3951806195733558,3.00967176313476,-1.4328748232020536,-1.8971130469350812,Type4,High,1
-4.8212186780552795,2.2580732713852676,-2.3243520640722943,-1.2303683244329386,-1.2643676561550858,1.5531687378827268,-0.14798869935121162,-2.6225905339973563,0.4108291109475586,0.8379863071638892,-0.08892433290124768,0.819137814070018,0.24987470010964552,2.17587250585713,1.7421015940291564,Type1,High,2
0.2547370541139708,2.350967633051744,-1.0585027911082758,-0.5227421502260929,-0.061550419672321235,2.6247376159323292,-1.2402717559839573,3.5730547187936392,-0.8162506787155662,-2.0904434535535286,-1.883357090149845,0.13309136075499253,-0.7074556219947659,-0.2503983540849435,-0.20139607616416955,Type3,Medium,1
-1.8802877490767855,-2.3212994091403303,-0.2154741424206965,1.9639539169507307,-0.7021934948906061,-1.8707450491083317,0.826758674411482,-0.3290167590465325,-0.901140437005448,-0.2714665870456683,-0.6690512845574517,0.5990917671149544,-0.9147082670217215,-0.7155097590939375,1.2702038793703603,Type2,High,0
-2.886969034892852,-3.635681829332136,-1.0413719548268954,3.874675895035933,-1.9707975152931905,-4.5176829809330386,2.902655338843038,0.2868115259710238,2.14363985226687,0.608471742602406,1.0085089630693376,1.0731648175979622,-0.3887459046960555,-4.901082367164793,0.4774395687165143,Type4,High,0
-2.5135865745585653,-1.039646665009755,-1.7842087923854766,2.010432801536646,0.30549548607281285,-1.2517489424368227,0.20393323466182078,0.16834374844179878,-2.4127086952072063,-0.5171395913393596,-1.5765200788838587,0.5553281472039053,-0.6955240785946232,-0.5501981858857046,1.719649768830619,Type2,High,1
5.409519820305653,1.173533499661246,0.9904050978315017,-0.495360878835847,-0.07647062184746294,-2.6824915621111995,0.22059050081752662,-1.3953225414840285,-2.6578698396844525,0.28728471637020003,0.3327589551376192,1.7943292040583583,1.0613157217935048,1.5717390062834429,-3.8460079449398568,Type3,Medium,1
-2.1794194208801767,1.0935569206267906,-1.9013253182251648,-2.658091917949506,-0.17644091735297546,-2.9217105358696847,1.120746082442912,2.2701998839716255,-1.6893739298075117,3.918776985529555,-4.105171942696303,-2.181732230301142,2.7537591335893783,-7.055052962304748,1.391799599202444,Type3,Medium,0
1.9470323291044997,-2.332969257593819,0.13810614915383934,2.733863951717151,-1.3813128343946004,-1.9731360114878793,-1.5339750948984503,3.6631297660057562,-2.0971597608745505,2.902076583639129,-3.0021395724716613,-1.1455232195037977,-4.451469155967153,-4.887831046572822,-0.5725117923713354,Type2,High,0
-4.023372825008758,-1.083211348355909,0.8502359539792892,2.116858124809171,-0.2343103308969935,-7.944649825950384,3.5679055191963704,2.727017224302606,-2.3626832713874255,-1.7179354679229153,-6.342990159807011,-0.5217709255908219,0.6751355669388563,-7.388217893833941,0.4973772863743505,Type2,Low,2
1.4324037891654364,0.16529411025489094,-0.47557239863851597,1.6413988693517159,-0.04199385122860111,-1.4176362562855145,-0.03317764879692631,-0.5737108675461386,-0.30148046202106316,0.3997422252791152,1.3042361069398973,-0.7366109335075179,1.4764746092711443,-1.3431486686142449,-0.4679127264888785,Type1,High,1
-2.6576498831460476,3.0236606816151466,-2.5544086039634095,1.7645954910871828,-0.3627357681889285,-1.959027205492827,3.1676938131920673,1.3694198924649292,0.7849051255203066,0.356847178611692,-0.16697699412242362,-0.23739037392648654,-6.469947996432157,-1.1856311295704616,-3.628919029868109,Type1,High,0
-1.832715273007511,2.4269073645924655,-2.1285927239896734,-2.2814661462647114,0.8785620976733143,3.1885537828557156,0.4994492315234831,-1.6170860431868648,0.9422690496467655,-1.7919294472895118,1.551488777730765,-0.6963339446959711,-0.08009370385441028,5.458249468858995,-0.8123487910346718,Type1,Medium,2
-2.313223073457375,4.1426564392817085,-3.8203076484923497,1.9658479534428266,-0.16270484088582363,-0.04155684220636782,-2.132214602585189,1.1698995215191486,-2.5046659764182624,-0.2791393859497876,-2.775175815194193,-0.38385620948210336,0.762872304321379,-2.0070192959535027,0.4963756549459143,Type2,Medium,1
-0.858306911119442,2.510729445563636,-1.2667236448883903,-1.2444451066268138,-0.6550841942755501,-0.6655868333597686,0.09581836229945129,0.08187409731343231,0.6382838054711,2.0781261591268456,-0.859571624502314,0.39325373066447006,0.44973634808177443,-2.0208375328304604,-1.0450598220082454,Type4,High,0
0.571035637205583,1.3610337408761863,1.851876511573527,2.0014421967132767,-0.6268021775719514,3.0393499955390015,-2.0927768109835396,1.5768376293786042,-3.3385495002008376,-3.4769337101517896,-2.3056562975394503,0.00488574093019347,-7.040906598500283,4.771917242626022,-0.1631411482989884,Type3,Low,1
6.275329971801004,-3.436226015112405,4.922713208465257,3.0961288170315755,0.5499603250880295,-6.214061197485625,1.152791443610817,-0.5423159073259407,-1.9427329635741142,1.1968690749499147,-0.2634598347694399,1.6936067070365732,-3.582025604407036,-1.5840274538142962,-4.015098665125821,Type1,Medium,1
2.7488611844205915,-0.696594126415739,0.17284488633880923,3.161721890016828,1.150624009712789,-1.687953982732162,-2.5362649518069103,1.9806957311715268,-0.43944433517236814,0.21982942141571793,-0.7365948067835586,-0.44066917327288757,3.3798012775798263,-5.165980478426226,0.47758434836043984,Type4,High,1
-1.1751402299492162,0.08259287452446196,0.6418795437833462,0.01228461918123469,0.8708620889295472,-0.10554516573109728,-0.22325632179173527,0.4807190184921142,-4.125496891957221,-3.860314893549301,-3.90553403000748,0.8852905154238416,-1.8402028528094734,3.8500172292703168,0.35967874752077067,Type4,Low,1
0.38397800430035334,-0.41610077460954686,-0.2070312247450563,-3.6319868042383425,-0.06383348872629499,-3.5626536237634974,4.088422690443656,2.835334284356658,-4.476577637640041,3.856467880947524,-3.016962452691406,1.5053217260194849,-0.13042290092549447,-5.721574078660526,1.0960221470775542,Type4,High,0
1.008655915294238,-0.732521663455604,-1.684135895934818,-1.1836775692769743,0.5564545027571425,0.3533441480434815,2.262285407082733,-0.5130588212324196,-2.66487742772324,-0.5997148392531144,0.922211351919247,0.1994909986240912,-3.8114862877748017,5.090586496772261,-2.1535849541785974,Type1,High,0
-10.553808942908637,1.7111916162179401,-2.470155840333651,-2.9982466987544276,-0.985533841599192,-3.2465095624441247,4.323562106274245,-1.701768781814791,2.758191724337964,1.0284884765021907,-3.317537508681671,0.021414064494879037,1.5325914760052537,-2.8229910823393465,1.796385240835543,Type4,Low,2
2.783126665071203,-2.0125395397128565,-3.169133036830628,-0.7270774002539409,1.854375626896814,-1.07667216911962,3.309279016416708,0.3063199222600631,-3.7218472285782305,0.6606966546363698,1.6611963353617978,0.8420959678984358,-4.250212705179387,3.953758030445037,-3.4033560036842805,Type1,High,0
2.439340649353951,0.8930843057721793,-0.10982261034771845,0.32501252199650044,-0.5063811799298801,-0.8675514067947564,-0.8924848692673347,2.671310717759354,-1.6216441545988327,-0.9890095379915036,-1.3015488644089306,0.8957012998512331,4.426393663485793,-4.0431677310777285,0.6258545042360006,Type3,Low,1
3.2243084171241447,2.659753391465846,1.9439332711584858,-1.3976139803493925,0.38272718415568296,-4.341927524174468,1.1065050018739737,-0.29859441469635617,-2.4047982180686827,0.4840892169644462,-1.8213163934203083,0.516182362303746,4.110755988529759,-3.2096514827077707,-1.8223948839921404,Type4,Medium,1
5.034490536945323,-4.576918568641701,-0.9336056588958783,-0.3711614131102102,-0.17953174822057114,0.44040547786179063,-0.8024770404478094,2.5315420431427946,-1.9232597463397605,-1.682437634321705,-0.6367829710572114,-0.5858133052425042,-1.4251080270256569,3.5657264231156174,-3.2583198428045064,Type4,High,2
2.495482844149694,-1.1841620099979115,-1.1496318775402086,2.2439470889053,1.7130392830837224,-1.962073537396144,-1.7708318645834713,-1.955198090956138,-2.618865944099497,3.0088497466496062,1.0378749294993943,1.7978372678210017,2.146986540103655,-1.5189389736005459,0.7118455271061117,Type2,High,2
-1.259864922196166,-1.5293733805829595,-2.483071316073506,0.5264046532606241,0.9533482552360615,-3.5103440735672344,4.211236922099475,1.444407588696203,-1.953952810578395,0.30240605206867666,-0.9160231644264324,-2.0009054484548625,-4.1411197815575544,-0.6214064551175132,-2.32002756276667,Type2,Low,0
-8.520211006469783,1.9227934523821935,-1.6283514858029917,-1.6764561459330174,0.4340122162887452,-0.24849599962964214,1.6617148240579094,-1.9804272918061698,0.6901881620911555,1.7013955819446331,-2.503546259374979,1.135915929265988,-1.6192425218282023,-0.41556471772412545,2.955283737973832,Type2,High,2
-1.135061649862892,-1.175633759998097,-0.041010767388863556,-2.92277593602246,1.1536810993599962,-1.920899692886541,1.0205507406730783,-1.8718199258345125,-2.228454880917676,0.6353578419238104,-2.3269511177911992,1.3395873831156284,2.082259070821679,1.6697793543896935,0.4332978195356427,Type2,Low,2
-2.1111088674939613,1.1247205232686168,-2.723036590063357,-0.9553294691417491,-1.2676201897025425,-1.253986497852504,2.532261055980169,4.70745884539016,-1.553413320251074,2.0455244510477484,-2.8234752984042863,1.3731158418664868,-2.693814828391444,-5.672408957757496,0.11947579886015003,Type2,Medium,0
4.238073864338846,-1.5024668822772447,0.7694431351688606,2.43424268848106,1.903634270566796,1.6549249621740616,-3.4158372500951955,0.7527383751994968,-1.4048010779188151,2.276162697509442,2.29908865703762,1.8897768880133123,2.9303036307217782,-3.529010890152267,3.3451388427807487,Type2,High,1
-1.137644660482941,0.48014783346380496,-1.6755611325846953,-1.753071498661635,0.7544597233303035,-3.7024617866818548,2.338835874823011,2.467084710669125,-2.9229072476182965,2.9295270439026915,-3.5161174274964755,-0.5355419832670971,1.1298856861735658,-6.067218652610271,0.5791262390606544,Type1,Low,0
-2.007058661035011,2.1230341588379478,-1.874016619006503,2.526598796659278,-0.8831825694815804,1.0032205869766044,-1.5239299831569144,0.9787547233077853,-3.844008766197228,-1.5890597093384602,-2.370643892450445,-0.07376044127238657,-2.8664377324030865,1.0057284512049713,1.3968494310898554,Type4,Low,1
-5.210536300451348,-1.522032742376262,0.48960005778477145,-0.4159900140608248,0.41111414131397833,-3.6183923736139327,3.8396143578833044,-5.021314934789375,0.2679229547229268,0.8353317403157525,0.7955433871625914,0.752014046061744,0.7861230466105854,1.1636986704664143,2.0272955461867,Type3,Low,2
-3.0614319451064507,-1.1027732750691304,0.5000804390221678,0.43645449612059606,1.2540693356235542,-2.22168023137751,0.8300780505715257,0.7534048386757562,-0.5414071844428259,-0.4135384551778244,-3.2461154752039305,0.5018679368358924,-0.978435648819541,-1.8550040689763376,0.9223322264549866,Type4,Low,2
2.12926003797102,2.183934360385227,1.773014798805458,0.3162663488382822,0.40090921462191054,0.25400252978009236,-0.6709656143197025,-1.887418942330303,-1.6260211338656552,0.9929821389497631,1.3655265849736677,-1.046344934756216,0.04101789996501448,0.6125369932312443,0.4621829466657228,Type1,Low,2
2.348696889046189,-3.2055996764602424,3.190907975474298,1.855708922312584,-1.5246540564912776,-2.3864262286078657,-1.0970500859632102,-0.27829256836913796,0.44968650175295655,-2.141366825494436,-1.1649222960439076,-0.04415809479126799,0.952475264748583,0.3732195444022402,-1.2201151608561012,Type2,Low,0
1.4079054740047567,0.17392376856618275,1.6838982858285274,-3.4021217475305465,-0.9329005921963099,1.3366977687806711,1.4715923799728827,-2.6549030999331897,-6.085211144581934,-2.95836782345929,-0.9044555223302735,-0.13405234631160148,-1.7867388146819345,9.10969874135668,0.20235332518776605,Type1,High,2
-0.6278861560372855,0.11465887442650569,-3.0574802725076102,1.5614396299348428,0.959716177831136,2.2460785047554293,-1.2438910447870006,0.253882207125981,-0.005763413058145539,1.901374599570087,2.3853215982969296,0.5638532050609941,0.4774727639672969,-1.3731289678555225,2.233879776720193,Type3,Low,1
11.473874275866544,-2.128016034876958,1.426941391510606,1.301213374978453,0.6358903997329355,-1.1760727904637458,-0.9647394122558146,0.2652127075815921,-4.106652929409577,3.190294767805613,3.750717005306884,1.2741652805932968,-1.427276761848172,0.5128810912204437,-3.7687364342031446,Type3,Medium,1
1.6377800040574158,-2.1583747769890826,3.0873185615081438,2.926169857571353,-1.8969873104990196,-9.974235871927084,3.7994149587903303,0.18642455382847567,0.7456233456152932,2.7414105881740207,-0.5623060079584088,1.2033619835581906,3.986267439386118,-10.957888029475487,-0.9103787873443092,Type2,Low,2
-2.469566834568333,-0.4966275762759089,1.0220437928955532,-1.2247378457359193,-1.7949799017233223,3.72772187390261,0.19654531081358662,3.1830006904030115,3.9881357429543165,-1.062374524557772,0.14390725980094476,-1.0586419707854662,-1.6153759666747163,-1.498361377785464,1.8858340473824469,Type3,High,1
0.5922312570268659,-2.445334540401203,-0.3981324437930426,-0.2866724226912414,0.22427828109070927,0.2611102996949319,1.2488508354374124,2.9993585431808056,-1.216488126627815,1.8289238237173353,0.06388310318348256,-0.738144068839076,-1.1309460900210753,-3.5379933378447763,2.0283948675924455,Type3,Medium,0
0.9673508873729102,3.547396178299203,0.3532837754049756,-0.0059675217046593065,-0.7263569146901417,2.18872216038695,-1.0303158102709955,3.2910810909400694,-0.8988486194418102,-3.1284454687535783,-1.956110023993824,0.2950628637323551,-1.8897290772262905,0.5065381319889055,-1.2938148852016793,Type3,Medium,1
6.054167433806262,-2.7650043661123482,-1.6124155015767103,2.4138206911035063,-0.08954811551035001,7.19640335070834,-6.211687811516808,-1.537785142700233,2.755885788297749,6.1774642845750485,8.409519172550194,2.587282570423211,0.4374435991680915,0.5928408327251231,2.4815210283416578,Type3,High,1
-4.054171247167041,-1.216885781987734,-0.8829817864208526,1.2870989047021424,-0.8275086725243231,-0.8642677746762457,0.6872890187770935,-0.007863177300820423,-0.14747291231074366,0.44533267356917094,-1.6707628188227046,1.1331854140725077,-3.1147764081773985,-0.48594873542437145,1.2509573798975073,Type3,Medium,0
7.9183308746411765,-1.7627761471744954,-0.10539307012910393,1.7696878730960548,-1.6057171781206176,-1.3449751759177042,-1.2558313719992893,2.0976366150674615,-1.1156983249726335,3.2185837509846706,2.763397918769461,-1.689606820338274,1.973615195387148,-4.572352081561888,-1.7855966097275837,Type2,Low,1
1.322559958900176,-0.15849266429055675,2.839397763188158,-0.1325916236441551,-1.210715799577454,0.6535516884997713,-0.6471959399266594,-1.5195748451898554,-0.3363007900792264,-0.26495965936919963,0.5731370182107608,-1.804172654594719,-0.7770108589799538,1.9920800804902978,0.4789603484936029,Type1,High,1
-2.326088334389729,1.8704256706630888,-4.791156141212665,3.271246665710045,0.15676069843512577,0.3106409939855279,0.20997665278083177,3.095642511941506,-0.8820678055644534,1.4086062954178717,0.902756633597898,0.021963265549925524,0.5710736310360254,-6.311508102422757,2.626544669701971,Type1,Medium,1
-2.9773417772544777,1.3766195409959296,-1.128468281592308,-0.7017778041136475,0.49122149136359294,0.895174756456394,0.24857243092569692,4.112699141513434,1.9708757341056673,1.3966777888251496,-2.2432642188814853,1.734959576768841,-1.3287611097969079,-5.541586299878869,1.1007566085522034,Type1,Medium,2
-5.931397848609601,1.3969894428539635,-2.955761413231323,-3.771472372458094,-0.6422684913108627,1.5407142145178974,1.4202637637423963,-2.009928494489321,1.9313862731168356,-1.3747616754585503,-0.39718159478841597,-1.498824913895362,4.137406518200578,2.668142353491086,1.7007269999786574,Type2,Low,2
1.928862900056729,1.3641712088042488,-3.329619910638766,1.3754487898306729,0.5820470805774158,1.6950095564228973,1.667474129722625,3.058872440553729,1.7973988877460716,1.2692694308119465,4.552533702312211,0.8083674300579229,-1.1855477055841215,-3.30618560650033,-1.1793272947068796,Type3,High,1
-5.272097129922039,0.010737562017057,-1.7782512423527965,-0.7988351647776258,-1.5850594349340394,-2.438167556113962,4.401195931233191,0.933965793011474,1.7275380774699354,0.9343551924833956,-0.7846344603308645,-1.2458245631239084,-1.743629007874055,-3.261241029144635,0.23769663601124957,Type3,Medium,0
1.845417562081956,-2.108317731437036,-0.6586472483962011,3.9845408767368102,-0.1890782078648715,-4.71481095142401,-1.518962453030218,1.4057764993640993,-0.827212331779658,0.7515932766583284,-2.7937478824246464,-0.23498348204406258,-1.0167493082278185,-3.519243055248194,-3.0444256518820803,Type2,High,1
-1.1042016571901956,2.1338172555666977,-1.9646084881388335,-1.167572243692622,0.047681367386169,-0.11997283539726196,-0.9942911223393686,1.0484833417018373,-2.646674778503355,-0.7069224261569917,-3.6316022283876834,-0.03302374637691856,0.6612356496757816,0.41538728785477047,-0.42046734213764414,Type3,High,1
-0.7327745831084138,0.39437853667485023,0.1900183166531515,-1.765545669837611,-1.2323435923307713,-1.546403600025064,3.4860928113899687,0.27167101106407476,-1.9682020475150936,0.16646961733992793,-0.6403784650321459,0.06334792764511184,-2.2150692017962674,0.3486136971762795,-0.5122865681356157,Type1,High,0
-0.7623434429238977,-0.9580417256325999,-1.6498086515341353,2.7657016563797665,0.18850928443364504,-1.3464853713327767,2.6552248227917126,3.5271275332549035,0.9190642678185574,1.1051175020476003,1.6092003666922512,1.0887936331305388,-2.143616688661326,-6.08856123165459,0.6874973772753649,Type4,High,1
-0.4142600259975281,1.718471778605946,-2.093224010629455,-1.3443990686059761,0.3363673927668584,-0.14939749294842558,0.30785231904397514,0.5223266545014709,-0.10724181808517119,2.2984565405320345,-0.6125293705313795,0.35263009484274094,-0.889113271091562,-1.0423323395678876,-1.3518990855735826,Type1,High,0
-2.751465964568937,-1.075633813717348,-0.9323711676059556,0.21465835141913558,-1.3549727707134436,-0.15221218654406116,1.9447889892203047,0.9131087243621108,-2.3861009354250666,-1.1435303258508362,-1.4903961634586516,-0.9443595905453981,-3.3542728327148494,1.2257063361805434,1.2797227601789523,Type3,Low,2
0.6218502399896039,0.3832515586879154,1.4092200305212477,0.145164868319283,0.33701537860137293,-1.3054606450916972,1.68649124563905,-1.1865033231640942,1.0639117192899756,-0.3580144030806298,1.635503858910472,-1.729543797366763,0.1351689019445358,0.07315041706628514,-0.9688989773421572,Type3,Medium,2
-0.28877649656353177,2.2699008588503,-2.447070650292556,-0.8352407502356141,-1.41589273706644,-0.8502328231973874,-0.554420428732779,0.31722871921796325,-1.0348607955714872,0.9820973012061024,-1.6397696063650962,0.0038659348320997764,1.4750243181286007,-1.0234135762575642,-1.2790239624912632,Type4,Medium,0
3.253351032607224,-0.5360148434623095,2.8098218771538273,0.3012763609474921,-0.5658074612354137,-2.4555521293549583,-0.0026917478697805475,-0.9445592204194184,-0.10250259540444662,2.6462193935311418,1.038462944332899,0.7839703262379905,2.175582673020032,-3.6220063778322835,0.22305928087714855,Type3,Medium,1
-0.3326976141066935,-3.040870409134019,0.016596781415634254,0.5496422908863234,-0.7174530724418777,0.6608995911781115,2.5476123325897295,3.323858963935118,0.2552389029122242,-0.8081027152037286,1.0810407161649707,-0.5493574316760487,-2.2780049205349417,-2.0355930094911265,1.5671232821878445,Type2,Medium,2
2.035823962640007,-3.486329554409653,0.5621683756158524,4.025824537866663,0.16772404963795876,-2.9256312395626614,-1.191083952203082,2.314547169295492,-2.533608239415435,2.03732275225624,-1.6228546890062603,0.8154893322996768,-1.6865659056813553,-5.194660867040335,1.077197249913807,Type1,High,0
0.7787207292981118,4.760859758444434,-1.3890982357328472,0.36899675913757957,2.361004937000359,6.140245255951159,-3.7504470052521928,1.474457876388678,-1.893495359907516,-3.4267497815505834,0.18571724553804625,0.528005288197053,0.36715391101129,3.4989930089288954,1.4785420377586538,Type4,Medium,1
-2.2782906890370187,0.001024376610360589,-0.11574708448739257,1.0025956738418853,0.8197720347515387,-5.0826042129224245,1.755545925738791,-1.0594757697790635,-1.2753509388136983,2.7907498337243695,-1.6635728871291056,-0.6809353889494114,2.1377226251931574,-5.668453055934441,1.508664985712456,Type4,Medium,2
-4.513771516279844,0.8925551682178784,-1.4595628448545928,-0.945265577369866,-1.6548767888540477,-1.1682091287574414,1.646901291865113,2.9474650381884664,-0.04673407659527562,-0.0019077255350217204,-3.5389744955068445,-0.8188703195614008,0.361478442014991,-4.652917803304153,1.7950359997239227,Type3,High,0
7.154799549011739,0.5724798426866169,2.0066924736655043,-1.3229695065402116,1.9839537876147846,-4.748129768076238,1.7443198410661354,0.9032067832331601,-2.4160496436756675,0.6893789196817419,-1.1393898261304587,-1.0406614386642201,-0.66089763033839,-0.5329630191897421,-6.449990171354177,Type4,Medium,1
0.008455594226770011,4.184178553440157,0.6107289801718105,-2.490042342623293,0.5717682629720083,-4.144145858076935,1.6351261124802186,0.48614336523238977,-3.57635180395435,2.762795497534097,-4.059758064381221,-1.1556261225154958,1.4198018758410291,-4.811615911581343,-0.6053903890916293,Type2,High,0
4.175061104617851,-1.418419898452386,1.227801505189708,1.4344760813668562,0.8414324167727243,-5.835945003609212,0.8728792913828234,2.535107696841732,0.33146245318249434,0.013263132632366559,-2.107252283719483,-0.0986719333870818,1.5226119909921199,-5.16821745450749,-4.522407763823361,Type2,High,1
1.7487270294682578,0.8211339856087456,-1.27282914908509,-0.9015391033306117,0.28879285518669384,1.381181088971863,-0.3132063426380619,3.2103841083364735,1.7611975042405033,1.5724350126079019,0.5590274697361077,-0.10668905166339439,-0.16796876301514574,-3.1722521903017276,-1.2638833356170496,Type3,High,1
-9.68226565225285,0.5643038371507346,-4.601731914757014,-2.2292917521275872,-0.0441357761681578,0.34498363036439733,0.8384343730359102,-0.8604428112569645,1.6946987165748544,1.4116839018295642,-3.4210625063017144,-0.28698991746008123,-0.04512841846907856,-0.24691145141550289,2.435966942392583,Type2,Medium,2
5.397456440694367,0.6494277781866773,-1.4083624204343055,-0.7085646748544376,1.1588421569987246,2.132347243127205,-1.3380318483188889,0.6290687476277311,-0.5892670630938368,2.513306695903502,3.7922327902941584,1.2705806052553272,3.1153122942225813,-1.2563381012762698,-0.1570323001331254,Type1,Low,1
-3.9495197447128882,1.469301542106137,-1.0653852038707352,1.5466791607104344,-0.6808915732198839,0.3386301103125693,-0.3995091914829134,1.5234542740473183,3.0827896065017866,-0.8901106824304317,-1.5638301535817574,0.3703444894493176,-2.4716129312553052,-1.6669121765375583,-0.6379604986117731,Type1,Medium,0
0.7428131918681931,0.10386775661586967,2.502599535384262,-2.225941900400878,-0.2054727676329154,-4.365050540477026,4.4940350040705015,2.0155911779896853,-4.781266803646076,0.8011870797328683,-3.155073621111761,-0.5840597304344906,-0.8518714331895214,-3.9873562260749575,0.7090159953968567,Type1,Medium,0
3.1373211505467027,-0.6509160142184898,-1.3577540611603607,2.2081911008952133,0.5284041345903148,1.2005812688542725,-4.153819074076288,1.729062108866914,0.12303411092139216,0.8385347524075699,0.39288336573695826,1.2306017792654174,3.6879540869237886,-3.070274643024513,0.7250161664702177,Type1,Low,1
-0.36932955877499046,-1.6799185553918021,-0.8917009162488527,3.8321863450641116,-2.2847766357465473,-3.4189492046745595,0.7942445498220335,2.1040241458827613,-0.8330509323941435,-0.8956096129848621,-1.4431282899916662,-1.032446589776108,-1.5683400801017948,-3.4404765530863677,-0.8715257764168793,Type3,High,0
-2.431461065975732,0.4317182510166435,-1.0225341964651307,-2.1356246504195333,0.9517248450020626,2.9538076160066473,1.4508228682048274,2.7993940208519152,1.6976533700708538,1.5286062331432264,0.7300518217026235,-2.1593310849558507,-1.0142879587569062,-2.912000824243832,2.607264746596636,Type4,Medium,2
-3.0235571215633392,0.24751733465327153,-2.1323269485763965,1.2730418619545114,-1.317777837929614,-3.9083933084874616,0.1791014365881367,-1.218031617851499,0.33337727697600206,3.896791398552811,-1.633442790645848,1.583952166671473,0.7649298485178634,-4.658733030042719,0.10830676212092072,Type3,Medium,2
-1.723401491622459,0.353408521680347,0.7525574863482787,0.16402046482296384,-0.6645732138166578,1.6021460852115883,0.0010764141608345934,1.2806460671208304,2.3614336439574406,-2.7389225127247574,-0.4472314492395443,-0.19687274516305378,-1.2606881559442686,0.9780509522111772,-0.21693659654023834,Type3,High,1
-3.1606305307176004,-0.5195222865422011,0.37097687275790747,0.7390670913758506,-0.5022926700770772,-2.7539228656348245,1.2345523071136526,-3.0626595546854234,-1.1931097789243799,2.128825168313063,0.14159314504164167,2.147533132779986,2.6350288369233716,-2.6089354187831946,3.7265697578749415,Type2,Low,2
-3.2127304931443463,1.7691946236503835,-0.6081438013692899,-1.470519525379412,-0.2951100110734545,1.1225734724148204,0.4448043273328163,1.299081693692601,2.1432129838583043,0.6549422434338337,-0.9929906331562791,0.540006104902134,0.09666925812077554,-2.3931487458142087,1.1165414002830105,Type4,High,0
5.957470764867983,1.4468895257889383,1.8471859286069,0.12609679504464977,1.0613960432687646,-4.479702103184734,0.3341460498844371,-0.5513370956239292,-3.4789692748322514,0.9606547106502773,-0.8410287598379886,-1.2513770301250424,1.7302600104709036,-1.5159446537677994,-3.538887620060106,Type4,Low,1
1.7811461812607883,-1.2419711261469348,2.647833661863639,0.8861502010943691,1.197402611398549,-1.05373168643717,0.6870292345634332,2.590841261484821,-2.0397894093153086,-3.4830818313160288,-2.34009701707768,1.7670086266347913,-2.0354547242833063,0.3299923655883617,-0.7576320908504475,Type4,Low,2
-6.298548764565916,0.6325320838336086,-2.7597522169490656,-1.1143069379862507,0.35300781263293396,-4.312326907225507,1.6438091219421858,2.4374208405974374,4.627196825856213,2.808610802305575,-4.751930150756123,-0.14208025228912144,0.4554288492141989,-7.625661559465688,-1.8728027993296896,Type3,Medium,2
-3.137589771316613,0.5197521392056526,-2.1551659929296134,-0.8244040388392428,-1.9294165260099934,2.355699412884969,-0.24644366936442985,0.9273967052352428,-1.896564529821706,-0.9811622317121623,-2.066179134514082,-0.5722211582742949,-3.0551763625848833,2.8294750340664905,1.1348591171467428,Type1,Medium,0
1.059516031696502,2.4678364205411936,-2.0778010566098173,-1.3782533638162597,1.679199664937084,-0.7342845670790669,0.4272713946401909,4.566043621993838,-2.84869160954673,0.8430917800434763,-3.0080089715563774,-0.10226078706942304,1.4537517352631633,-5.2390281638849165,-0.06947978965987356,Type1,High,1
0.9630092897866898,-0.31788467752469507,3.244365493222599,0.3433938869479768,1.4581998588132654,-4.467382670660802,0.7799462566688669,-1.0876677139263329,0.16961091773386783,-0.20568080160485347,-1.9413830839093698,-0.05781160271659436,1.3690644709515891,-1.9843941506741658,-1.6046813173369854,Type2,Low,1
-0.4653998157153435,-1.6383610295180056,0.2598886851944284,0.36341583932458954,0.06630707912943543,0.78362524185502,0.23413033247776516,1.9320405666554907,-4.723097803755122,1.7943897515654919,-1.2310410892037045,0.21258171274776771,-1.5525481232909697,-2.70261327539269,4.973024036714467,Type3,Medium,0
7.081613881769209,-5.288400558989706,2.1650437448821607,2.654363688515029,-0.0018915645958175076,-3.7011482260954955,3.039077154111415,2.8734021084222743,-2.092494131979718,2.8021776792578157,3.4072617854111877,0.0009876591590119842,-1.7170691442515356,-5.737693758098778,-0.5169332041306223,Type3,Low,0
2.990976809549819,-3.231670345605873,1.7637749471914894,1.6077352193168246,0.025649549189097978,-7.25325035496175,4.315083472257617,4.797099955645322,-3.612747717550258,-2.8710319014155106,-4.148373193842652,0.004715960917291302,-1.511134576033323,-4.574655030068169,-3.354718506360152,Type3,High,2
0.37380195184611265,3.0142410258750303,2.273324513718336,-0.44961790487724784,-1.541251424037345,-3.403349892033772,1.034746544437325,0.6176208588860705,-1.8218568704484162,1.221495688099304,-2.993003088694877,-0.9923101616359873,-0.504408149154175,-3.921789438234902,-0.8333128470626618,Type4,High,0
-7.253681090727619,0.5070460150452496,-3.055924944505087,-2.627332253724343,0.6775424065583061,-1.8324482175953538,2.9159293767424233,-2.1342578010981783,1.8069482768982241,0.07544753542414995,-1.459391008981301,-0.23843873623169146,3.160704787458195,-0.14939552559280242,1.2718477727060722,Type3,Low,2
14.023931133507087,-0.08192910333821757,-2.577527776200121,-1.9534127866255955,0.5757492183166991,0.4876790297980273,-0.8658453890087634,4.03537552204798,-4.420309233046692,2.9944063968010166,3.164621855993367,-0.6070594848347454,0.7778704732639401,-0.004558557716447268,-6.810456906231373,Type3,High,1
2.825192165695225,0.6384919068311439,1.9125535271502008,-3.9630979456903512,1.403770260315929,4.239178428833905,-0.027070485326285976,0.2723848462837075,-2.672004351562017,-2.156531601436079,0.2047266747045553,0.04209273412478242,-1.5015256650588102,6.337150970727401,0.10953686932558226,Type2,Medium,2
-2.368154424309472,2.6043960463708196,-1.7443687161662136,2.7059695373553385,-1.346007271613347,4.310799009037586,-1.6205090246973715,0.5528524116686105,-2.016183471631791,-4.187982620825707,-0.10941476068310318,-1.1206340352036939,-5.000416157789905,5.430490596195199,0.8692450579367694,Type3,High,1
-2.3042988205562076,-0.8072950226846305,-1.7212963342370244,-2.8836002806899383,-0.6062812488493281,-0.6731844030653508,1.412846716758485,-1.6268652243275095,-3.0770504975184774,0.6102163566587269,-1.9631772050007832,0.49518044084861923,0.3555257801803855,2.9351662680070683,0.895221364484285,Type4,Medium,2
0.4642137673057931,3.30584545206352,0.13285888968143378,-2.585481972203826,0.756907721993194,4.3729167744208315,-4.863637250315537,1.318638584658929,-2.509117566738755,-1.2364653018890492,-4.452957520779945,-0.5318919353374066,0.11484006166212324,3.270103043604337,0.5492634651362809,Type3,Low,1
0.1412408439302117,1.1283013998345777,-1.9896384949171575,2.949284398549403,-0.2258958337622229,2.3725830367425456,0.14529790552178157,1.7053959339075744,0.3107798151413932,-1.637376651969468,2.8737098675602937,-0.8433418293973327,-2.2689076220587197,0.10997345590184723,0.28309282247225487,Type1,Medium,1
5.523166741515569,-1.4210359430244592,2.365314456633512,-3.594420471003316,0.887954245206013,0.31061066304618523,0.004562992879923233,-1.9815654468750608,-6.347176369424026,-3.368045114530968,-1.8630944733582675,0.09918469385955905,-1.3251530282950923,10.273836384657184,-3.07557283504629,Type3,High,2
-0.12416086284430752,-2.6871944097993947,-1.2761274212064238,-0.7146464841511431,-0.7597462710585984,0.34577946144974003,0.8779087042312911,0.8046822021696224,-0.6504736209245652,0.8955296583580266,-0.24041789736095576,0.561398746391748,-3.1106209573964443,1.627857423336459,-0.6885269894454835,Type3,Medium,2
4.37794672844844,-0.48342739274431534,2.4844084386245004,1.0364579304477606,1.419062512392482,-3.6986799618176573,-0.7105796557474557,0.023631422063913554,-2.7582843164821895,-0.892698891499891,-2.2444568083828718,-0.8699889808563954,0.6655196116033316,-0.294609747075697,-2.7302774804784447,Type3,Low,1
-3.9592161978899587,3.4679409028210357,1.0909940546565404,-3.555621987400933,-0.7407446188890449,3.8418126241845765,0.6535779162170473,-2.741616502462489,-0.5055650020250215,-1.1775094557347163,0.3818977159612038,-0.2953573526881948,0.48943199354659284,4.3722105700736265,3.5681329141956213,Type2,High,2
-1.2474036742994885,0.24999246511850748,-1.9129312387935982,1.7845671431453605,-0.830805904848733,-0.5530813524686697,-0.1838766900572506,2.6876007921803735,-1.9179103622194318,-1.7915900213174423,-2.6184069058242656,-0.19706750261046374,-1.7746856287820414,-0.9969811785501201,-0.2724321486374124,Type2,Low,0
4.688981449938965,0.348443359099029,3.4239475390381067,-0.24154110192447864,-0.5165045943795326,-4.777990476665681,0.5146736609011668,-2.580602585325957,-1.2726667761977888,2.4158977889770776,-0.24696853294551002,0.3365757840157911,0.2811187688781165,-0.6970630489616838,-3.5788792010268065,Type3,Low,1
5.236780023704062,0.5274435533439698,1.8060681434898025,1.395646312466741,-0.07625629631593005,-0.2542501782045886,-1.366317557194548,1.1948685475675302,-2.18784629328258,-1.1557017882592229,0.04347200926697048,2.0506786733272984,-0.7776758010545322,0.491230615143379,-2.038306219888343,Type1,Medium,1
6.450396441828274,-1.2776747141737788,2.639005090111623,0.27458103634951636,0.4465167667113189,-2.8717554564646983,1.0280698455916748,0.31991788151200995,-1.8418621687272214,1.9672837180772493,1.3592541391799322,0.7910505554403641,-0.5970933749830198,-1.7271676759538994,-2.576312937563148,Type3,Medium,1
1.5407795142160292,-3.1866154314475255,1.2396627817883055,-1.091331004819706,0.9227542183548245,0.12953893276272488,-0.25248041248228037,-1.0778086285082562,-0.6147508137026786,-0.15944392115266048,-0.1580316351346469,-0.5289639871483915,-0.9985971148685681,3.562004487173241,-0.7092321448475276,Type1,High,2
2.157537395730538,5.678236506172887,-0.8077309693145804,0.2026542758899904,-0.7779752322371035,3.563479592810644,-3.0508904965111134,3.349633680377523,-1.905764331220848,-3.0048693039340812,-1.7581254948315768,-0.4780441708839296,0.1782941924971011,0.3705111754511775,-0.9099328102085271,Type2,Low,1
2.340218964635815,2.2214945186143726,-0.6115590888833327,2.5333062286191375,0.4222831295033616,1.9051616564916127,-1.902966471001628,1.4137469512598435,-1.0604775705394414,-1.1343444333145927,1.0663669522197012,-1.0491046458767084,-1.5654956247444463,0.23529861688211706,-0.6466509447107569,Type2,Low,1
-3.193786953076231,-0.043900117958483253,-0.17038574474727575,1.1856439410786908,0.9374107795401669,-2.4403696092388656,-1.0523274912754121,-1.2944401230190263,-4.512046430684656,-1.463533393800407,-5.32111398738531,0.022915988438130808,-1.4207289232387654,2.024381924474584,0.9438619425703535,Type3,Low,1
6.863386452793231,-0.7808419014388212,1.3192935245798498,0.32048961260174846,0.564514442494071,-2.6096648118833814,0.3805662861661885,0.6275872329224412,-2.0943477890410223,1.8788496647798276,1.352865163102244,-0.9714339279224332,0.6589407720493614,-1.837263624179896,-2.9091127740205707,Type2,Medium,1
5.7570010261915465,-2.502223201395382,1.4042340197837067,3.6516655058520824,-0.8836169076746739,-6.666088429911271,-0.5315236743386804,0.3150126837478787,0.020969222851041858,1.5255696495535456,-0.8890361148699144,0.11577424605554125,-0.4231147583106465,-3.53142454162701,-5.781786501833472,Type1,Low,1
-5.007756959375513,3.5138649234702335,-3.244318015830303,-6.711745499062443,-1.4484461823214034,-0.2952815139876984,2.517206233486779,3.219986683104103,-1.8782912665318245,5.016640733003792,-4.598366836637677,0.4792416198545909,3.5195526141457067,-7.57639646090458,3.7098151103217525,Type2,Medium,0
-1.4206147140550225,2.5822438884184877,-1.9752973627417691,-0.40556780469420584,-0.21057796153695102,3.3890379119126552,-1.3881654336040845,0.5311468571503375,-0.4861061148446222,0.05417328657191989,0.09686667962436979,0.22612303854827148,-1.259112891090096,1.3837653550476472,1.0409238022763427,Type1,Medium,2
3.0693339980112335,0.9690686330393392,-1.557887020395131,-1.9085238371316025,0.7486170320494442,3.3911509026986963,-0.8852218231777932,2.889428262304869,-0.3425853647695718,-0.6939731108181497,1.4825272354624508,-0.7481294701478486,3.530075953215112,-0.796469182713095,0.6613954565414517,Type4,Low,1
4.331838569189462,-2.5800634363056334,0.36544647001874386,2.601248093079363,-0.6186476305939604,3.2629227707716124,-3.436323224214643,1.1444778825539175,0.19051094706260785,2.125084734332507,3.5214218452217683,0.2935661338945634,0.21660403683005358,-1.6211777483873855,2.291067817803049,Type2,Medium,1
4.170567487037035,3.5054485863346647,-2.497592684145123,-1.9409188808606417,-1.3123094719895705,-0.6830348493603215,-0.2560396249576561,2.6868742987842866,-1.4137981896723035,-0.14500339153114017,-0.48312123887565783,-1.032549035304391,5.4431272005425555,-3.0110394848617386,-2.6286513512392498,Type2,High,1
0.7618264653518243,-0.6553669430483635,-0.5509879488394878,-4.3417700111183155,-0.5768090141988949,2.8076512776333784,0.580884406061227,-1.9927720186971416,-3.3810072922819314,-0.05511645114871033,0.1952119517212325,-1.0638496309927965,-1.0644392038042845,7.260652903847302,0.33669905839957304,Type3,High,2
